-
.
.-
_
__
___
.0
_0
0
.0.0
.00
00
.000
000
0000
0001
0002
0003
0004
0005
0006
0007
0008
0009
.001
0-0-1
001
0010
0011
0012
002
0020
003
0032
004
005
006
0067
007
008
.00.8169
009
00-backup
00-cache
00-img
00-inc
00-mp
00-ps
00test
.0.1
.01
0-1
01
0-10
010
0100
0101
01_02
0102
0103
0104
0106
0107
0109
0-11
011
0111
0117
0-12
012
013
014
.01.4511
015
016
018
019
.0.2
.02
0-2
02
020
0200
0205
0-21
.025
027
028
029
.0.3
.03
0-3
03
030
0304
032
034
035
036
.0.4
.04
0-4
04
0405
.0.5
.05
0-5
05
0506
052
0594wm
05_Gateway
.06
0-6
06
0607
063
.07
07
0708
.075
.077
.0.8
.08
08
0809
0820
.083
.09
0-9
09
0910
.0.html
0-NEWSTORE
.0.pdf
.0-to1.2.php
0x
.1
_1
1
.1.0
.10
1_0
10
100
1000
10000
10001
10006
1001
1002
10028
1003
10032
1004
1005
10052
10056
1006
1007
1008
1009
101
1010
10107
1011
1012
10121
10127
1013
10134
10136
10138
10139
1014
1015
10151
1016
10165
1017
1018
1019
10191
102
1020
10200
10202
10204
10206
1021
10214
10215
1022
1023
1024
10244
1025
10250
10253
10254
10255
10256
10257
1026
10266
1027
10278
10279
1028
10280
10281
10282
10283
10284
10285
10286
10287
1029
10291
10294
10295
10296
103
1030
10300
10301
10302
10306
10307
10308
10309
1031
10310
10314
10317
1032
10320
10321
10323
10324
10325
10327
1033
10331
10335
10336
10337
1034
10340
10341
10342
10343
10344
10345
1035
10350
10351
10354
1036
10363
1037
10370
10371
10373
1038
10380
10389
1039
10391
10392
10393
10394
10395
10396
10397
10398
10399
104
1040
10400
10401
10406
10407
10408
10409
1041
10410
10411
10412
10413
10414
10415
10416
10417
10418
10419
1042
10420
10421
10422
10423
10427
10428
1043
10432
10434
10436
1044
10445
10446
10447
10449
1045
10450
10451
1046
10467
1047
10472
1048
1049
105
1050
1051
10512
1052
1053
10530
10533
1054
1055
10553
1056
1057
10573
1058
1059
10599
106
1060
10603
10604
10605
1061
10616
10617
1062
10622
1063
10631
10632
10636
10638
10639
1064
10640
10649
1065
10652
10653
10657
1066
10664
10668
10669
1067
10675
1068
1069
107
1070
1071
1072
1073
1074
10748
1075
1076
1077
10774
10776
1078
10780
10782
10783
1079
10794
108
1080
10808
1081
1082
1083
1084
10846
1085
1086
1087
1088
1089
10897
109
1090
10902
10905
1091
1092
10923
1093
1094
1095
1096
1097
1098
1099
.10.html
10_Logon
10years
.1.1
.11
1-1
1_1
11
110
1100
1101
1102
1103
1104
1105
1106
1107
11071
11072
1108
1109
111
1110
11100
11106
1111
11111
11112
11117
1112
11120
1113
1114
1115
1116
1117
1118
11186
1119
.112
112
1120
1121
1122
11220
1123
1124
1125
1126
11265
1127
11279
1128
11280
1129
113
1130
1131
1132
1133
1134
11346
1135
1136
1137
1138
1139
114
1140
1141
1142
1143
1144
1145
1146
1147
11477
1148
1149
115
1150
11506
1151
1152
1153
1154
1155
1156
1157
1158
1159
116
1160
1161
1162
1163
1164
1165
1166
1167
1168
1169
117
1170
1171
11716
1172
11720
1173
1174
1175
1176
1177
1178
1179
118
1180
1181
1182
1183
1184
1185
1186
11861
1187
1188
1189
119
1190
1191
1192
1193
1194
1195
1196
1197
1198
1199
11b
.11.html
.1.2
.12
12
120
1200
1201
12012
1202
1203
12035
1204
1205
1206
12064
12067
1207
1208
12088
1209
121
1210
1211
1212
1213
12131
1214
12149
1215
1216
12160
1217
1218
1219
122
1220
1221
12213
1222
12224
12226
1223
1224
1225
1226
1227
1228
1229
123
1230
1231
1232
1233
1234
12343
12345
123456
1235
12352
1236
1237
1238
12382
1239
123flashchat
124
1240
1241
1242
1243
1244
12442
1245
1246
12467
12468
1247
12474
12479
1248
1249
.125
125
1250
12503
12507
12508
1251
12517
1252
1253
1254
12545
1255
1256
1257
1258
12580
1259
126
1260
1261
12610
1262
1263
12634
1264
12648
1265
1266
1267
1268
1269
127
1270
1271
1272
12728
1273
1274
12742
12745
1275
1276
1277
1278
1279
128
1280
12804
12805
1281
12810
1282
1283
1284
1285
1286
1287
12874
1288
12883
1289
129
1290
1291
1292
1293
12936
1294
1295
12952
1296
1297
1298
1299
12all
12b
12xyz34
.1.3
.13
1-3
13
130
1300
13008
13009
1301
1302
13021
1303
13037
1304
13042
1305
1306
1307
13074
1308
1309
13097
.131
131
1310
1311
1312
13127
1313
13136
13137
1314
13145
1315
1316
1317
1318
13183
1319
132
1320
1321
1322
1323
1324
13248
1325
1326
1327
1328
1329
.133
133
1330
1331
1332
13327
1333
13335
1334
1335
1336
1337
1338
1339
.134
134
1340
1341
1342
1343
13439
1344
1345
13458
1346
13467
1347
13470
1348
1349
13496
13499
135
1350
13502
1351
1352
13529
1353
1354
13545
1355
13550
13551
13554
1356
1357
1358
1359
13598
136
1360
13600
1361
13613
13615
13619
1362
13620
13626
13627
1363
1364
1365
13651
1366
13663
13665
13667
1367
13673
13674
13678
1368
13682
1369
13691
13698
137
1370
1371
13718
1372
13721
13723
13724
13726
13728
1373
13730
13732
13734
13735
13739
1374
1375
13752
1376
13765
13768
1377
13770
13771
13774
13777
13778
1378
13788
13789
1379
138
1380
1381
1382
13828
1383
13832
13833
1384
1385
1386
1387
13876
1388
1389
139
1390
13904
1391
1392
13928
1393
13931
13935
1394
1395
13956
13957
1396
1397
13975
13979
1398
13980
13982
13983
1399
13997
13998
.14
14
140
1400
14008
1401
14015
14018
14019
1402
14020
14024
14025
1403
14030
14031
14033
14035
1404
1405
14057
1406
1407
1408
1409
141
1410
1411
1412
14125
1413
1414
1415
1416
1417
1418
14187
1419
14190
142
1420
14204
1421
14214
1422
1423
1424
1425
14258
14259
1426
1427
14271
1428
1429
143
1430
14305
1431
1432
1433
1434
1435
14353
1436
1437
1438
1439
14397
144
1440
1440x900
1441
14413
1442
1443
1444
14445
1445
1446
1447
1448
1449
145
1450
1451
14517
1452
1453
1454
1455
1456
1457
1458
1459
14599
146
1460
14601
1461
1462
1463
1464
1465
1466
1467
1468
1469
147
1470
1471
1472
14721
14727
1473
1474
1475
1476
1477
1478
1479
148
1480
1481
1482
1483
1484
1485
1486
1487
1488
1489
149
1490
1491
1492
1493
1494
1495
1496
1497
1498
1499
.15
15
150
1500
1501
15018
1502
1503
1504
1505
1506
1507
1508
1509
151
1510
1511
1512
1513
1514
1515
1516
1517
1518
1519
152
1520
1521
1522
1523
1524
1525
1526
1527
1528
1529
153
1530
1531
1532
15329
1533
1534
1535
1536
1537
1538
1539
154
1540
1541
1542
1543
1544
1545
1546
1547
1548
1549
155
1550
1551
1552
1553
1554
1555
1556
1557
1558
1559
.156
156
1560
1561
1562
1563
1564
1565
1566
1567
1568
1569
157
1570
1571
15716
1572
1573
1574
1575
1576
1577
1578
1579
158
1580
1581
1583
1584
1585
1586
1587
1588
1589
159
1590
1591
1592
1593
1594
1595
1596
1597
1598
1599
.1.5.swf
.1.6
.16
16
160
1600
1601
1602
1603
1604
1605
1606
160-600
1607
1608
1609
161
1610
1611
1612
1613
1614
1615
16154
1616
1617
1618
1619
162
1621
1622
1623
1624
1625
1626
1628
1629
163
1630
1631
1632
1633
1634
1635
1636
1637
164
1640
1643
1644
1645
1646
1647
1648
1649
165
1650
1651
1652
1653
1654
1655
1656
1657
16576
1658
16582
1659
166
1660
1661
1662
1663
1665
1667
1668
1669
167
1670
1671
1672
1673
1674
1675
1676
1677
1678
1679
168
1680
1681
1682
1683
1684
1685
1686
1687
1688
1689
169
1690
1691
1692
1693
1694
1695
1696
1697
1698
1699
16b
.17
17
170
1700
1701
1702
1703
1704
1705
1706
1707
1708
1709
171
1710
1711
1712
1713
1714
1715
1716
1717
1718
1719
172
1720
1721
1722
1723
1724
1725
1726
1727
1728
1729
173
1730
1731
1732
1733
1734
1735
1736
1737
1738
1739
174
1740
1741
1742
1743
1744
1745
1746
1747
1748
1749
175
1750
1751
1752
1753
1754
1755
1756
1757
1758
1759
176
1760
1761
1762
1763
1764
1765
1766
1767
1768
1769
177
1770
1771
1772
1773
1774
1775
1776
1777
1778
1779
178
1780
1781
1782
1783
1784
1785
1786
1787
1788
1789
179
1790
1791
1792
1793
1794
1795
1796
1797
1798
1799
.18
18
180
1800
1801
1802
1803
1804
1805
1806
1807
1808
1809
181
1810
1811
1812
1813
1814
1815
1816
1817
1818
1819
182
1820
1821
1822
1822direkt
1823
1824
1825
1826
1827
1829
183
1831
1832
1833
1834
1835
1836
1837
1838
1839
184
1840
1841
1842
1843
1844
1845
1846
1847
1848
1849
185
1850
1851
1852
1854
1855
18558
1856
1857
1858
1859
186
1860
1861
1862
1863
1864
1865
1866
1867
1868
1869
187
1870
1871
1872
1873
1875
1876
1877
1878
1879
188
1880
1881
1882
1883
1884
1885
1886
1887
1888
1889
189
1890
1891
1892
1893
1894
1895
1896
1897
1898
1899
1899-hoffenheim
.19
19
190
1900
1901
1902
1903
1904
1905
1906
1907
190723
1908
1909
191
1910
1911
1912
1913
1914
1915
1917
1918
1919
192
1920
1921
1922
1923
1924
1925
1926
1927
1928
1929
193
1930
1931
1932
1933
1934
1935
1936
1937
1938
1939
194
1940
1941
1942
1943
1944
1945
1946
1947
1948
1949
195
1950
1951
1952
1953
1954
1955
1956
1957
1958
1959
196
1960
1961
1962
1963
1964
1965
1966
1967
1968
1969
197
1970
1971
1972
1973
1974
1975
1976
1977
1978
1979
198
1980
1981
1982
1983
1984
1985
1986
1987
1988
1989
199
1990
1991
1992
1993
1994
1995
1996
1997
1998
1999
.1a
1a
.1-all-languages
1b
.1-bin-Linux-2.0.30-i486
.1c
1c
1checkout
1-delivery
1_files
.1.html
1images
1index
1-livraison
.1.pdf
1ps
1qaz2wsx
1st
1temp
1x1
.2
_2
2
.2.0
.20
2_0
20
200
2000
2001
2002
2003
.2004
2004
2005
.2006
2006
.2007
2007
200701
200704
200705
200706
200707
.2008
2008
200810
200811
200812
.2009
2009
200901
201
.2010
2010
201005
.2011
2011
201104
2012
2013
2014
2015
2016
2017
2018
2019
202
2020
2021
2022
2023
2024
2025
2026
2027
2028
2029
203
2030
2031
2032
2033
2034
2035
2036
2037
2038
2039
204
2040
2041
2042
2043
2044
2045
2046
2047
2048
2049
205
2051
2052
2053
2054
2055
2056
2057
2058
2059
.206
206
2060
2061
2062
2063
2064
2065
2066
2067
2068
2069
207
2070
2071
2072
2073
2074
2075
2076
2077
2078
2079
208
2080
2081
2082
2083
2084
2085
2086
2087
2088
2089
209
2090
2091
2092
2093
2094
2095
2096
2097
2098
2099
.20.html
20Review
20smb
20years
.2.1
.21
21
210
2100
2101
2102
2103
2104
2105
2106
2107
2108
2109
.211
211
2110
2111
2112
2113
2114
2115
2116
2117
2118
2119
212
2120
2121
2122
2123
2124
2125
2126
2127
2128
2129
213
2130
2131
2133
2134
2136
2137
2138
2139
214
2140
2141
2142
2143
2144
2146
2147
2148
2149
215
2150
2151
2152
2153
2154
2155
2156
2157
2158
2159
216
2160
2161
2162
2163
2164
2165
2169
217
2170
2171
2172
2173
2174
2176
2177
2178
2179
218
2180
2181
2182
2183
2184
2185
2187
2188
2189
219
2190
2191
2193
2194
2195
2196
2198
2199
.2.2
.22
2-2
22
220
2200
2201
2202
2203
2204
2205
2206
2207
2208
2209
221
2210
2211
2212
2213
2214
2215
2216
2217
2218
2219
222
2220
2222
2223
2224
2225
2227
2229
223
2230
2231
2232
2234
2235
2236
2237
2238
224
2240
2242
2243
2247
2248
2249
225
2250
2252
2253
2255
2256
2257
226
2260
2261
2262
2264
2265
2266
2269
227
2272
2274
2275
2277
228
2280
2282
2283
2285
2286
2287
2288
2289
229
2290
2291
2292
2293
2294
2298
.2.3
.23
23
230
2300
2301
2302
2303
2304
2306
2308
2309
231
2310
2311
2312
2313
2314
2315
2316
2317
2318
2319
232
2320
2321
2322
2323
2324
2325
2326
2327
2328
2329
233
2330
2331
2332
2333
2334
2335
2336
2337
2338
2339
234
2340
2341
2342
2343
2346
2347
2348
235
2351
2352
2353
2354
2355
2356
2357
2359
236
2360
2362
2363
2364
2365
2366
2367
2368
2369
237
2370
2371
2372
2373
2374
2375
2376
2378
2379
238
2380
2382
2383
2384
2385
2386
2387
2388
2389
239
2390
2392
2393
2394
2395
2396
2398
2399
.24
24
240
2400
2403
2405
2409
241
2410
2411
2412
2413
2414
2415
2416
2417
2418
242
2420
2421
2422
2423
2424
2425
2426
2427
2428
243
2430
2431
2432
2433
2436
2438
2439
244
2440
2442
2443
2444
2445
2446
2447
2448
2449
245
2450
2451
2452
2453
2456
2457
2459
.246
246
2460
2462
2464
2465
2466
2467
2468
2469
247
2470
2471
2472
2473
2474
2475
2476
2477
2478
2479
248
2481
2482
2483
2487
2488
2489
249
2491
2492
2494
2495
2497
2499
24hourfitness
.25
25
250
2500
2501
2502
2504
2505
2506
2507
2508
2509
251
2510
2511
2512
2513
2517
2518
252
2521
2522
2524
2525
2526
2527
2528
2529
253
2530
2531
2532
2533
2534
2535
2536
2537
2538
2539
254
2540
2541
2542
2543
2544
2545
2546
2547
2548
2549
255
2550
2551
2552
2553
2554
2555
2556
2557
2558
2559
256
2560
2561
2562
2563
2564
2566
2567
2568
257
2570
2571
2572
2573
2574
2575
258
2581
2582
2584
2587
2588
259
2592
2596
25ALL
25FB8
.25.html
25LH8
.2.6
.26
26
260
2600
2601
2603
2606
261
2610
2611
2613
.26.13.391N35.50.38.816
2618
2619
262
2620
.26.24.165N35.50.24.134
2626
2628
2629
263
2630
2638
264
2643
2646
2648
2649
265
2654
.26.56.247N35.52.03.605
266
2660
2665
2669
267
2671
2672
2673
2674
268
2681
2684
2686
2688
269
2697
2698
2699
.26.html
.27
27
270
2700
2701
2702
.27.02.940N35.49.56.075
2703
2704
2705
2706
2707
2708
2709
271
2712
2714
2715
.27.15.919N35.52.04.300
2717
2718
2719
272
2720
2722
2724
2725
2727
.27.29.262N35.47.15.083
273
2730
2734
2736
2737
274
2740
2743
2748
2749
275
2750
2752
2753
2754
2755
2756
2757
2758
2759
276
2760
2761
2762
2763
2764
2767
2768
2769
277
2771
2772
2773
2774
2775
2776
2777
278
2780
2784
2785
2786
2787
2789
279
2792
2793
2794
2795
2796
28
280
2800
2805
2806
2807
281
2816
282
2823
2828
2829
28-3
283
2830
2832
2833
2834
2835
2836
2838
284
2842
2845
2848
285
2850
2853
2854
2858
2859
286
2864
2865
2867
2868
2869
287
2870
2871
2872
2873
2874
2877
288
2881
2883
2884
2886
2887
2889
289
2890
2891
2892
2893
2894
2895
2896
2897
2898
2899
.2.9
29
290
2900
2901
2907
2908
291
2911
2912
292
293
2933
294
2940
2942
2944
2945
295
2955
2958
2959
296
2962
2963
2964
297
2970
2973
2977
2978
2979
298
2981
2987
2989
299
2992
.2a
2a
2b
2checkout
2c_notify
2co
2c_payment
2c_return
2d
2db
2-easy-ways
2_files
.2.html
2-legal-notice
.2ms2
2nd
2xfun1970
2z
.3
3
.3.0
.30
30
.300
300
3000
3001
3002
300-250
3003
3005
300x250
301
3013
3014
3016
3018
3019
302
3020
3028
303
3033
3035
3037
3038
3039
304
3042
3044
3045
305
3056
306
3064
3065
3068
3069
307
3070
3071
3075
3078
308
3080
3081
3083
309
3097
.30-i486
30th
.3.1
.31
3_1
31
310
3100
3102
3103
3104
3105
3107
3108
310monitoring
311
3110
3111
3115
3116
312
3121
3122
3124
313
3131
3136
3138
3139
314
3141
3142
3144
315
3153
3156
3157
316
3161
3163
317
3173
3177
318
3188
319
3193
3194
3197
3198
.3.2
.32
32
320
3200
3202
3203
3204
3205
321
3211
3216
3218
3219
322
3220
3221
3222
3225
3226
32297
323
3235
3238
324
3240
325
326
3266
327
3273
328
3289
329
.3.2.min.js
.3.3
.33
33
330
3300
3301
3302
3309
331
3312
332
3320
3324
3325
333
3333
3334
334
3340
3342
3344
3345
3346
3348
335
3351
3353
33543
3356
3359
336
3366
3367
337
3370
3375
3379
338
339
3399
.3.4
.34
3_4
34
340
3400
3408
341
3414
3415
342
343
3435
344
3446
345
3457
3459
346
3462
3463
3464
3469
347
3471
3472
3473
3475
3479
348
3484
3485
3486
349
3493
3494
3498
.3.5
.35
35
350
3500
3501
3502
3507
351
3510
3511
352
3522
3527
353
3536
3538
354
355
3550
3557
3559
356
3560
3569
357
3570
3572
3574
3575
3576
3579
358
3580
3582
3586
3587
3588
3589
359
3590
3594
3595
3596
3598
3599
.36
36
360
3600
3601
3602
3604
3605
3606
3608
360s
360views
361
3610
3613
3614
3615
3616
3617
3619
362
3620
3627
363
3633
3639
364
3644
3649
365
3654
3659
366
3660
3663
3666
3669
.367
367
3676
368
369
3692
3693
3694
3696
3697
.37
37
370
3700
3701
3704
3708
3709
371
3710
372
3720
373
3731
3737
374
3740
3747
375
3751
3752
3755
3759
376
3760
3767
3768
3769
377
3772
3774
3775
378
3782
3783
3784
379
3794
3796
38
380
3800
3801
3802
3803
3807
3808
3809
381
3810
3812
3814
3816
3818
382
3820
3822
3823
3824
383
3830
3831
3832
3833
3838
384
3840
3846
3848
385
3853
3854
3855
3857
3858
3859
386
3860
3861
3862
3863
3864
3865
3866
3867
3868
3869
387
3870
3871
3872
3873
3874
3875
3876
3877
3878
3879
388
3883
3889
389
3891
3893
39
390
3900
3902
3904
3906
391
3910
3912
3913
3914
3915
3916
3917
3918
392
3920
3921
3923
3926
393
3932
3933
3936
3939
394
3945
3946
3947
3948
3949
395
3950
3951
3952
3953
3954
3955
3956
3957
3958
3959
396
3960
3961
3962
3963
3964
3965
397
3970
3972
398
3982
3985
3987
3988
399
3995
3a
3b
3d
3D
3DRedirect
3droi
3dsecure
3DSecure
3_files
3g
.3gp
3gp
.3.html
3i
3m
3M
3p
3rd
3rd_party
3rdparty
.4
4
.4.0
40
400
4000
.40.00.573N35.42.57.445
4001
4002
4003
4004
4005
4006
4007
4008
4009
401
4010
4011
4014
4015
4016
4017
4018
4019
401error
401k
402
4020
4021
4022
4023
4024
4025
4027
.403
403
403-3
4034
4039
403error
_404
404
4040
4043
404b
404-error
404_error
404error
404Error
404-error-page
404-forward
404Handler
404notfound
404NotFound
404-page
404_page
404page
404redirect
405
4052
4055
4057
4058
406
4060
4061
4064
4067
4069
407
4070
4076
4077
408
4080
4081
4082
4085
4088
409
4091
4094
4096
4097
4098
4099
.4.1
41
410
4100
4101
4102
4103
4104
4106
4107
410-gone
411
4110
4111
4112
4113
4115
4116
4117
4118
4119
412
4120
4121
4122
4123
4124
4125
4126
4128
413
4130
4131
4132
4133
4135
4136
4137
4138
4139
414
4140
4141
4142
4143
4146
4147
415
4150
4151
4152
4153
4154
4155
4156
4157
416
4161
4164
4167
4168
4169
417
4170
4171
4174
4175
4176
4177
4178
418
4180
4181
4182
4187
4189
419
4190
4191
4192
4193
4194
4195
4196
4197
4198
4199
.4.2
42
420
4200
4202
4203
4204
4205
4206
4208
421
4211
4214
4215
4218
4219
422
4221
4223
4224
4225
4226
4229
423
4232
4233
4235
4236
4238
424
4240
4242
4244
4245
4248
4249
425
4252
4253
4256
4258
426
4260
4265
4267
4268
4269
427
4270
4271
4272
4274
428
4280
4281
4282
4285
4286
4287
4288
429
4290
4291
4292
4293
4294
4295
4296
4299
43
430
4300
4301
4302
4303
4305
4308
4309
431
4310
4311
4312
4313
4314
4315
4316
432
4320
4322
4323
4324
4325
4326
4328
4329
433
4333
4334
4337
434
435
4351
.43.58.040N35.38.35.826
436
4361
4364
4366
4369
437
4370
4371
4372
4373
4374
4375
4377
4378
4379
438
4380
4381
4382
4383
4384
4385
4386
4387
4388
4389
439
4390
4391
4392
4393
4396
4397
4399
44
440
4400
.44.04.344N35.38.35.077
4405
.44.08.714N35.39.08.499
441
.44.10.892N35.38.49.246
4414
4415
4416
4417
4418
4419
442
4420
4421
4422
4423
4424
4426
.44.27.243N35.41.29.367
4428
4429
.44.29.976N35.37.51.790
443
4430
4431
4432
.44.32.445N35.36.10.206
4433
4434
.44.34.800N35.38.08.156
4435
4436
4437
.44.37.128N35.40.54.403
4438
4439
444
4440
.44.40.556N35.40.53.025
4441
4442
4443
4444
4445
.44.45.013N35.38.36.211
4446
.44.46.104N35.38.22.970
4447
4448
.44.48.130N35.38.25.969
4449
.445
445
4450
4451
4452
.44.52.162N35.38.50.456
4453
4454
4455
4456
4457
.44.58.315N35.38.53.455
4459
446
4460
4461
4462
4463
4464
4465
4466
4467
4469
447
4470
4471
4472
4473
4474
4475
4476
4478
4479
448
4480
4481
4482
4483
4485
4486
4488
449
4494
4498
4499
.45
45
450
4500
4501
.45.01.562N35.38.38.778
4503
4504
.45.04.359N35.38.39.112
4505
4506
.45.06.789N35.38.22.556
4507
4508
4509
451
4510
.45.10.717N35.38.41.989
.4511
4511
4512
4513
4514
4515
4516
4518
4519
452
4520
4522
4524
4525
4526
4527
4528
4529
453
4530
4531
4532
4533
4534
4535
4536
4537
4538
4539
454
4540
4541
4542
4543
4544
4545
4546
4547
4548
4549
.455
455
4550
4551
4552
4553
4554
4555
4556
4557
4558
4559
.456
456
4560
4561
4562
4563
4565
4566
4567
4569
457
4571
4572
4575
4578
4579
458
4580
4581
4583
4584
4585
4586
4587
4588
4589
459
4590
4591
4592
4593
4594
4595
4596
4598
4599
.4.6
46
460
4600
4601
4603
4604
4605
4606
4607
4608
461
4610
4611
4612
4613
4614
4615
4616
4617
4618
4619
462
4620
4621
4622
4623
4624
4625
4626
4627
4628
4629
463
4630
4631
4632
4633
4635
4636
4637
4638
4639
464
4640
4641
4642
4643
4644
4645
4646
4647
4648
4649
465
4650
4651
4652
4653
4654
4655
4656
4657
4658
466
4662
4664
4665
4667
467
468
468x60
469
4692
4695
4698
.4.7
47
470
4700
471
4717
4719
472
4723
4725
4726
4728
473
4730
4731
4732
4734
4738
474
4740
4744
4745
4746
4747
4749
475
4752
4753
4755
4756
4757
4759
476
4760
4761
4765
4766
4768
4769
477
4771
4773
4774
4775
4776
478
4782
4783
4788
4789
479
4793
4797
4798
48
480
4800
4802
4803
4804
4805
4806
4807
4808
4809
481
4811
4812
4813
4814
4815
4816
4817
4818
4819
482
4820
4821
4822
4823
4825
4826
4827
4828
4829
483
4831
4832
4834
4835
4836
4837
4838
4839
484
4841
4842
4843
4844
4845
4846
4847
4848
4849
485
4850
4851
4852
4853
4854
4855
4856
4857
4858
4859
486
4860
4861
4862
4863
4864
4865
4866
4867
4868
4869
487
4870
4871
4872
4873
4876
4877
4879
488
4880
4881
4882
4883
4884
4885
4886
4887
489
4890
4891
4893
4894
4895
4896
4897
4898
4899
49
490
4900
4901
4903
4904
4905
4906
4907
4908
4909
491
4910
4911
4912
4913
4914
4915
4917
4918
4919
492
4920
4921
4922
4923
4924
4929
493
4930
4932
4933
4934
4935
4936
4937
4938
4939
494
4940
4941
4942
4943
4944
4945
4946
4948
4949
495
4950
4951
4952
4953
4954
4955
4956
4957
4958
4959
496
4960
4961
4962
4963
4964
4966
4967
4968
4969
497
4970
4972
4973
4974
4975
4976
4977
4978
4979
498
4980
4981
4982
4983
4984
4985
4986
4987
4988
4989
.499
499
4990
4991
4992
4993
4994
4995
4996
4999
.4.9.php
4a
4-about-us
4airlines
4b
4d
4dcgi
4dm1n
4homes
.4.html
4images
4rum
4sale
4travel
4x4
.5
_5
5
.5.0
.50
50
500
5000
500-100
5002
5003
5004
5006
5007
5008
5009
500error
500header
501
5010
5011
5012
5013
5014
502
5020
5025
5027
503
5030
5031
5033
5034
5036
5037
5038
5039
504
5041
5042
5044
5049
505
5052
5055
5056
5057
5059
506
5060
5061
5062
5065
5066
5068
507
5070
5071
5073
5076
508
5082
5087
509
5095
50plus
.5.1
.51
51
510
5100
5101
5102
5104
511
5119
512
5120
5122
5126
5128
513
5135
514
5140
5142
5143
5146
5147
5148
5149
515
5151
5153
5154
5157
5158
5159
516
5160
5161
5162
5163
5164
5167
5169
517
5171
5177
5178
5179
518
5180
5181
5184
5186
519
5190
5191
5192
5193
5194
52
5_20
520
5200
5201
5202
5204
521
5211
5212
5213
5214
5215
5216
522
5222
5223
5228
523
5230
5231
5236
5237
5238
5239
524
5244
5_25
525
5250
5251
5252
5256
5257
5258
5259
526
5260
5261
5262
5263
5264
5265
5266
5267
5268
5269
527
5270
5271
5272
5273
5274
5275
5276
5277
5278
5279
528
5280
5283
5286
5289
529
5291
5292
5295
5297
5298
.5.3
53
530
5300
5301
5306
5307
5308
5309
531
5310
5313
5314
5315
5316
5318
532
5320
5321
5323
5327
533
5330
5335
5336
5337
5339
534
5342
5344
5345
5346
5348
5349
535
5350
5352
5355
5356
5357
5358
5359
536
5360
5361
5362
5363
5364
5365
5366
5367
5368
537
5370
5372
5373
5376
5377
5378
5379
538
5380
5381
5382
5386
5388
539
5390
5393
5395
5397
5398
53993
.5.4
54
540
5400
5401
5402
5403
5406
5407
5408
5409
541
5410
5411
5412
5413
5414
5415
5416
5417
5418
5419
542
5420
5421
5422
5423
5424
5425
5426
5427
543
5430
5431
5434
5435
5437
5438
544
5440
5441
5442
5443
5446
5448
5449
545
5450
5451
5452
5453
5454
5456
546
5460
5462
5463
5465
5469
547
5472
5473
548
5480
5481
5482
5483
5485
5486
5487
5488
5489
549
5490
5492
5493
5494
5495
5496
5497
5498
5499
55
550
5500
5501
5503
5504
5505
5506
5507
5508
5509
551
5510
5512
5513
5514
5515
5517
5518
5519
552
5520
5521
5522
5523
5524
5525
5526
5527
5528
5529
553
5530
5531
5532
5533
5534
5536
5537
5538
5539
554
5540
5541
5542
5543
5544
5545
5546
5547
5548
5549
555
5550
5551
5552
5553
5554
5556
5557
5558
5559
.556
556
5560
5561
5562
5563
5564
5565
5566
5567
5568
5569
557
5570
5571
5572
5573
5574
5576
5577
5578
558
5580
5581
5582
5583
5584
5585
5586
5587
5588
5589
559
5590
5591
5593
5597
5599
.5.6
56
560
5602
5603
5604
5606
5607
5608
561
5610
5611
5612
5613
5614
5615
5616
5617
5618
5619
562
5620
5621
5622
5623
5624
5625
5627
5628
5629
563
5630
5631
5632
5633
5634
5635
5636
5637
5638
5639
564
5640
5641
5642
5643
5644
5645
5646
5648
5649
565
5650
5651
5652
5653
5655
5656
5657
5658
5659
566
5660
5661
5662
5663
5664
5665
5667
5669
567
5670
5671
5672
5673
5675
5676
5677
5678
5679
568
5680
5681
5682
5683
5684
5685
5686
5687
5688
5689
569
5690
5691
5692
5693
5694
5695
5696
5697
5699
57
570
5700
5701
5702
5703
5704
5705
5706
5707
5708
5709
571
5710
5711
5712
5713
5714
5715
5716
5717
5718
5719
572
5720
5721
5722
5724
5725
5726
5727
5728
5729
573
5730
5731
5732
5733
5734
5735
5736
5737
5738
5739
574
5740
5741
5742
5744
5745
5747
5748
5749
575
5750
5751
5752
5753
5754
5755
5756
5757
5759
576
5760
5761
5762
5763
5764
5765
5766
5767
5768
5769
577
5770
5771
5772
5773
5774
5775
5776
5777
5778
5779
578
5780
5781
5782
5783
5784
5785
5786
5787
5788
5789
579
5790
5791
5792
5793
5794
5795
5796
5797
5799
58
580
5800
5802
5804
5805
5806
5807
5808
5809
581
5810
5811
5812
5813
5814
5815
5816
5819
582
5820
5821
5823
5824
5825
5826
5827
5828
5829
583
5830
5831
5832
5833
5834
5835
5836
5837
5838
5839
584
5840
5842
5843
5844
5845
5846
5847
5848
5849
585
5850
5851
5852
5853
5854
5855
5856
5857
5859
586
5860
5861
5862
5863
5864
5865
5866
5868
5869
587
5870
5871
5872
5875
5876
5877
5878
5879
588
5880
5881
5882
5883
5884
5885
5886
5887
5888
5889
589
5890
5891
5892
5893
5894
5896
5897
5898
5899
59
590
5900
5901
5903
5905
5906
5907
5909
591
5910
5911
5913
5914
5915
5916
5917
5918
5919
592
5920
5921
5923
5924
5925
5926
5927
5928
5929
593
5930
5931
5932
5933
5934
5935
5937
5938
5939
594
5940
5941
5942
5943
5944
5945
5946
5947
5948
595
5950
5951
5952
5953
5954
5955
5956
5957
5958
5959
596
5960
5961
5962
5963
5964
5965
5966
5967
5968
5969
597
5970
5971
5972
5973
5974
5975
5976
5977
5978
5979
598
5981
5983
5984
5985
5986
5987
5988
5989
599
5990
5991
5993
5995
5996
5997
5998
5999
.5.html
.5.php
5-secure-payment
.6
6
.6.0
60
600
6000
6001
6002
6003
6004
6005
6006
6009
601
6010
6011
6012
6013
6014
6015
6016
6018
6019
602
6020
6021
6022
6023
6024
6025
6026
6027
6028
6029
603
6030
6031
6033
6034
6035
6036
6037
6038
6039
604
6040
6041
6042
6043
6044
6045
6046
6047
6048
6049
.605
605
6050
6051
6052
6053
6054
6055
6056
6057
6058
6059
606
6061
6062
6064
6065
6066
6067
6068
6069
607
6070
6071
6074
6075
6076
6077
6078
608
6080
6081
6082
6083
6084
6086
6087
6088
609
6090
6091
6092
6096
6097
6098
.6.1
6_1
61
610
6100
6102
6103
6104
6105
6106
6108
611
6111
6112
6113
6115
6116
6117
6118
6119
.6.12
612
6120
6122
6123
6124
6125
6126
6127
6128
6129
613
6130
6131
6132
6133
6134
6135
6136
6137
6138
6139
614
6140
6141
6142
6143
6144
6145
6147
6148
6149
615
6150
6151
6152
6153
6154
6155
6156
6157
6158
6159
616
6161
6162
6163
6164
6168
617
6170
618
6183
6184
6189
.6.19
619
6190
6191
6192
6193
6194
6195
6196
6197
6199
.6.2
62
620
6200
6201
6202
621
6212
6214
6215
622
6222
6223
6229
623
6230
6231
6232
6233
6234
6235
6236
6237
6239
624
6240
6241
6242
6243
6244
6245
6246
6248
6249
625
6250
6251
6252
6253
6254
6255
6256
6257
6258
626
6260
6261
6262
6263
6264
6265
6266
6267
6268
6269
627
6270
6271
6272
6273
6274
6275
6276
6277
6278
6279
628
6280
6281
6282
6283
6284
6285
6286
6287
6288
6289
629
6290
6291
6292
6293
6294
6295
6296
6297
6298
6299
.6.3
.63
63
630
6300
6301
6302
6303
6304
6305
6306
6307
6308
6309
631
6310
6311
6312
6313
6314
6315
6316
6317
6318
6319
632
6320
6321
6322
6323
6324
633
6333
6336
634
635
6350
6351
6355
636
6365
637
638
639
64
640
6400
6409
641
642
643
6431
6433
6438
644
6443
6444
6445
6446
6447
6448
6449
645
6450
6451
6453
6454
6455
6456
6457
6458
646
6460
6461
6466
647
6470
6472
648
6485
649
.6.5
65
650
6500
6506
651
6516
652
6520
6521
6522
6523
6525
6528
6529
653
6533
654
6540
6541
655
6550
6554
6555
6556
6557
6559
656
6561
6565
6566
657
6571
658
6582
6585
6589
659
6591
66
660
6600
6601
6606
661
6611
6616
662
6626
663
6639
664
6641
6648
665
6651
6652
6653
6658
666
667
668
6682
6685
669
6692
6693
67
670
6700
6703
6707
671
6710
6713
6714
6716
672
6722
6723
673
6739
674
6742
6743
6748
675
6751
6752
6755
6758
6759
676
6760
6763
6765
677
6775
678
6785
6786
6787
679
6790
6793
6795
6796
6797
6798
6799
68
680
6800
6801
6802
6803
6805
6806
6807
6808
6809
681
6810
6811
6813
6815
6819
682
6820
6821
6825
6826
6827
683
6832
6833
6834
6837
6838
684
6845
6848
6849
685
6853
6856
6858
6859
686
6861
6862
6866
6869
687
6872
6874
6878
688
6881
689
6890
6892
6893
6895
6896
6898
6899
.6.9
69
690
6900
6901
6902
6903
6905
6906
6908
6909
691
6910
6911
6913
6914
6915
6916
6918
692
6922
6923
6924
6927
693
6932
6935
6937
6938
6939
694
6941
6944
6946
6947
695
6953
6957
6958
696
6969
697
6978
698
6988
699
6990
6998
6999
.6.edu
.6.html
6th
.7
7
.7.0
70
700
7000
7002
7003
7006
7007
7008
7009
701
7017
7018
7019
702
7020
7021
7025
703
7035
704
7040
7048
705
7053
706
7065
707
7076
708
7080
7082
7085
7088
7089
709
7090
7091
7093
7095
.7.1
71
710
7100
7101
7107
7108
7109
711
712
713
7135
7136
714
7140
715
716
7160
7163
717
7175
718
7187
719
7192
7193
.7.2
.72
72
720
7200
7204
7205
7206
721
7210
7211
7213
7218
722
723
724
7245
725
7257
726
7264
7267
727
7273
728
7280
728-90
728x90
729
7293
7297
7299
.7.3
73
730
7300
7301
731
732
733
7335
7336
7337
7338
734
7340
7342
735
7357
736
737
7374
7377
7379
738
7389
739
7391
7392
7393
74
740
7400
741
742
743
744
745
7455
7457
746
7468
747
748
749
.75
75
750
7500
7503
751
752
7523
753
754
755
7551
756
757
758
759
.75.html
76
760
7600
7607
7608
761
7610
762
763
764
765
7652
7654
766
7663
767
7672
768
7684
7687
7688
7689
769
77
770
7700
7708
771
772
773
774
775
7750
7753
7759
776
777
7777
.778
778
7789
779
7799
78
780
7800
7801
7802
7804
781
782
7826
783
784
785
786
7868
7869
787
788
789
7894
79
.790
790
7900
791
7915
792
793
794
795
796
7961
797
798
7980
7982
7985
7986
799
.7.html
7search
.7z
.8
8
80
800
8000
800x600
801
802
8020
8026
803
8035
804
805
806
807
808
8082
809
.8.1
81
810
8100
811
812
8120
813
8130
8132
814
815
.816
816
.8169
817
8173
8174
818
8188
819
.8.2
82
820
821
822
823
824
825
.826
826
827
828
8282
829
.8.3
83
830
8300
8302
8304
831
832
833
834
835
836
8360
837
8377
838
839
8390
.84
84
840
8400
8401
841
8419
842
8428
8429
843
844
8442
845
846
8466
8469
847
8474
848
8481
8486
849
8490
8495
8498830
.85
85
850
8500
851
8514
852
8520
8521
853
854
855
8552
8554
8555
8557
8558
8559
856
8560
8563
857
8571953
8572254
858
8581
8589
859
8593
8594
8595
8598
8599
86
860
8600
8601
8602
861
862
863
8638
8639
864
8644
8645
8648
8649
865
8659
866
8666
867
868
8685
869
8693
87
870
8700
871
872
873
874
875
876
877
878
879
8791
88
880
881
882
883
8830
884
885
886
887
8870
888
8886
8888
889
89
890
891
8915
892
893
8930
894
8940
8941
895
896
8963
8969544
897
898
899
.9
9
.90
90
900
9000
90000
901
9012
902
903
9034574
9036
904
905
9058
906
9067
907
9073
908
9080639
9086
9088
909
.91
91
910
911
912
913
9136
9138
914
9149
915
9151
9157
916
917
918
919
9196
.92
92
920
9209
921
9211
9213
9217
9218
922
923
9235
924
9243
9244
925
926
9264
927
9278
928
929
93
930
9302
9306
9307
9308
9309
931
9311
932
9322
9323
933
9332
9337
9338
9339
934
9340
935
936
937
938
9388
939
9395
94
940
941
9412
942
9427
943
94303Directory
944
945
946
947
948
949
95
950
9508
9509
951
9510
9511
952
9525
9526
953
9535
954
9549
955
9550
9554
956
9562
957
958
9587
959
9597
96
960
9600
9602
9603
9604
9606
9609
961
9611
9613
962
963
9633
964
9644
9645
965
966
9660
9663
9664713
9665
967
9674
968
9682
.969
969
9695
9696
9697
97
.970
970
9702
9703
9705
9708
9709
971
9710
9711
9714
9716
972
973
974
9745
975
976
977
978
979
9798
98
980
9804
9807
9809
981
9811583
982
9822
9828
983
9835
984
9848
985
9855
9858
986
9868
987
9876
9877
9879
988
9880
9881
.989
989
9892
9897
9899
.99
99
990
9900
9901
9903
9905
9908
991
9910
9911
9912
9916
992
9924
9927
9928
9929
993
9930
9931
994
995
9959
996
9960
997
998
999
99pay
.a
_a
a
.A
A
a0
a1
A1
a2
A2
a2z
a3
A3
a3lan
a4
A4
a4j
a5
A5
a6
A6
a7
A7
a8
a9
aa
AA
aa1
aaa
AAA
aaaa
aaaaa
aaa-config
aaahawaii
aaaloginrequest
aaanewmexico
aaapremier
aaasc
aaasocalifornia
aaatexas
aab
aac
aadmin
aam
AAMALL
AAMB1
AAMB10
AAMB11
AAMB12
AAMB2
AAMB3
AAMB4
AAMB5
AAMB6
AAMB7
AAMB8
AAMB9
aanbieder
aanbieding
aanbiedingen
aanbod
aanmelden
aaron
aarp
aarpmember
aas
aa-sredir
aat
aatest
ab
AB
ab2
aba
abandon
abb
abbey
abc
ABC
abcd
abco
abe
abep
aberdeen
abfall
abfrage
abfragen
abg
abi
abitur
_ablage
ablage
able
abm
abmelden
abmeldung
abn
abnl
abo
abonnement
abonnes
abortion
.about
about
About
ABOUT
about1
about-2
about2
aboutaccexecs
about-bose
about_history
abouthotel
about-joomla
aboutmanagement
about-me
about_me
aboutme
about-old
about_old
about-the-author
about-us
about_us
aboutus
aboutUs
About-us
Aboutus
About-Us
About_Us
AboutUs
AboutUS
abroad
abruzzo
abs
Abs
absent
absolute
absolutebm
absolutebmxe
absolutecr
absolutefm
absolutefp
absolutels
absolutenl
absolutenm
absolutepm
abstimmen
abstimmung
abstract
Abstract
abstracts
abt
abtest
abu
abus
abuse
AbuseReport
abuse_reports
abuses
abv
ac
AC
aca
ACA
acad
academic
Academic
academic_affairs
academicaffairs
academics
Academics
academie
academy
acadia
acart
acatalog
acb
acbdemos
acc
ACC
acc2
accelerator
accent
accents
accenture
accept
acces
accesible
acceso
accesorios
access
Access
access_db
access-denied
access_denied
accessdenied
AccessDenied
accessDriver
accesses
accessi
accessibility
Accessibility
accessible
Accessible
access-log
access_log
accesslog
.access.login
access-logs
access_logs
accesslogs
accesso
accessoires
Accessoires
accessori
accessories
Accessories
accessory
Accessory
.access.php
accessprobe
access_setup
access_stats
accesswatch
acc_flash
accident
accinfo
accion
acclogin
accom
accommodation
Accommodation
accommodations
accomodation
accord
accordion
account
account_
Account
accountant
account_create
account_delete
account_edit
account-fr
account_history
AccountHistory
accountinfo
accountInfo
accounting
Accounting
account-login
account_login
AccountLogin
accountmanager
AccountManager
account_orders
account_password
account_register
accounts
Accounts
account-settings
accountsettings
AccountSettings
accountsetup
Account-Show
account-us
accred
accreditation
Accreditation
accregister
acc_search
acct
acctform
acctinfo
acct_step
accueil
Accueil
acd
acdsee
ace
acer
acerca
acerca-de
acesso
acf
.acgi
ach
achat
acheter
achievements
aci
ack
acl
aclk
acl_users
acm
acme
acms
acn
acne
AC_OETags
acoruna
acount
acp
acquire
acquisition
acquisitions
acr
acrobat
acs
acs-admin
acs-lang
.act
act
ACT
act_contactar2
actie
acties
actindo
.action
_action
action
Action
.action2
action_emty
actionfiles
action-popup
_actions
actions
Actions
actions_admin
actions_client
actions_site
activ
activar
activate
Activate
activated
activate-sim
activate-user
activate_user
activation
Activation
active
Active
activecalendar
activedit
active_polls
active-topics
active_topics
active_users
activeusers
activex
ActiveX
actividad
actividades
activite
activites
activities
Activities
activity
Activity
actor
actors
actpicid
actress
acts
actu
actual
actualidad
actualite
actualites
actualiza
actualizaciones
actualizar
actueel
actus
acuerdos
acupuncture
acv
acw
ad
Ad
AD
ad1
ad2
ad3
ad4
ada
adac
AdAddFavorite
adadmin
adam
Adam
ad-amazon
adams
adaptation
adapters
adaptive
adas
adat
adauga
adauga-wishlist
adb
ad_banner
adbanner
ad_banners
adbanners
adblock
adbox
adbrite
ad_build
adbutler
adbuys
adc
adcenter
adcentric
ad_click
adclick
adClick
AdClick
adcode
.AdCode
adcodes
adcount
adcycle
.add
add
Add
add2
add2basket
add2cart
addalink
add-a-review
add_article
addarticle
add_bookmark
addbookmark
add-business
addcal
addcard
add-cart
add_cart
addcart
addCart
addcategory
addclick
addcoment
add-comment
add_comment
addcomment
addComment
AddComment
addcomments
add_contact
addcontent
added
AddEditPost
add_email
addemail
add_entry
addentry
adder
add_event
addevent
addfav
add_favorite
addfavorite
addFavorite
addfavorites
add_favour
addfile
addfirm
addform
add_foto
add_friend
addfriend
addFriend
addguest
addImage
add_info
AddIns
_additem
add_item
additem
addItem
Additem
AddItem
addition
additional
additionalinfo
additions
addjob
add_link
addlink
addlinks
addlist
add_listing
addlisting
Add_Listing
add_listing1
add_listing2
add_listing3
add_lost_friend
addme
addmember
add-memorial
add_memorial
add-memory
addMemory
add_message
addmessage
addmin
addmsg
AddMultiRFQ
addmysql
add-new
addnew
addnewacct
add_news
addnews
add-new-tag
AddNewUser
addon
AddOn
addon-modules
add-ons
addons
add_opinion
add_partner
add-photo
add_photo
addphoto
AddPhoto
add-photos
addphotos
addpic
addplay
add_post
addpost
AddPost
addprod
add_product
addproduct
addprograms
add_question
addquestion
addr
add_rating
AddRating
addreply
address
_Address
Address
address-book
address_book
addressbook
addressBook
AddressBook
AddressBookForm
addressedit
AddressEdit
addresses
add_reunion
add-review
add_review
addreview
addReview
AddReview
addrsearch
adds
Adds
addsearch
add-service
add_shop
AddSingleRFQ
add-site
add_site
addsite
add_strutture
add_tag
addtags
addthis
addto
add_to_basket
addtobasket
AddToBasket
addtobookmarks
addtocalendar
add-to-cart
add_to_cart
addtocart
addtocart_
addToCart
AddtoCart
AddToCart
addToCompare
addtofav
addtofavorites
addtolist
addtoorder
addtopic
AddToSavedList
addtosearchbox
addtowishlist
AddToWishlist
AddToWishList
addtoyoursite
add-url
add_url
addurl
add_user
adduser
add_venue
add_video
addwatchprocess
addword
add_yearbook
addyoutube
ade
adecco
adelaide
adfile
adframe
ad_get
ad-groups
adhd
adhelp
adherents
adhoc
adi
adidas
Adidas
adimage
ad-image-160
ad-image-cat
ad-image-footer
ad_images
adimages
ad-image-search
adimg
adindex
adinfo
ad-interstit
adjgiftreg
ad_js
adjs
adjuggler
adjuntos
adjust
adkportal
adl
adler
adler-mannheim
adlink
adlinks
adlog
adlogger
adlogs
.adm
_adm
adm
Adm
ADM
adm1n
adm2
adman
admanage
admanagement
ad_manager
admanager
admbtik
admcp
admentor
admi
admim
.admin
__admin
_admin
_admin_
admin
admin_
.Admin
_Admin
Admin
ADMIN
admin00
admin1
Admin1
admin_101
admin12
admin123
Admin123
admin2
Admin2
admin2009
admin2010
admin3
admin4
admin88
admin888
admina
admin_action
admin_admin
admin_advert
admin-ajax
admin_album
admin_area
adminarea
AdminArea
admin_assist
admin_assist1
admin_assist2
admin_assist3
admin_assist4
admin_awards
admin_backup
admin_banner
admin_bedit
adminbereich
adminbeta
admin_board
admin_c
adminc
admin_cat
admincenter
admin-cgi
AdminClient
admin_cms
admincms
admin_common
admin_comp
admin_compactdb
admin_config
AdminConsole
admin_control
admin_count
admin_cp
admincp
AdminCP
admincpanel
admin_custom
admindav
admin_db
admindb
admin_deletecat
admindemo
admin_dev
adm-index
admin_down
Admin_DSF
admin_en
adminer
admin_expired
adminfeedback
admin_files
adminfiles
Admin_files
admin-footer
adminforce
adminforum
admin_forums
adminfunction
AdminGetAd
admin_guestbook
adminguide
admin-header
admin_help
admin_home
adminhome
adminhtml
admini
admin_images
admin_imgmod
admin_index
admin_info
admin_iprev
adminis
administer
administra
administracao
administrace
administracija
administracion
Administracion
administracja
administrador
Administrador
administrare
administrasjon
administrate
administratie
_administration
administration
Administration
administrative
Administrative
administrativo
administrator
Administrator
administrators
administrer
adminka
admin_ldown
admin_left
admin_links
adminlinks
adminlog
admin-login
admin_login
adminlogin
Admin_Login
AdminLogin
admin_logon
admin_logout
admin_logs
adminm
admin_main
admin_manage
adminmaster
admin_media
admin_members
admin_menu
adminmenu
AdminMenu
admin_my_avatar
adminn
admin_navigation
admin_new
adminnew
admin_news
admin_newspost
adminnorthface
admino
adminok
admin-old
admin_old
adminold
adminonline
adminonly
adminp
adminpage
adminpages
AdminPages
admin-panel
admin_panel
adminpanel
adminPanel
AdminPanel
admin_paylog
admin_payment
admin_pending
adminPeople
admin_picks
admin_pmmaint
admin_policy
admin_poll
admin_pop_mail
adminportal
admin_postings
adminpp
adminpro
admin_process
admin_reset
adminroot
admin_rotator
admin_rules
admins
Admins
admin_scripts
AdminScripts
admin_search_ip
admin_searchlog
adminshop
admin_site
adminsite
AdminSite
admin_sitestat
admin_staff
adminstaff
adminstore
admin_story
admin_stuff
adminstuff
admin_style
admin_sync
admintable
admin_tdet
admin_template
admin_templates
admintemplates
admin_test
admintest
admin_tool
admintool
admin_tools
admintools
AdminTools
admin_top
admin_udown
admin_update
admin_user
adminuser
admin_userdet
admin_users
adminusers
admin_usrmgr
adminv2
admin_web
adminweb
admin_welcome
adminWfvkW
AdminWS
adminx
adminxxx
adminz
adminzone
admiral
admiss
admission
admissions
Admissions
admissions2
admn
admNewPerson
admon
adm_panel
admpanel
adms
adnet
adnetwork
AdNumber
ado
adobe
Adobe
adodb
adodb5
adops
adopt
adoption
adout
adovbs
.adp
adp
ADP
adpage
adpages
adpeeps
adpic
adpics
adpilot
adr
adra
adrates
ad-redir
adredir
ad_redirect
adredirect
AdRedirect
adrefresh
adres
adresa
adresar
adresbook
adress
adresse
adressen
adresses
adrian
adrot
adrotate
adrotation
adrotator
_ads
ads
Ads
ADS
ads1
ads2
ads3
adsales
Adsbot-Google
adscript
adsdata
adsearch
adsense
adserv
adserve
ad_server
adserver
adServer
AdServer
adserver2
adserver-new
ads_images
adsite-under
adsl
adsmanager
ads_new
adsnew
ads_old
adspro
adspy
adsrv
adstats
adstracker
ads_yahoo
adsys
adSys
adsystem
ADT
ad_tags
adtest
adtop
adtrack
ad_tracker
adtracker
adtrackz
adult
Adult
adult-dating
adults
aduploads_in
aduploads_out
adv
ADV
advance
advanced
Advanced
advanced-cache
advancedpoll
AdvancedPoll
advancedreviews
advanced-search
advanced_search
advancedsearch
advancedSearch
AdvancedSearch
advancement
advances
advance_search
advancesearch
advantage
Advantage
advantages
adv_counter
advent
adventskalender
adventure
Adventure
adventure_island
adventures
adver
advert
Advert
advertenties
adverteren
advertis
advertise
Advertise
advertise2
advertisement
Advertisement
advertisements
Advertisements
advertiser
advertisers
Advertisers
advertising
Advertising
advertisment
advertisments
advertizing
advertorials
advertpro
adverts
Adverts
advervizen
AdvHTML_Images
AdvHTML_Popups
AdvHTML_Upload
advice
Advice
advices
ad_view
adview
adv_images
advise
adviser
advising
advisor
advisories
advisors
advisory
advocacy
advpanel
advrecentsales
adv_redirect
advs
advscripts
adv_search
advsearch
advSearch
AdvSearch
adv_subs
adv_subs_done
advt
adw
adwatcher
adwords
Adwords
adwordsresellers
adx
adxnfc
adz
ae
AE
aec
aed
aee
aeg
aem
aero
aerospace
aes
aestatement
aex
af
AF
afa
afb
afbeeldingen
afc
aff
Aff
affadmin
affaires
affi
affichage
affiche
affil
affili
affiliate
Affiliate
affiliate2
affiliate_admin
affiliate_faq
affiliate_help1
affiliate_help2
affiliate_help3
affiliate_help4
affiliate_help5
affiliate_help6
affiliate_help7
affiliate_help8
affiliate_help9
affiliateimages
affiliate_info
Affiliate_info
affiliatelinks
affiliatelogin
affiliate_news
affiliatereport
affiliates
Affiliates
affiliates2
affiliate_sales
affiliate_terms
affiliatewiz
affiliati
affiliation
Affiliation
affiliations
affiliazione
affilie
affilinet
affinity
afflinks
affordable
affs
affsearch
affsearch300
affsearch590
affsignin
affsummit
affus
afghanistan
afil
afiliados
afisha
afl
afm
afmelden
Afmelden
afp
AFP
aframe
afrekenen
africa
Africa
afrika
afs
afs_click
aft
after
afterbuy
afterhours
aftersales
aftp
afw
ag
AG
aga
agb
AGB
agbPage
agbs
agc
age
agence
agences
agencia
agencias
agencies
Agencies
agency
Agency
agencylocator
agenda
Agenda
agendas
Agendas
agent
Agent
AgentHandler
agentlogin
agentpics
agents
Agents
AgentServer
agentur
agenzia
agg
aggancixml
aggbug
aggiornamento
aggregator
agilent
aging
ago
agora
Agra
agree
agreement
Agreement
agreements
agregar
agricoltura
agriculture
agriturismi
agriturismo
ags
agt
agua
_ah
ah
AH
aha
ahd
ahmedabad
ahnentafel
ahpimages
ahs
AHS
.ai
ai
AI
Ai2
aia
aic
aid
aide
aids
aig
aiken
aikido
aim
aimages
aimg
aimtoday
air
Air
aircraft
airfare
airfares
airfrancejp
airline
airlines
Airlines
airline-tickets
Airplanes
airport
Airport
airports
ais
ait
aiuto
aj
.ajax
_ajax
ajax
ajax_
Ajax
AJAX
ajaxaction
.ajax.asp
ajax_bookmarks
ajax_calls
ajaxCFC
ajaxchat
ajaxCheckVAS
ajaxcom
ajax_comments
ajaxcontent
ajax_cron
ajaxdata
ajax_dz
ajaxed
ajaxfiles
ajax_handler
ajaxhtml
ajax-images
ajax_index
ajax_login
ajaxpages
.ajax.php
ajax-poller
ajax-popup
ajaxpost
ajaxPricing
ajaxpro
ajaxR
ajaxrequest
ajaxRequest
ajaxrequests
ajaxResponHTML
ajax_search
ajaxsearch
AjaxSearch
ajax_select
ajax_server
ajaxserver
ajaxServer
AjaxService
ajaxShipping
ajaxstarrater
ajaxtabs
ajaxtabscontent
ajb_mod
ajo
ajout
ajout-au-panier
ajoutcat
ajouter
ajout_panier
ajoutsite
ajs
ajuda
ajx
ak
AK
aka
akamai
akc
akce
akcii
akismet
akita
aks
aksessuary
akt
aktion
aktionen
aktiv
aktivierung
aktualnosci
aktuell
Aktuell
aktuelles
Aktuelles
aktuelt
aktywacja
al
AL
ala
alabama
Alabama
alain
alamo
alan
alarm
alaska
Alaska
alawar
alb
alba
albacete
albania
Albania
albany
alben
alberghi
albert
alberta
Alberta
alberto
albmgr
album
Album
albumall
album_cat
album_comment
album_delete
album_edit
albumes
album_m
album_mod
album_modcp
album_page
album_personal
albumphoto
album_pic
album_rate
albums
Albums
album_search
album_showpage
album_thumbnail
album_upload
albuquerque
alc
alcaniz
alcatel
alcoa
alcohol
Alcohol
alcool
alcudia
ale
aleks
alert
Alert
alerta
alertas
alerte
alerter
alertes
alertmod
alerts
Alerts
alex
Alex
alexa
alexander
alexandria
Alexibot
alex_poll2
alf
alfa
alfavit
alg
algarve
algebra
algeciras
algemeen
algeria
Algeria
ali
alias
aliases
alicante
alice
alien
alienform
alipay
alipayapi
alipay_notify
alipaynotify
alipay_return
alist
alive
aliveinyear
alizee
.all
all
All
ALL
all4
all_albums
allan
all-comments
allcomments
alle
allegati
allegro
allen
allergy
alles
all_funcs
allg
allgemein
Allgemein
allgemeines
alliance
Alliance
alliances
Alliances
allianz
allie
allimg
all-inclusive
Allison
AllItems
allnew
all_news
allnews
allopass
allow
allowed
allows
allpages
AllPages
all_photos
all_prodcats
all_prodmanf
allprods
all-products
all_products
allproducts
AllRecentChanges
allrecipes
allreviews
all_search
allsport
allstar
allstate
alltags
alltel
alltime
allure
allusers
ally
almacen
almanac
almeria
almunecar
alog
alogin
aLogIn
aloha
alojamiento
alojamientos
alonepage
alp
alpha
Alpha
alphabet
alphabetical
alphacontent
alpine
als
.alt
_alt
alt
Alt
ALT
alta
altads
altavista
altea
alter
alternate
Alternate
alternative
altersvorsorge
alt_images
alto
altos
altro
alum
alumnae
alumni
Alumni
alumni_add
alumni_details
alumni_info
alumni-news
alumni_Reunions
alumni_Update
alumnos
alv
alya2
alyssa
am
am_
AM
am3
ama
amanda
amap
amar
amarillo
amateur
amateurs
amaz
amazing
AMAZING
amazon
Amazon
amazon2
amazon_images
amazon_payments
amazon_search
amazon_store
ambassador
ambassadors
Ambassadors
amber
ambience
ambient
ambiente
amc
amcharts
amd
amdin
ame
amecache
amelia
amember
amend
amenities
amer
america
America
american
American
americanexpress
americart
americas
amex
AMEX
amf
amfphp
amh
ami
amici
amigo
amigos
amir
amis
amit
amline
amm
ammap
ammi
amministra
amministrazione
ammo
amod_files
amp
amps
amr
amrefresh
ams
AMS
amsterdam
amstock
amt
amtrak
amtsblatt
amy
an
AN
ana
anadir
anaheim
anal
analis
analisis
analiz
analog
Analog
analog3
analog-4
ANALOG_REPORTS
analyse
analyses
analysis
Analysis
analytic
analytics
Analytics
analyze
analyzer
anapa
anatomy
Anatomy
anbieter
anc
ancestors
ancestry
anchor
anchorage
anchors
ancien
ancient
ancillary
and
AND
andalucia
andere
anders
anderson
andes
andorra
andre
andrea
andrew
andrews
android
andy
Andy
ane
anekdot
anexos
anfahrt
anfrage
anfrageformular
anfragen
anfy
ang
angebot
angebote
Angebote
angel
angela
angelica
angelina
angelo
angels
Angels
angie
anglais
anglais-francais
anglers
angles
anguilla
Anguilla
angus
anhang
.ani
ani
anid
anim
animal
animales
animali
animals
Animals
animate
animated
animation
Animation
animations
Animations
animaux
anime
anims
anita
aniversario
ank
anket
anketa
anketa_zapis
ankety
ankieta
ankiety
ankuendigungen
anleitung
anleitungen
anli
anm
anmalan
anmelden
Anmelden
anmelden2
anmeldung
ann
anna
Anna
annai
anne
annex
annie
anniversaries
anniversaries2
anniversary
annonce
annoncer
annonces
annonceur
annonceurs
annonser
annotate
announce
Announce
AnnounceEdit
announcement
Announcement
announcements
Announcements
announcer
AnnounceSet
announcment
annu
annuaire
annuaires
annual
Annual
annual-report
annualreport
annual_reports
annualreports
annuities
annunci
Annunci
annuncio
anon
anon_ftp
anonftp
anons
anonym
anonymous
Anonymous
another
anounce
anreise
ans
anson
ansprechpartner
answer
Answer
answers
Answers
ant
antara
antenna
antennas
anteprima
anterior
antes
anthony
anthro
anti
anti-aging
antibot
antibot_image
AntibotImage
AntiBotImage
antigo
antigua
antiguo
antique
antiques
anti-spam
antispam
anti-spam-policy
antivirus
anton
antrag
ants
antwort
antworten
anunciantes
anunciate
anuncie
anuncio
anuncios
Anuncios
anunt
anunturi
anupam
Anv
Anwender
anwendungen
anxiety
any
Any
ANY
anycontent
anylink
anymedia
anything
anz
anzeige
anzeigen
Anzeigen
anzeigenmarkt
ao
AO
aoc
aoi
aol
AOL
aom
aos
aovivo
aow
ap
AP
ap1
apa
apac
apache
apache2-default
apanel
apartamentos
apartment
apartmentRequest
apartments
Apartments
apboard
apc
apd
ape
apec
apercu
apex
apf
apf4
apfeed
apg
aph
_api
api
Api
API
api2
api3
api4
Apicache
apichain
api-doc
APimage
apis
APIs
api_test
apk
apl
aplicaciones
aplication
aplus
apm
apogee
apoll
apollo
aponline
apotheken
.app
_app
app
app_
App
App_
APP
app1
app_admin
appadmin
App_Ajax
apparel
appartement
_app_bin
App_Browser
app_browsers
App_browsers
App_Browsers
appcenter
App_ClientFiles
app_cms
app_code
App_code
App-Code
App_Code
AppCode
App_Common
app_config
App_Config
app_controls
App_Controls
app_data
appdata
app_Data
App_data
App-Data
App_Data
AppData
App_Date
appeal
appeals
appearances
append
apperror
AppError
appetizers
App_Flash
appform
appies
appiesnet
App_Images
app_js
appl
apple
Apple
appleapp
applet
_applets
applets
Applets
appli
appliances
applicant
applicants
_application
application
Application
applicationlist
applications
Applications
applicationtoo
application_top
applied
apply
Apply
apply-now
applynow
ApplyNow
apply-online
apply_online
applyonline
ApplyOnline
ApplyToday
App_Master
app_masterpages
App_MasterPages
App_Masters
_app_offline
app_offline
App_Offline
appoggio
appoint
appointment
appointments
Appointments
App_Pages
appraisals
App_Resources
approach
approval
approvals
approve
Approve
approved
_apps
apps
Apps
APPS
apps2
App_Scripts
appserv
App_Services
AppSettings
appstore
appstrudl
App_Styles
app_support
app_templates
App_Templates
apptest
app_themes
App_themes
App_Themes
App_UserControl
apr
APRCalc
apresentacao
apricot
april
April
april-2010
a-propos
apropos
aprovacao
aps
apsnet_client
.apsx
apt
apteka
aq
aqua
Aqua_Products
Aquariums
aquarius
AQUARIUS
.aquery
aquitaine
.ar
ar
AR
ara
arab
arabic
Arabic
arama
aranan
aranjuez
arb
arbeit
arbeitgeber
arbo
.arc
arc
arcade
arch
archaeology
ArchBefore
ArchFind
archi
archief
archieve
architects
architecture
Architecture
architext
Architext
_archiv
archiv
Archiv
.archive
_archive
archive
_Archive
Archive
_ARCHIVE
ARCHIVE
archive1
archive2
archive3
archive4
archive5
archive6
_archived
archived
.Archived
Archived
ARCHIVED
archivedimages
archived-pages
archive_in
archive_out
archiver
Archiver
_archives
archives
Archives
ARCHIVES
ARCHIVES30
archivesearch
archivio
archivo
archivos
Archivos
archiwum
arcmulti
arcor
ard
are
area
Area
area51
Area51
areaclienti
areainfo
area-privata
arearestrita
area_ris-02
area-riservata
area_riservata
areariservata
areas
Areas
area_utenti
arena
arenas
arenda
ares
areyoukidding
arg
argent
argentina
Argentina
arges
argomenti
argus
arh
arhangelsk
arhiv
arhiva
arhive
aria
arial
ariel
aries
aries-horoscope
arimages
arizona
Arizona
ark
arkansas
Arkansas
arkiv
Arkiv
arlington
arm
armani
Armani
armenia
Armenia
armory
arms
armstrong
army
aro
arp
arp3
arq
arquivo
arquivos
Arquivos
arr
arrangements
array
Array
.array-keys
.array-merge
.array-rand
arrays
arredamento
arreter
arriba
arrival
arrive
arrow
arrowhead
arrows
ars
arsenal
arsip
arsiv
_art
art
Art
ART
art2
artcile
arte
artforms
art-gallery
artgallery
art_global
art_home
arthritis
arthur
article
Article
article1
article10
article2
article3
article4
article5
article6
article7
article8
Article-A-La-Une
ArticleArchives
articleasp
articlebot
article_cat
article_details
ArticleEditC
article_email
articlefiles
ARTICLE-IMAGE
article_images
articleimages
article_info
articlelink
article_list
articlelist
articlelive
articlemanage
article_pdf
articlephp
article-print
article_print
articleprint
article_reviews
articlerss
article_rtf
_articles
articles
Articles
articles_2
articles2
articles_3
article_search
articles_new
articles_print
articles_search
article-tags
article_tmpl
articleType
articol
articole
articoli
articolo
articulation
articulo
articulos
artifacts
artigos
artikel
Artikel
artikelliste
artikel_print
artikkel
artikler
artimages
artis
artist
Artist
artistas
artiste
artistes
artisti
artists
Artists
artistswanted
artlist
artman
artman2
_artperpage
arts
Arts
arts-culture
artshop
art_tips
artwork
Artwork
artykul
artykuly
aruba
Aruba
arylia
arzt
.as
as
AS
.asa
asa
asap
.asax
.asax.cs
.asax.resx
.asax.vb
asb
Asbestos
.asc
asc
asccustompages
ascension
ascii
asclick
.ascx
ascx
ASCX
.ascx.cs
.ascx.vb
.asd
asd
ASD
asdf
ase
a-search
asearch
.asf
asf
ash
ashby
asheville
ASHICodeofEthics
ashland
ashley
.ashx
ashx
asi
asia
Asia
asian
asiasys
aside
asin
ASIN
ask
Ask
askanexpert
askapache
ask-a-question
ask_a_question
askaquestion
askme
ask_question
askquestion
AskQuestion
asktheexpert
ask_us
askus
asl
.asm
asm_includes
.asmx
asmx
.asp
_asp
asp
.Asp
Asp
.ASP
ASP
asp2
.asp.asp
.asp.bak
asp_bin
asp_client
ASPDNSFCommon
ASPDNSFEncrypt
ASPDNSFGateways
ASPDNSFPatterns
aspdotnet
aspe
aspect
aspemail
aspen
asperror
aspfiles
ASPincludes
aspire
asplib
asplogin
aspmail
aspmailform
asp_net
aspnet
_aspnet_client
aspnet-client
aspnet_client
aspnet_Client
Aspnet_client
ASPNET_CLIENT
aspnet_clients
aspnet_webadmin
asps
aspscripts
aspsecured
ASPSecured
aspSmartUpload
ASPSpellCheck
asp_test
asptest
aspupload
.aspx
.aspx.
aspx
.Aspx
.ASPX
.aspx.aspx
.aspx.cs
ASPxGrid
.aspx.resx
.aspx.vb
asrep
ass
assembly
AssemblyInfo
assess
assessment
Assessment
assessments
assessor
assests
asset
assetmanage
assetmanagement
AssetManagement
assetmanager
assetpool
.assets
_assets
assets
Assets
ASSETS
assets2
assets-binaries
assets_c
assets_cm
assignment
assignments
assinatura
assinaturas
assist
assistance
assistant
assistenza
assoc
associate
associates
Associates
association
Association
associations
associazioni
asst
assurance
assurances
assurant
_ast
ast
asta
astats
astd
asterias
asthma
aston-villa-fc
astore
astra
astrack
astracker
astrahan
astrakhan
astro
Astro
astrologie
astrology
astronomy
Astronomy
astuces
asus
asw
.asx
asx
async
.at
at
At
AT
at3
ata
atb
atc
at-de
atde-myoffice
atelier
ateliers
atendimento
ateneo
atest
atg
athens
athlete
athletes
athletic
athletics
Athletics
athletics-news
athome
atl
atlanta
Atlanta
atlantic
atlantis
atlas
Atlas
atm
atmosphere
.atom
atom
atomfeeds
atomz_search
atos
atoz
atrium
ats
att
ATT
attach
attachment
Attachment
attachmentedit
_attachments
attachments
Attachments
attach_mod
attach_rules
attachs
attack
AttackBot
attazs
attend
attendance
attendee
attendees
attente
attention
attic
attivazione
attorney
attorneys
Attorneys
AttorneyVCard
attr
attract
attraction
attractions
Attractions
attributes
attualita
attwireless
atu
atv
atwork
atx
atzlisting
.au
au
AU
aua
auc
auckland
auction
Auction
auctiondata
auctions
Auctions
aud
audi
audible
audience
audiences
_audio
audio
Audio
audio2
audioCaptcha
audio_files
audiofiles
audiolib
audio-player
audio_player
audioplayer
AudioPlayer
audios
audio_swap
audiotest
audio_video
audiovideo
audiovisual
audit
Audit
audition
auditions
audits
audubon
Auftritte
aug
augsburg
auguri
august
August
august-2010
augusta
aui
auktion
auktionen
aup
aurora
Aurora
aus
ausgetreten
ausland
ausschreibungen
aussendienst
austin
austragen
australia
Australia
austria
Austria
auswertung
aut
autentica
autentificare
auteur
auteurs
auth
Auth
authadmin
authconfig
authen
authent
authentic
authenticate
Authenticate
authenticated
Authenticated
authentication
Authentication
authentification
AuthFiles
authnetpost
author
Author
authordata
authorfirst
authoring
authorise
authority
authorization
authorize
authorized
authorizefailed
authorizenet
authorize_net_3
AuthorPic
authorpics
authors
Authors
auth_user
autism
auto
Auto
autobackup
autoban
autocad
autocar
autocheck
autocheckroute
autocomplete
autoComplete
AutoComplete
autocompleter
autoconfig
autodiscover
autoemail
auto-europa
autofiles
autogen
autohandler
autohandlers
autoindex
auto-insurance
autolink
autoload
auto_login
autologin
automail
automarkt
automatchresult
automate
automated
automatic
automation
Automation
automne
automobile
automobiles
automobili
automotive
Automotive
auto-moto
autonews
autonotify
autopage
autoparts
autopilot
autopromo
autoptimize
autor
autorank
autore
autoren
autores
autoresp
autorespond
autoresponder
autoresponders
autoresponse
autori
autorun
autos
Autos
autoscripts
autoshow
autositemap
autostop
autosubmit
autosuche
autosuggest
autotab
autotest
autotopup
autotopup_old
auto-transport
autoupdate
autovermietung
autoviewer_pro
autre
autres
autumn
aux
auxiliares
auxiliary
av
ava
avactis-system
avail
availability
Availability
available
avalanche
avalon
avant
avantgo
AvantGo
avanzi
avatar
Avatar
avatares
avatar_legend
avatars
Avatars
avatar_upload
avaya
avb
avc
avcms
avertissement
avery
aves
.avi
avi
.AVI
avia
aviation
avila
aviles
avion
avis
aviso
aviso-legal
aviso_legal
avisolegal
Aviso-Legal
avisos
avis_produit
avn
avo
avon
avotreservice
avp
avr
avreloaded
avs
avshome
avt
avto
avtor
aw
AW
.award
award
Award
awards
Awards
away
awc
awca
awcoding
awdata
aweb
aweber
awesome
awk
.awm
awm
awmdata
awmData-menu
awp
aws
awstat
_awstats
aw-stats
awstats
AWStats
awstats-6
.awstats-data
awstats-icon
awstatsicons
awt
ax
AX
ax1
axa
.axd
axd
axel
axis
axpfamily
axroi
axs
axslinks
ayamonte
ayar
ayarlar
ayuda
Ayuda
ayudas
a-z
a_z
az
AZ
azerbaijan
Azerbaijan
azienda
aziende
azr94v2hh2lg
azr94v2hh2lgbbkk
azure
.b
b
B
b1
B1
b10
b12
B12
b2
B2
b2b
B2B
b2bcontext
b2b_info_page
b2c
B2C
b2e
b2evocore
b2evolution
b2w
b3
B3
b4
b5
b6
b7
b8
b9
ba
BA
bab
baba
babe
babel
babes
babies
baby
Baby
baby1
babycenterat
babycenterau
babycenterca
babycenterch
babycenterde
babycenteres
babycenterfr
babycenterin
babycenterse
babycentersg
babycentreuk
babylon
baby-names
babynames
bac
bacheca
.back
back
Back
back1
back2
backadmin
backdoor
BackDoorBot
_backend
backend
Backend
BackEnd
backend_dev
backgammon
backgrnd
background
Background
backgrounds
Backgrounds
backissues
backk
backlink
backlinks
backnumber
_backoffice
back-office
back_office
backoffice
backOffice
Backoffice
BackOffice
backofficelite
backofficeplus
backorder
backpack
backpage
backroom
backs
backstage
backtocs
backtoschool
.backup
__backup
_backup
back-up
back_up
backup
_Backup
Back-up
Backup
BackUp
_BACKUP
BACKUP
backup2
backup-56bf2
backup_data
backupdata
backup-db
backup_db
backupdb
backup_files
backupfiles
backupindex
backup_migrate
_backups
backups
Backups
BackUps
BACKUPS
backup_site
backurl
backurl_3
backyard
bacon
baction
.bad
bad
badajoz
badbadbots
bad-behavior
badbot
bad-bots
badbots
badbottrap
BadGDFormMail
badge
badges
bad_link
badlink
badm
Badmail
badmin
badminton
bad-robot
badrobot
badseocomponent
badurl
badwords
bag
bags
Bags
bah
bahamas
Bahamas
bahia
bahn
bahrain
Bahrain
baidu
baike
bailey
bait
Bait
baixar
baja
.bak
_bak
bak
Bak
.BAK
BAK
.bak2
baker
bakersfield
_baks
baks
bakup
balance
Balance
balans
baldwin
bali
ball
Ball
balloons
ballot
balls
baltimore
bam
bama
bamboo
ban
ban2
banca
bancos
band
Band
banda
bandeau
bandeaux
band_opener
bands
bandwidth
baner
baneri
baners
banery
bang
bangalore
Bangalore
bangbaoshi
bangkok
bangladesh
Bangladesh
bangles
ban-ip
bank
Bank
banken
bankersalmanac
banking
Banking
bankofamerica
bankruptcy
banks
banlist
ban_log
banman
banmanager
banmanpro
bann
banned
bannedips
_banner
banner
Banner
BANNER
banner1
banner2
banner3
banner4
banner6
banner_ad
bannerad
banneradmin
BannerAdmin
banner-ads
banner_ads
bannerads
BannerAds
banner-click
banner_click
bannerclick
BannerClick
BannerDisplay
bannere
bannerek
banner_element
BannerExchange
bannerfarm
banneri
banner_iframe
banneriframe
banner_images
bannerimages
BannerInfo
bannermanager
BannerManager
banner_preview
banner_redirect
bannerredirect
bannerrotation
bannerrotator
_banners
banners
Banners
BANNERS
banners1
banners2
banner-test
banner_test
bannertest
BannerTracker
bannery
banniere
bannieres
banning
bans
ban_stat
bansystem
bao
baobaozhongxin
baoming
bap
bar
Bar
BAR
baramej
barbados
Barbados
barbara
Barbara
barbie
barbour
barcelona
Barcelona
barclays
barcode
Barcode
barcodes
bare
bargain
bargains
bari
barnaul
barra
barre
barrier
barrierefrei
barrios
barry
bars
Bars
barska
bas
_base
base
Base
BASE
base2
base64
baseball
Baseball
basecamp
basements
basepr_0055
bases
basf
bash
bashas
.bash_history
.bash_logout
.bash_profile
.bashrc
basic
Basic
basics
basilicata
bask
_basket
basket
Basket
basket2
basket_add
basketball
Basketball
basketchange
basketedit
basketnav
basket-onchange
baskets
basket_util
basket_view
bass
basura
.bat
bat
_batch
batch
Batch
bates
bath
bathroom
batman
batterie
batteries
battery
battle
battles
bau
bauen
bauernhof
bausteine
baustelle
Baustelle
bav
baxter
bay
bayer
bayern
Bayern
baza
bazaar
bazar
bb
BB
bb2
bb-admin
bbb
bbc
bb-cache
bbclone
bbcode
bbcodes
bbd
bbdd
bbeditor
bb-images
bb-includes
bbk
bbl
bb-login
bbm
bbmaster
bboard
bbp
bb-plugins
bbpress
bbq
bb_register
bbs
Bbs
BBS
bbs1
bbs2
bbt
bbtcomment
bbtcontent
bb-templates
bbtest
bbtmail
bbtstats
bbtvaluation
bbw
bbx
bc
BC
bc3
bca
bcastLabels
bcastMain
bcastProc
bcastr
bcbs
bcc
bc_cns
bc_cnt
bc_cnt-live
bcg
bc_img
bc_jap
bc_jap-live
.bck
bck
bckup
bcl
bclick
bcp
bcs
bd
BD
bday
bdb
bdc
bdd
bds
bdsm
be
BE
bea
beach
beaches
beacon
beads
bean
beans
bear
bearbeiten
bears
beat
beatles
beats
beaute
beauty
Beauty
beaver
bebe
bec
becker
beckham
becky
become
become_editor
bed
bedankt
bedding
Bedding
bedford
Bedford
bedingungen
bedrijfsinfo
bedrijven
bedroom
beds
bee
beef
beehive
beer
beez
before
beforeafter
before_board
be-fr
befr-myoffice
be-gb
begin
beginner
beginners
begun
behavior
behaviors
beheer
bei
beian
beifen
beijing
beispiel
beitrag
bekanntschaften
bekleidung
bel
belarus
belegung
belgie
belgique
belgium
Belgium
belgorod
belize
Belize
bell
bella
belle
bellevue
bellsouth
belmont
belt
bem
BemVindo
ben
bencandy
bencandy_html
bench
benchmark
benchmarks
beneficios
benefit
benefits
Benefits
bengali
benidorm
benin
be-nl
benl-myoffice
Bennar
benriya
bentley
benutzer
Benutzer
Benutzerkonto
berater
beratung
bereich
bergamo
bergen
bericht
berichte
berita
berkeley
berkshire
berlin
Berlin
bermeo
Bermuda
bernard
berry
bespoke
best
Best
bestaetigung
bestanden
best-buy
bestbuy
best_deal
bestel
bestell
bestellen
bestellen1
bestellung
Bestellung
bestellungen
bestellvorgang
best-mortgages
bestof
bestoffer
best_practices
bestpractices
bestrate
best_rated
best-sales
bestseller
best_sellers
bestsellers
bestselling
bet
bet365
_beta
beta
Beta
BETA
beta1
beta2
beta3
betalen
betaling
betas
betasite
beta_test
betatest
betfair
betfred
bethany
beton
bets
betsie
better
betting
betty
bev
beverages
beverlyhills
bewerben
bewerber
bewerbung
bewerten
bewerten2
bewertung
bewertungen
beyond
bezopasnost
bf
BF
bfc
bfg
bfiles
bfm
bfs
bg
BG
bg1
bg2
bg-gb
bgimage
bgs
Bgt
Bgt2
Bgw2
bh
BH
bhc
bhg
bh-gb
bhh
bhp
.bhtml
bhutan
bi
BI
bib
bible
Bible
bibles
biblio
Biblio
bibliography
biblioteca
biblioteka
bibliothek
bibs
bic
biccamera
bid
Bid
bidding
bidhistory
bidhopper
bids
Bids
bienestar
bienvenida
bienvenido
bienvenue
big
Big
big5
bigbrother
bigdump
bigimage
biglietti
bigpic
bigpics
big-picture
bigpicture
bijou
bijoux
bike
bikes
bikespeak
bikini
bil
bilbao
bild
bilder
Bilder
bildergalerie
bildergalerien
bildnachweis
bildung
bill
Bill
billboard
billboards
billeder
billetterie
billinfo
billing
Billing
billing2
billings
billpay
bills
billspaypal
billy
bimages
bimbomarket
.bin
_bin
bin
Bin
BIN
binaries
binary
bind
binder
bing
bingen
bingo
Bingo
bingo-scotland
BingSiteAuth
bin_install
bin_old
bins
binsource
binSrc
bio
biodiversity
biog
biographies
Biographies
biography
biology
bios
Bios
BIOSKINCARE
BIOSKINCLEAR
BIOSKINEXFOL
biotech
bio_vcard
bird
birds
birdseye
birmingham
Birmingham
birth
birthday
Birthday
birthdays
Births
bis
bistro
bit
bitbucket
BitKeeper
bitmaps
bitrix
bitrix_personal
bits
biuletyn
Bi-weeklyPmtCalc
biz
Biz
bizcard
biz_manage
biznes
bizrate
bj
BJ
bjp
bjs
.bk
bk
BK
bkgs
.bkp
bkp
bkshp
_bkup
bkup
BKUP
bl
BL
bla
blab
black
Black
blackandgoldclub
blackberry
Blackberry
blackboard
blackbook
blackbox
blackhole
blackjack
blacklist
Blacklist
blackout
blackpool
blad
blaetterkatalog
blah
blanco
blanes
_blank
blank
Blank
BLANK
Blank_Admin
blank_config
blanki
blanks
blank_template
Blankwebcode
blast
blasts
blau
Blazer
blb
blc
blg
blind
blinds
blink
blinks
bliss
blisters
blitz
bll
BLL
blob
block
Block
blockcache
blocked
blocking
blocklist
blockme
blockPages
blocks
Blocks
blocs
.blog
_blog
blog
Blog
BLOG
blog1
blog-2
blog2
blog3
blog4
blog5
blog6
blog7
blog9
blogadmin
blogAdmin
Blog_Admin
blog_ajax
blogapi
blog_attachment
blog-backup
blog_backup
blogbio
blog_callback
blog_captcha
blogcategory
blog_comment
blog-content
blog-en
blog_external
blogfeed
blogfiles
blogg
blogger
bloggers
blogging
Blogging
blogi
blog-images
blog_images
blogimages
blog_inlinemod
blogit
blog-new
blog-old
blog_old
blogold
blogpics
blog-post
blog_post
blogpost
blog-posts
blog_preview
blog_report
blog_request
blogroll
blogrss
blogs
Blogs
blog_samples
blog_search
blogsearch
blogsearch_feeds
blogsection
blogsession
blogspot
blog_sys
blog_tag
blog-test
blog_test
blogtest
blogtop
blog_usercp
blok
bloki
bloknot
blonde
blood
bloodhound
bloom
bloque
bloques
BlowFish
blowup
blp_soap
blp_soap-query
bls
blue
Blue
blueberry
bluechat
bluehost
blueprint
blues
bluetooth
_blulab
blu-ray
bluray
blurb
blz
bm
BM
bma
bmadmin
bmail
bmc
bmi
.bml
bml
bml_email
bml_holiday
bml_savings
bml_spotlight
.bmp
bmp
.BMP
bms
bmw
BMW
bmx
bmy
bmz_cache
bn
BN
bna
bnb
bnbform
bnc
bnnr
bnp
bnr
bnrs
_bo
bo
BO
boa
BOA
board
Board
board2
boarddocs
board-members
boardoftrustees
board_old
BoardOnly
board-profile
boardroom
boards
Boards
boardsearch
boardtest
boat
boat-details
boating
boats
Boats
boatsforsale
boatshow
boatwizard
bob
boboprintbe
boboprintnl
boc_import
bod
BOD
boda
bodas
body
Body
bodybuilding
bodyshop
boe
boeing
boeken
boeking
boerse
boevik
boffice
bog
bogota
bogus
boise
boiterose
.bok
bok
boke
bokning
bol
BOL
boletim
boletin
Boletin
boletines
Boletines
boleto
boletophp
boletos
bolivia
Bolivia
bollywood
bologna
bolsa
bolsas
bom
bon
bond
Bond
bonds
bone
bonita
bonjour
bonsai
bons-plans
bonus
Bonus
bonuses
boo
book
Book
book1
book2
book3
book4
book5
book-an-ad
bookanad
bookclub
BookCollect
bookcovers
bookies
bookimages
BookInfo
booking
Booking
booking1
booking2
bookingengine
bookingengines
bookingform
bookings
Bookings
bookit
bookkeeping
booklet
Booklet
booklist
bookmaker
bookmakers
bookmark
Bookmark
bookmark-button
bookmarkicons
bookmarking
bookmarklet
bookmarks
Bookmarks
bookmarks_rss
book-now
booknow
book-online
bookonline
bookpic
bookreview
book-reviews
books
Books
books1
booksearch
booksellers
bookshelf
bookshop
booksite
book-store
bookstore
Bookstore
bookstores
boom
boone
boonex
boost
booster
boost_stats
boot
bootcamp
booth
boots
Boots
bootstrap
bop
bordeaux
_border
border
_borders
borders
_BORDERS
boris
borja
born
borrar
borrowing
bos
BOS
bosbos
bosch
bosque
boss
boston
Boston
bot
BotALot
both
botkiller
botonera
botones
BotRightHere
bots
botsi
bot-sperre
botsv
botswana
bottles
bottom
Bottom
bottommenu
bot-trap
bot_trap
bottrap
boulder
bounce
bouncer
bourse
boutique
Boutique
boutiques
boutique_us
bow
bowling
bowls
box
Box
boxen
boxer
boxes
boxing
boxoffice
boxster
boy
boyd
boys
bp
BP
bpa
bpm
bpo
bpp
bps
bq
br
BR
bra
bracelets
brack
brad
Brad
bradesco
bradford
braille
brain
brains
branch
branche
branchen
branchenbuch
branches
brand
Brand
branded
brandenburg
branding
Branding
brandon
brands
Brands
bras
brasil
brat
bratz
braun
bravo
brazil
Brazil
brb
brc
brd
bre
bread
breadcrumb
breadcrumbs
breads
break
breakdown
breakfast
Breakfast
breaking-news
breaking_news
breakthrough
breast
breastcancer
bredir
breeders
breeds
breeze
bremen
brend
brenda
brent
brentwood
brescia
bretagne
brett
breve
breves
brewing
brian
Brian
brick
bricks
bricolage
bridal
bride
brides
bridesonly
bridge
bridgemgr
bridges
brief
briefcase
briefing
briefings
briefs
brightcove
brighton
bring
brisbane
bristol
britney
brittany
brm
broadband
Broadband
broadbeach
broadcast
Broadcast
broadcasts
broadway
brochure
Brochure
brochure1
brochures
Brochures
brock
broken
brokenfile
broken-link
broken_link
brokenlink
broker
Broker
broker_access
brokerage
brokers
bron
bronze
brooklyn
brooks
broome
broomfield
broshures
brown
.browse
browse
Browse
browse2
Browse_Catalog
browsecategory
browsedocs
browsefile
browseimages
browse-jobs
browselinks
browsenotes
browsephotos
browsepr
browseproducts
browser
Browser
browsercheck
browserepos
browserinfo
browsers
browsersync
browser-update
browsesources
browsetag
browsetrees
browsetrees-old
brs
bruce
Brukerdiskusjon
brunch
brunette
bruno
brunswick
brush
brushes
brussels
bryan
bryansk
bs
BS
bsa
bsc
bsd
bse
bsearch
bshow
bsi
BSI
bsm
bsmart
BSMART
bso
.bsp
bsp
_bsptp
bss
bst
bt
BT
btauxdir
btc
btm
btn
btns
bto
btob
btp
.btr
bts
.bu
bu
BU
bub
bubble
bubbles
buch
buchen
buch-resources
buchung
buck
bucket
bucuresti
bud
budapest
buddha
buddies
buddy
buddylist
budget
Budget
budgetonline
budgets
buecher
buenos-aires
buerger
buero
buff
buffalo
buffet
bug
bugang
buglog
bug_report
bugreport
bugs
Bugs
bugtrack
bugtracker
bugzilla
buick
Buick
build
Build
BuildBcastEmail
BuildBIDReq
builder
Builder
builders
Builders
build_indexes
building
Building
buildingdetails
buildings
builds
BuiltBotTough
buitracker
bukken
bulgari
bulgaria
Bulgaria
bulgarian
bulk
Bulk
BulkDiscounts
bulk-email
bulkemail
bulkmail
BulkMail_Admin
bulkupload
bull
bullet
bulletin
Bulletin
bulletin_board
bulletinboard
bulletins
Bulletins
bullets
Bullets
bullseye
Bullseye
BullsEye
bullying
bulten
bump
bumper
bund
bundesliga
bundle
bundled-libs
bundles
bungalow
bunny
BunnySlippers
bunol
buoni-sconto
bup
bureau
bureaus
burgos
burlington
burningbook
bursar
burst
bus
busc
busca
Busca
buscador
buscadores
buscape
buscar
buschgardens
buses
bush
bushnell
business
Business
businesscard
business-cards
business_cards
businesses
Businesses
business-news
business-wire
busq
busqueda
Busqueda
busquedas
busy
but
butik
butler
butterfly
button
button1
button2
button3
button4
button5
button6
button_images
buttons
Buttons
buxus
buy
Buy
buy2
buy-a-photo
buycart
buyer
buyers
buyersguide
buygoods
buying
buying-homes
buyit
buy_it_now
buy-now
buy_now
buynow
buyNow
BuyNow
buyonline
buypost
buyproduct
BuyProduct
BUYproducts_id
buy_r
buy-sell
buysell
buy-tickets
buy_tickets
buytickets
buzz
buzzResults
bv
BV
bvadmin
BVAdmin
BVComponents
BVConfigure
BVFrame
BVModules
BVSandbox
BVServices
BVSQL
bw
BW
bwc
bwi
bwin
bx
by
BY
bye
byebye
byers
byLanguage
bylaws
by-manufacturer
by_name
byo
byp
bypass
bypemail
byTechnology
bytype
bz
.bz2
.bzr
.c
_c
c
.C
.C.
C
c0
c_1
c1
c13
c140
c15
c2
c20
c21
c23
c3
c30
c31
c4
C4
c5
c6
c64
c7
c8
.ca
ca
CA
caa
.cab
cab
cabecalho
cabecera
cabin
cabine
cabinet
Cabinet
cabinets
cabins
cable
cables
caboose
cabs
cac
c_accinfo
caceres
cach
.cache
_cache
cache
Cache
CACHE
cache1
cache2
cacheadmin
CacheControl
cached
Cached
cachedata
cache_files
cache_files1
cache_html
cachep
cache_page
cache_public
caches
caching
cacti
c_action
cactus
cad
CAD
cadastro
caddie
caddy
cadeau
cadeaux
cadillac
Cadillac
cadiz
cadmin
cadres
ca-en
caen
ca_ES
caf
cafe
cafepress
cafeteria
ca-fr
ca_fr
cag
cagliari
cai
caicai
caiji
cairns
cairo
caisse
caixa
cake
cal
Cal
calabria
calaratjada
c-albelli-be
c-albelli-be-fr
c-albelli-be-nl
c-albelli-com
c-albelli-de
c-albelli-fr
c-albelli-it
c-albelli-nl
c-albelli-no
c-albelli-se
c-albelli-uk
calc
CalcAPR
CalcBalloon
CalcBiWeekly
CalcInterestOnly
calcio
CalcLoan
CalcMax
cal_config
CalcPayoff
CalcPoints
CalcQualifier
CalcRefiBreakeven
CalcRentvsBuy
CalcReqIncome
calcs
CalcTax
calculadora
calculate
calculated
calculation
Calculation
calculator
calculators
Calculators
calcviews
caledonia
calen
.calendar
_calendar
calendar
Calendar
CALENDAR
calendar1
calendar2
calendar_big
calendar_events
calendarevents
calendar_inc
calendario
Calendario
calendarix
calendar_list1
calendar_list2
calendar_list3
calendar_list4
calendar_list5
calendar_list6
calendar_list7
calendar_list8
calendar_list9
calendar_month
calendar_new
calendar_old
CalendarPopup
calendars
Calendars
calendar_sports
calendar_week
calender
calendrier
calendriers
calgary
cali
california
California
cal_images
call
Call
callaway
call-back
call_back
callback
Callback
callbacks
callcenter
callCenter
CallCenter
Callforprice
calling-card
calling-cards
CallInitialPage
callme
callmeback
call_request
calls
.call-user-func-array
cal_popup
cals
calview
calvin
calwin
calx
cam
CAM
cam1
cam2
cam3
cambio
cambodia
Cambodia
cambridge
Cambridge
cambrils
camcorders
camden
camel
camelbak
camelot
camera
cameras
Cameras
cameron
camp
campagne
campagnes
campaign
Campaign
campaigns
Campaigns
campanha
campanhas
campania
campbell
campeggio
Campeggio
campers
camping
Camping
campings
campo
campos
camps
campsite
Campsite
campsites
campus
Campus
campuses
campus_life
campuslife
campusmap
campusuite
cams
camtasia
can
canada
Canada
Canadian
canais
canal
canales
canberra
cancel
Cancel
cancellation
cancellations
cancelled
cancel_order
cancelorder
cancer
cancercare
cancer-horoscope
cancun
candidat
candidate
Candidate
CandidateLists
candidates
Candidates
candidatos
candidature
candle
candles
cands
candy
cannedreplies
cannes
canon
Canon
cantabria
canvas
canyon
cao
cap
CAP
capa
capabilities
capability
capacitacion
capback
_capca
capcha
capcom
cape
capimg
capital
Capital
cappayment
capri
capricorn
caps
capt
captain
.captcha
_captcha
captcha
Captcha
CAPTCHA
captcha2
.captcha.aspx
captcha_debug
captchaform
captcha_image
captchaimage
CaptchaImage
captcha_img
captchas
caption
captions
capture
captures
car
Car
car100
caratulas
caravan
caravans
carbon
carbuyaction
card
Card
cardiff
cardinalauth
cardinalform
cardio
cardiology
cardiovascular
cards
Cards
cardsdesigns
cardsimages
cardslayouts
cardsoccasion
care
Care
carecredit
career
Career
career_center
careercenter
careerfocus
careerpath
careers
Careers
careerservices
carefree
carfax
cargo
car-hire
carhire
cari
caribbean
Caribbean
carina
caring
car-insurance
carl
carlos
carlton
carmel
carmen
carnaval
carnet
carnival
carol
carolina
carolinas
caroline
carousel
carousel_files
carp
carpenter
carpet
carpetas
carp_evolution_4
carpsetup
carrefour
carrello
Carrello
car-rental
car_rental
carrentals
carrier
carriers
carrinho
Carrinho
carrito
carro
carros
cars
Cars
carson
.cart
_cart
cart
Cart
cart1
cart2
cart3
cart32
carta
cart_action
cart_add
cartadd
cartAdd
CartAdd
cartagena
cartas
cartaya
cart_checkout
CartConfig
cart_confirm
cartdata
cart_del
cartdemo
carte
cartepaiement
carter
cartes
cartHandler
cartimages
cartina
cartinfo
cartItem
cart_items
cartjs
cartlib
carto
cartoes
cartoline
cartoon
cartoons
cart_order
CartPage
cartpics
cartPreview
cart_qty
cart_retrieve
carts
Cart-Show
cart-thankyou
cart_update
cart_view
cartview
cart-wcm-bak
carver
cas
CAS
casa
casanova
casa-rural
casas
cascade
case
Case
cases
case-studies
case_studies
casestudies
Case-Studies
CaseStudies
case-study
casestudy
casey
cash
Cash
cash-back
cashback
cashe
cashier
.casino
casino
Casino
casino-banking
casino_games
casino-news
casinos
casio
cass
cassa
cast
castellon
casting
castings
castle
castles
castrol
cast_vote
.cat
cat
Cat
CAT
cat1
cat2
cat2000
cat3
cat4
cata
cat_add
catads
catal
catalina
catall
_catalog
catalog
catalog_
Catalog
catalog1
catalog2
catalog3
catalog_admin
catalogcart
catalog_de
cataloges
cataloghi
catalog_images
CatalogImages
catalog-item
catalog_new
catalogo
Catalogo
catalog-old
catalog_old
CatalogOrderForm
catalogos
catalog_request
catalogrequest
CatalogRequest
_catalogs
catalogs
Catalogs
catalogsearch
catalog_test
catalogue
Catalogue
catalogues
CatalogueSearch
catalogus
catalyst
catania
catch
catcol
cate
categ
categoria
categorias
categorie
categories
Categories
category
Category
category-1
category1
category2
category3
CategoryDisplay
categoryevents
category_images
CategoryImages
category_list
categorylist
categorypath
category-s
category_s
category_search
categoryview
CatEntrySearch
Caterer-Search
catering
catexport
catexport2
catfish
catherine
catholic
cathy
Cathy
catid
cat_images
catimages
catimg
catlist
catmgr
catresult
cats
catsicons
cattle-for-sale
catview
caurina
causes
cauta
cautare
cautari
cave
cayenne
cayman
cb
CB
cb3
cba
c_basket
cbb
cbbs
cbc
cbe
cbi
c-bijenkorf
c-bild
cbk
cbl
cblog
cbm
cbn
c-bonusprint
cbp
cbs
CBS
cbt
.cc
_cc
cc
CC
cca
ccadmin
ccard
ccauth
ccbill
ccbyfax_form
ccc
CCC
ccc2
cc-common
ccd
ccds
cce
ccf
ccg
ccgi-bin
cch
cch_css
cch_js
cci
ccis
ccl
cclist
cclogos
ccm
ccmail
ccna
cco
ccode
ccount
ccp
ccp51
ccpayment
CCpayment
CCProcess
ccs
CCS
ccsearch
ccss
cct
cctv
cctvprinting
c_custom
ccv
c-d
cd
CD
cd1
cda
CDA
cdata
cdb
cdc
cde
cdi
cdl
cdma
cdn
cdn-cgi
cdo
cdp
.cdr
cdr
cdrom
cds
CDs
CDS
ce
CE
cea
cebit
cec
cecil
ced
cedar
.cedit
cee
ceg
cel
celeb
celebrate
celebration
celebrations
celebrities
Celebrities
celebrity
Celebrity
celebrity-news
celebs
cell
cella
cellphone
cell-phones
cellular
celtic
celular
cem
CEmail
cemeteries
cemetery
cen
ceneo
cenik
cennik
censor
census
Census
centennial
center
Center
centers
Centers
centr
central
Central
centralad
central-america
centre
centres
centro
centros
century
century21
ceny
ceo
cep
.cer
ceramic
cerberus
cerberus-gui
cerca
Cerca
ceremony
cerror
cert
Cert
cert1
certain
certi
certif
certifica
certificados
certificate
Certificate
certificates
Certificates
certification
Certification
certifications
certified
certify
certs
Certs
certsrv
ces
ceshi
cesta
Cesta
cestino
cetelem
cev
cf
CF
CFAppMan
cfapps
.cfc
cfc
CFC
cfcs
cfd
cfdocs
Cfdocs
CFDOCS
cffm
cfformprotect
cffs
.cfg
_cfg
cfg
cfgECText
.cfg.php
cfi
cfide
Cfide
CFIDE
cfincludes
cfl
cflash
.cfm
cfm
.CFM
.cfm.cfm
.cfml
cfml
cform
cforms
cforum
cfp
cfr
cfs
cft
_cftags
cftags
cftest
cfusion
cfx
cg
CG
cga
cg-bin
.cgi
_cgi
cgi
CGI
cgi2
cgi-admin
cgi-bi
_cgi-bin
cgi-bin
cgi_bin
cgibin
Cgi-bin
Cgi-Bin
CGI-Bin
CGI-BIN
CGI_BIN
cgi-bin2
cgi-bin-backup
cgi-bin-church
cgi-bin-debug
cgi-bin-live
cgi-bin_ssl
_cgidata
cgi-data
cgidir
cgi-dos
cgiemail
cgi-files
cgi-global
cgi-html
cgi-image
cgi-lib
cgilib
cgi-local
Cgi-Local
cgi-moses
cgi-out
cgi-perl
cgi-perlx
cgi-php
cgi-pl
cgi-priv
cgiproxy
cgis
cgi-script
cgi-scripts
cgi-sec
cgi-secure
cgi-server
cgi-shl
cgi-shl-prot
cgi-src
cgi_src
cgi-ssl
cgi-store
cgi-sys
cgi-test
cgi-win
cgiwrap
cgu
cgv
CGV
.ch
ch
Ch
CH
ch2
cha
chache
chad
chain
chains
chair
chairs
chalet
challenge
challenger
Challenger
challenges
chamados
chamber
chameleon
Chameleon
champ
champagne
champion
champions
champions-league
chan
chandigarh
chanel
Chanel
chang
change
Change
change4life
changeaddress
change_area
changebyppasswd
changecountry
changecurrency
change_email
changeemail
change_lang
changelang
.changeLang
.changeLang.php
change_language
changelanguage
changelist
changelog
Changelog
ChangeLog
CHANGELOG
changelogs
changeme
change_pass
changepass
change-password
change_password
changepassword
changePassword
ChangePassword
changeposter
changeprofile
changepw
changepwd
changes
CHANGES
changeset
change-style
changestyle
change-tracker
changeuname
changeuserinfo
ChangeUsername
chango
channel
Channel
channel_fb
channels
Channels
chanpin
chapel
chapter
chapteredit
chapters
Chapters
char
character
Character
characters
charge
charges
charities
charity
charles
charleston
charlie
charlotte
Charlotte
charmingru
charsetmgr
chart
Chart
ChartAxd
ChartDirector
charte
charteA
charteB
charter
charterflug
charters
ChartImg
Charting
charts
Charts
charts_library
chase
_chat
chat
Chat
CHAT
chat1
chat2
chat3
chat7
chatbox
chatbox_mod
chatlink
chatlive
chatlogin
chatlogs
chatorg
chat_room
chatroom
ChatRoom
chatrooms
chats
chatspot
chatter
chattest
chc
chcounter
chCounter
chCounter3
ch-de
che
cheap
cheap-flight
cheap-flights
cheapflights
cheaply_see
cheat
cheats
cheatsheet
cheboksary
_check
check
Check
check1
check2
CheckCode
checkcomentariu
CheckCookie
checkcookies
checkDate
check-email
checkemail
checker
checkers
checkin
checking
checkip
checklink
checklist
checkliste
checklists
check_login
checklogin
checkLogin
checklogs
checknew
check-out
check_out
checkout
checkout_
Checkout
CheckOut
CHECKOUT
checkout1
checkout2
Checkout2
checkout3
checkout4
checkoutanon
checkout_cart
checkoutconfrim
checkout_fax
checkout_iclear
checkout_login
checkout_payment
checkoutpayment
checkout_process
checkout-result
checkoutreview
checkouts
checkout_step1
checkout-step2
checkout-step3
checkout-step4
checkout-step5
checkout-step6
checkout_success
checkout-upload
checkout-wait
checkpoint
checks
checkspelling
checkup
checkupdate
checkuser
check_username
checkvote
cheers
cheese
CheeseBot
chef
chelsea
chelyabinsk
chem
chemical
chemicals
chemistry
chennai
Chennai
cheque
cher
chercher
cherokee
cherry
CherryPicker
CherryPickerSE
cheryl
chesapeake
cheshire
chess
chester
Chester
chestionar
chevrolet
Chevrolet
chevron
cheyenne
ch-fr
chg
ch-gb
chi
chiba
chi-bin
chicago
Chicago
chicas
chicken
chief
child
childcare
.children
children
Children
childrens
chile
Chile
chili
chimg
china
China
chinabank
china-visa
chinese
Chinese
chip
chips
chi-siamo
chi_siamo
chisiamo
chita
chittenden
chiyodaku
chk
chklogin
chkLogin
ChkOutPayment
.chm
chm
chmod
chn
chocolate
choice
choices
choir
choix
cholesterol
chongqing
choose
choose_cat
choosecurrency
chooses
choosing
Choosing
chord
chords
chp
chpurl
chr
chris
Chris
christchurch
christian
Christian
Christine
christmas
Christmas
christmascard
christmas-news
chrome
chromejs
chrometheme
chron
chron_export
chronicle
chronicles
chronik
chron_import
chrysler
Chrysler
chs
cht
chuck
chunchun_manage
chunk
church
churches
churchill
chyba
ci
CI
cia
ciao
cias
cic
ciclismo
cid
CID
cidade
cidades
cie
ciencia
cif
cig-bin
cikis
cikk
cimages
cimg
cimjobpostadmin
cin
cinc
cincinnati
cincshared
cindex
cindy
cine
cinema
Cinema
cinemas
c_info
cinfo
cingular
cink
cintas
cio
cip
cir
circare
circle
circuitcity
circuito
circuits
circulation
cirkuitincludes
cirrus
cis
CIS
cisco
cisv
cit
citation
Citation
citations
cite
Cit-e-Access
citemap
citi
citibank
cities
Cities
cities_reg
citizen
Citizen
citizens
citizenship
citmgr
citrix
Citrix
citroen
citta
city
City
city2
city-guide
cityguide
cityguides
cityimages
citymap
citysearch
ciudad
ciudades
civic
civicrm
civil
cj
CJ
cjadmin
cj_out
cjs
cjstats
ck
CK
ckeditor
CKeditor
ckfinder
cl
CL
cl2
cla
CLA
clackamas
claim
claiming
claim-profile
claims
claims_form
clan
clanek
clanky
clanok
clans
clare
clarion
clark
claroline
clas
clase
clases
clasificados
.class
_class
class
Class
class2
classads
class_core
classe
classeetconfort
classegenerique
classement
_classes
classes
Classes
CLASSES
classfiles
classi
classic
Classic
classical
classics
classificados
classified
Classified
classified-ads
classifieds
Classifieds
classifiedsmore
classifier
classify
ClassLibrary
classmates
class_md5
.class.php
classroom
classroompages
classrooms
claudia
clayton
clc
cle
clean
cleaner
cleaning
CleansePatch
cleansers
cleanup
clear
clearance
Clearance
clear_cache
clearcache
ClearCache
clearcookies
clearing
clearinghouse
clearpixel
Clear_Skin_1
Clear_Skin_3
cleartrip
clerk
clermont
cleveland
clf
clg
cli
clic
click
Click
click2
click2call
click_ad
clickad
clickbank
click_banner
Clickboard
clickcount
clickcounter
clicker
clickheat
ClickInfo
click_log
clickme
click-n-vote
clickout
clicks
clickstats
clicktale
ClickTale
ClickTaleCache
clickthrough
ClickThrough
clickthru
clicktrack
clickTrack
click_tracker
clicktracker
_client
client
Client
clientaccess
client_account
client-address
client_admin
clientadmin
ClientApi
client-area
client_area
clientarea
clientbin
ClientBin
client_data
clientdata
cliente
clientes
clientes2
client_files
clientfiles
ClientFiles
clienti
client-images
client-list
client-login
client_login
clientlogin
ClientLogin
client_logon
client-new
client-orders
clientportal
_clients
clients
Clients
client-save
clientscript
ClientScript
client_scripts
clientscripts
ClientScripts
clientscrpt
clientservices
ClientSide
clientsurvey
clienttools
clientupload
client_uploads
clientuploads
clientvarremoval
cliff
clik
clima
climate
Climate
climate_change
climbing
clinic
clinical
clinicaltrials
clinics
Clinics
clink
clip
clipart
clipboard
clipping
clippings
clips
Clips
clipserve
clique
clk
clm
cl_notify
cload
cloak
cloaking
clock
Clock
clocks
c_login
clogin
c_login_order
clone
clone_check
close
closed
Closed
closeouts
closet
closeup
clothes
clothing
Clothing
cloud
clouds
clp
cl_return
.cls
cls
Cls
clsHTTP
cltreq
club
Club
clubes
clubhouse
clubs
Clubs
ClubSaveology
clubsinfo
clues
cluetip
cl_upgrade
cl_upload
cluster
clusters
cm
CM
cma
CMA
cmagency
cma-inquiry
cmc
cmcic
cmcic_response
cmc_upload
.cmd
cmd
cmdocs
cmds
cme
CME
cmf
cmfiles
cmg
cmh
cmi
cmimages
cml
cmm
cmn
cmo
cmon
cmp
cmpi_popup
cmps_index
cmr
.cms
_cms
cms
Cms
CMS
cms1
cms2
cms3
cms300scripts
CMS400Min
cms64
cms_addon
cms-admin
cms_admin
cmsadmin
cms-Admin
cmsAdmin
CMS_Admin
CMSAdmin
CMSAdminControls
CMSBlog
cms_cache
cms_content
cms_css
CMSdbsearch
cmsdemo
cmsdesk
CMSDesk
cms_docs
CMSEcommerce
cms_files
cmsfiles
CMSFiles
CMSFormControls
CMSForum
CMSHelp
cms_images
cmsimages
cmsImages
cms_img
cmsimple
CMSImportFiles
cms_includes
CMSInstall
CMSLayouts
cmslogin
CmsLogin
CMSLogin
CMSMasterPages
cms_menu
CMSMessages
CMSMessaging
CMSModules
cms_old
cmspage
cmspages
CMSPages
CMSPreviews
CMSReporting
CMSResources
CMSScripts
cmssitemanager
CMSSiteManager
CMSSiteUtils
cmsTemplates
CMSTemplates
cmstest
cmstop
CMSWebParts
cms_widgets
cmt
CMT
CMultiBot
cmy
.cn
cn
CN
cna
cnc
cncat
cncat_admin
cncat_config
cncat_engine
cncat_export
cncat_links
cncat_manual
cnd
cnet
cnews
c_news_show
.cnf
cnf
cng
cnn
cno
cnp
cnr
cns
cnstat
cnstats
cnt
cntr
.co
co
Co
CO
co1
co2
coa
coach
Coach
coaches
coach-history
coaching
Coaching
coal
coast
coastal
coatings
cob
coba
cobertura
cobra
cobrand
cobranded
cobranding
cobrandoct
cobrandocts
coc
cocacola
coches
cockpit
cocktail
cocktails
coco
.cocomore
.cocomore.txt
cocoon
cocuk
cod
COD
.code
_code
code
Code
code2
codebase
codebehind
codecheck
codeeditor
codeigniter
codelib
codelibrary
codelock
code-of-practice
codepress
codes
codesearch
code_tree
codigos
coding
coe
cof
coffee
Coffee
cogs
coh
coi
coID
coin
coins
col
colab
colabora
colaboradores
coldfusion
coldspring
coldwellbanker
cole
colecciones
coleman
Colgate
colin
coll
collab
collaborate
collaboration
collaborations
collabtive
collage
collapse
collateral
Collateral
collect
collectibles
collection
Collection
collections
Collections
collector
Collector
collectors
college
College
colleges
Coll_Info
collweb
colocation
colombia
Colombia
color
color1
colorado
Colorado
colorbox
color_bumper
coloriages
coloring
color_picker
colorpicker
colors
colorschemes
colour
colours
colt
coltczc
columbia
Columbia
columbus
column
columnist
columnists
columns
.com
_com
com
Com
.COM
COM
coma
com_acajoom
com_act
comadmin
com_adsmanager
ComAgent
ComAgentInstall
comanda
comanda-rapida
.com_Backup_Giornaliero
.com_Backup_Settimanale
com_banners
combi
combine
combined
combo
combobox
combos
comcast
comcast2
com_comment
com_comprofiler
com_contact
com_content
.com.crt
com_csvimproved
comdiag
come
com_easybook
comeback
comedy
coment
comentar
comentarii
comentario
comentarios
coments
comercial
comercio
comersus
cometchat
com_facileforms
com_fireboard
comfort
com_frontpage
.com.html
comic
comics
coming
coming-soon
coming_soon
comingsoon
ComingSoon
com_jce
com_jcomments
com_jomcomment
com_joomgallery
com_joomlapack
com_login
comm
Comm
com_mailto
command
commande
commander
commandes
commandfile
commands
commandshop
CommConfig
com_media
commencement
comment
Comment
comment_add
commentadd
commentaire
commentaires
comment_ajax
commentaries
commentary
Commentary
commentblock
commented
comment_edit
commenter
comment_feeds
comment_form
commentform
commenti
commentit
commentlist
commentluv
commento
comment-page
comment-page-1
comment-page-2
comment-page-3
comment-page-4
comment-page-5
comment-page-6
comment-page-7
comment-policy
comment_post
.comments
comments
Comments
comments2
comments_links
comments_rss2
CommentView
commerce
Commerce
commercial
Commercial
commercials
com_messages
commission
commissioner
commissions
commit
committee
Committee
committees
Committees
commodity
commom
.common
_common
common
_Common
Common
COMMON
common2
common_assets
commoncontrols
CommonControls
common_files
commonfiles
CommonFiles
common_images
commonimages
commonImages
CommonImages
common_img
commoninc
common_includes
common_old
commonpages
CommonPgm
.common.php
commons
common_scripts
common_solswv1
commonspot
comms
commun
Commun
communaute
communicate
communication
Communication
communications
Communications
communique
communiques
communities
Communities
community
Community
Community-Care
CommunitySite
community-tags
com_newsfeeds
como
como_chatear
comp
comp1
comp2
compact
compania
companies
Companies
companion
company
Company
companyimages
company-info
company_info
companyinfo
CompanyInfo
companylist
company_logo
company-profile
CompanyProfile
CompanySearch
compaq
compara
comparateur
comparatif
comparator
compare
Compare
compare2
compare_data
compare_items
CompareItems
comparemls
compare-prices
compare_product
compare-products
comparer
_compareTemp
compare_v3
comparison
Comparison
comparison_list
comparisons
compartir
compas
compass
Compass
compat
compatibility
compatible
compensation
competition
Competition
competitions
Competitions
competitors
comp-fe
compile
compiled
compiler
CompileSite
complain
Complain
complaint
complaints
complete
Complete
completed
completeorder
complex
compliance
Compliance
comply
com_poll
component
Component
componentes
Componentes
componentes_vbv
componenti
.components
_components
components
Components
COMPONENTS
compose
composer
composite
composting
compra
comprar
compras
comprehensive
compress
compressed
Compression
compressiontest
compressor
comprofiler
comps
Comps
compt
compta
compte
compte-client
compteur
compteur-live
compteurs
computer
Computer
computerbild
computercitydk
computers
Computers
computer-science
Computer-Weekly
computing
compview
.com-redirect
com_registration
com_rss
coms
com_search
com_sef
com_sh404sef
comshow
com_sobi2
comum
comun
comune
comunes
comuni
comunicacao
comunicacion
comunicados
comunicate
comunicati
comunidad
comunidade
comunidades
comunitate
com_user
comusers
com_virtuemart
com_weblinks
com_wrapper
com_xmap
con
concentration
concept
concepts
Concepts
concert
concerts
Concerts
concerts-shows
concesionarios
concierge
conciertos
concord
concordance
concorde
concordia
concorsi
concorso
concours
concrete
concurs
concurso
concursos
condiciones
condiciones-uso
condiciones_uso
condicionesuso
condition
conditions
Conditions
condizioni
condo
condo-rentals
condos
conduct
Conduct
conduit
coneco
conectar
conex
conexao
conexion
.conf
_conf
conf
Conf
confarc
confer
conference
Conference
conferences
Conferences
conferencing
conferma
confetti-brides
conf_global
conf_global-bak
confidence
confidential
confidentialite
.config
_config
config
.Config
Config
CONFIG
config1
config2
config3
config_db
config_feed
ConfigFiles
config-old
config_paybox
.config.php
_config-rating
_configs
configs
Configs
config_site
configuracion
configuration
Configuration
configurations
configurator
configurazione
configure
.confirm
_confirm
confirm
Confirm
confirm2
confirma
confirmacao
confirmacion
confirmar
confirmare
confirmation
Confirmation
confirmations
Confirmations
confirmed
Confirmed
confirm_email
confirmemail
confirm_order
confirmorder
ConfirmOrder
conflict
confluence
conf_mime_types
confs
confused
congrats
congratulations
congres
congresos
congress
conlib
ConLib
conman
conn
Conn
connect
Connect
connecticut
Connecticut
connection
Connection
_connections
connections
Connections
CONNECTIONS
connectivity
connector
connectors
connessione
connexion
connie
conquest
conrad
cons
conseil
conseils
consejo
consejos
conservation
consider
consiglia
consola
_console
console
Console
consoles
const
constantcontact
constantes
constants
Constants
constellation
constitution
construccion
construct
construction
Construction
constructor
consult
consulta
consultancy
consultant
consultants
Consultants
consultas
consultation
Consultation
consultations
consulting
Consulting
consultoria
consumer
Consumer
consumers
cont
conta
.contact
_contact
contact
Contact
CONTACT
contact1
contact2
contact25php
contact3
contacta
contact_action
contactaddress
contact_ads
contact_agent
contactanos
contactar
contact-author
contact_bean
contact-config
contact-confirm
contact_confirm
contactdetails
contactDo
contacted
.contactemail
contact-email
contact_email
contactemail
contact_en
contactengine
contactenos
contacter
contact-error
contactez
contactez-nous
contactez_nous
contact_files
contact-form
contact_form
contactform
contactForm
Contact_Form
ContactForm
contact_form3
contact-fr
contactgrabber
contact_header
contact-info
contact_info
contactinfo
ContactInfo
contactlist
contact_mail
contactmail
contact_mailto
contact-me
contact_me
contactme
Contact-Me
contact_now
contacto
Contacto
contacto2
contactos
contact-page
contact_price
contact_process
contact_request
contactresults
contacts
Contacts
contacts2
contact-sales
contactsales
contacts_confirm
contact-seller
contact_seller
contactseller
contact_send
contactsent
contactshort
contact_submit
contactsubmit
contact-success
contact-support
contactswc
contact-thanks
contact_thanks
contactthanks
ContactThankYou
contact-us
contact_us
contactus
contactUs
Contact-us
Contact_us
Contactus
Contact-Us
Contact_Us
ContactUs
ContactUS
contactus1
contact-us-2
contactus2
contact-us-form
contact_us_form
contactVendor
contact_vs
contactweb
contador
contadores
container
Containers
contakt
contao
contato
contatore
contatori
contattaci
contatti
Contatti
contatti_ok
contatto
conted
contemporary
contenido
Contenido
contenidos
.content
_content
content
Content
CONTENT
content1
content2
content_admin
contentadmin
content_files
ContentFiles
content-form
content-images
content_images
contentimages
_contentindex
content_manager
contentmanager
ContentManager
contentmgmt
contentmgr
content_pages
ContentRender
ContentRotator
_contents
contents
Contents
ContentServer
contentservice
contentslider
contentTemplates
ContentTemplates
contentworks
contenu
contenuti
contenuto
contest
Contest
contest2
contestentry
contestrules
contests
Contests
conteudo
context
continent
continental
continue
continuum
contract
Contract
contracten
contractor
contractors
contracts
Contracts
contrast
contratar
contrato
contratos
contratti
contratto
.contrib
contrib
contribute
Contribute
contribution
contributions
Contributions
contributor
contributors
_control
control
Control
control2
controlcenter
control_desk
controle
controler
controles
Controles
control_examples
controlimages
controller
Controller
controllers
Controllers
controllo
control-panel
control_panel
controlpanel
controlPanel
Controlpanel
Control_Panel
ControlPanel
_controls
controls
.Controls
_Controls
Controls
controls-infra
controlsite
contul-meu
contul_meu
conv
convegni
convention
Convention
conventions
converge_local
conversation
conversations
converse
Converse
conversion
Conversion
conversions
convert
converter
convertor
convite
conway
cook
cookbook
cookbooks
cooke
cookie
Cookie
cookieFailed
cookie-policy
cookies
Cookies
cookie-test
cookie_test
cookietest
CookieTest
cookie_usage
cooking
cookware
cool
Cool
coolangatta
cooliris
coolstuff
cooltools
co-op
coop
cooper
cooperate
cooperation
cooperative
coord
coordonnees
cop
copa
copenhagen
Copernic
copia
Copia
copies
cop-kutusu
copper
coppermine
cops
c_option
.copy
copy
Copy
COPY
CopyFromPic
COPYING
copyright
Copyright
COPYRIGHT
CopyRightCheck
copyright-policy
copyrights
COPYRIGHT_var_DE
copyrite
copywriting
cor
coral
coraltours
c-oranjefoto
coranto
c-orc
c_order
corder
cordoba
.core
_core
core
Core
core_files
core_functions
coreg
corel
coremetrics
Coremetrics
core_picker
core-xml
corey
corn
cornell
corner
corners
cornerstone
cornwall
corona
.corp
corp
Corp
corpandresize
corpinfo
corpo
corporate
Corporate
CorporateSite
corporation
corporations
corporativa
corporativo
correct
correction
corrections
Corrections
corredores
correio
correios
correlations
correo
correos
correspondence
corsi
coruna
corvette
cos
cosas
cosmetics
cosmo
cosmos
cost
costa
costablanca
costa-rica
costarica
costco
costs
costumes
cote
cottage
cottages
cou
.co.uk
couleurs
council
Council
counsel
counseling
counselor
counselors
.count
count
Count
countdown
counter
Counter
counter1
counter2
counters
Counters
count_file
counties
countJS
countries
Countries
country
Country
countrys
countryside
counts
county
couple
couples
coupon
Coupon
coupon1
couponalert
coupon_images
CouponManage
coupons
Coupons
coupons1
courier
couriers-chester
courriel
courrier
cours
course
Course
course2
coursedetail
courses
Courses
course_search
courseware
coursework
court
Court
courts
Courts
cout
couverture
covenant
coveo
cover
Cover
coverage
coverflow
cover_image
coverletters
coverlooks
covers
Covers
cow
cowadmin
cox
.cp
cp
CP
cp1
cpa
CPA
.cpaddons
cpadmin
cpaint
cpan
CPAN
.cpanel
cpanel
CPanel
cpanel3-skel
.cpanel-datastore
cp-app
cPath
cpb
cp-bin
cpc
CPC
cpd
cpdemo
cpe
cpg
cph
cpi
_CPiX
cpl
cpm
cpmfetch
cpmove
cpo
c_popup
cpp
cpr
c_product
CProductBotBase
c_products_show
cps
CPS
cpstyle
cpstyles
cpt
cpu
cq
cr
CR
cr1
cra
crack
crafts
Crafts
crafty
craig
craigslist
crane
crap
crawford
crawl
crawler
crawlers
crawlertrap
crawlprotect
crawltrack
crb
crc
crd
cre
crea
crear
creat
.create
create
Create
create-account
create_account
createaccount
CreateAccount
create_account3
createacct
createad
created
create_group
createmap
createMember
CreatePDF
createpipeline
create_sitemap
createsitemap
createtopic
createuser
CreateUser
creation
creation_compte
creative
Creative
creatives
creator
creators
credentials
Credentials
credit
Credit
credit-card
creditcard
CreditCard
credit-cards
credit_cards
creditcards
CreditCards
creditclobber
credito
credit-report
.credits
credits
Credits
CREDITS
cree
Crescent
crew
crexitregpopup
cri
cricket
crime
crimes
criminal
criminal-justice
crisis
criteria
critical
critique
critiques
crl
crm
CRM
crn
cro
croatia
crochet
_cron
cron
Cron
CRON
cron2
cronaca
crones
cron_job
cronjob
_cronjobs
cron_jobs
cronjobs
cronJobs
_crons
crons
cron_scripts
cronscripts
crontab
crontabs
cronxxx
c-rootsite
crop
cropper
cross
crossdomain
crosslink
crosslinks
cross_network
crossover
crossword
Crossword
crosswords
crown
crp
crs
crss
.crt
crt
crtr
cru
cruceros
cruise
cruise-holidays
cruise-lines
cruiser
cruises
crunchlogs
crv
CRXDQWHFA
crypt
crypto
crystal
Crystal
.cs
_cs
cs
CS
cs2
cs4
csa
cs-admin
csapp
_cs_apps
csc
cscart
csd
cse
csearch
cservice
csf
csg
csh
csharp
.csi
csi
csl
cslh
CSLH
cslive
csm
CSM
cso
.csp
csp
cs_popup
.csproj
.csproj.user
csr
CSR
.css
_css
css
Css
.CSS
_CSS
CSS
css1
css2
css3
.css.aspx
cssexamples
css_files
cssfiles
CSSFiles
.csshandler.ashx
csshover
csshover3
cssimages
css-js
css_js
cssjs
CSSMenuWriter
css_old
.css.php
css_pirobox
CSSSculptor
css-styles
css_styles
csstest
css-validator
cst
cstats
cstreeicons
cstrike
cstyle
csu
CSU
_cs_upload
.csv
_csv
csv
CSV
csvdir
csvfiles
csv-maker
csx
_cs_xmlpub
ct
CT
ct2
cta
ctalert
ctb
ct_bb
ctc
CTC
cte
c-tesco
ctest
ctf
CTGY
cti
ctl
ctm
ct_mail
ctmain
ctools
ctp
ctPayGatePHP
ctr
ctrack
ctracker
ctrl
Ctrl
_cts
cts
CTS
ctt
ctx
cu
CU
cu3er
cuadros
cuba
cube
cubecart
cucina
cue
cuenca
cuenta
cuentas
cufon
cuisine
Cuisine
culinary
cullera
cultura
culture
Culture
cuneo
cunit
cup
cupid
cupom
cupones
.cur
cur
cur_id
curiosidades
curl
curl_test
curnews
curr
currencies
currency
Currency
current
Current
current-accounts
CurrentEvents
currentpage
current_students
currentstudents
curriculo
curriculos
curriculum
Curriculum
curriculums
curry
curs
curso
cursors
cursos
curtis
curve
curves
cus
c_user
cust
custedit
custEdit
custimages
custinfo
custlogin
.custom
_custom
custom
Custom
custom_404
custom404
Custom404
custom404page
customavatars
custombp
customcf
customcode
CustomControls
customDictionary
customer
Customer
customerarea
customer-care
customer_care
customercare
customercenter
CustomerCenter
customer-designs
customerdtl
customer-edit
customer-images
customer_images
customerinfo
CustomerInfo
customer-login
customer_login
customerlogin
Customerlogin
CustomerLogin
customer-logoff
customer-media
customerpages
CustomerPortal
customerReview
CustomerReview
customer-reviews
custom_error
customerror
customError
CustomError
CustomErrorFiles
CustomErrorPages
custom_errors
customerrors
customErrors
CustomErrors
customers
Customers
customer-service
customer_service
customerservice
customerService
Customer-Service
CustomerService
customerservices
CustomerServices
customer-support
customer_support
customersupport
CustomerSupport
customfields
CustomFiles
customform
CustomForms
customgallery
customgroupicons
customHandler
customise
customization
Customization
customize
Customize
customized
custom_js_footer
custom-labels
Custom_modules
custompages
custompayproc
customproperties
customs
customscripts
custom-search
customsearch
_customtags
customtags
customTags
CustomTags
custpage
custPass
custPref
custprodgrid
custserv
cust_service
custservice
custSignIn
CustSignIn
custstatement
custsvc
_cusudi
cut
cute
CuteEditor
CuteEditor_Files
cutenews
cutesoft_client
CuteSoft_Client
cutimg
cv
CV
cvb
cvc
cvc2
cv_rss_feeds
cvs
CVS
cvsweb
cvtheque
cvv
cvv2
CVV2Help
cvv_help
cw
cw2
cw3
cwa
CWebControl
CWebError
CWebPage
cwi
cwp
CWP_Admin
CWP_EditorMacros
CWP_Import
CWP_mover
cws
cx
CX
cy
CY
cya
cyber
cybercash
cybermut
cyberplus
cybersched
cybersource
cyberworld
cyc
cycle
cycle_image
cycling
Cycling
cyklotrasa
cyklotrasy
cyprus
Cyprus
.cz
cz
CZ
czat
czcz-myoffice
cze
czech
Czech
czech-republic
czech_republic
.d
_d
d
.D
D
d1
d2
d3
d7
da
DA
dab
dabs
dac
dad
dada
dada_files
dadamail
dade
da-dk
da-DK
dadmin
dados
Dados
dads
daemon
daili
daily
Daily
dailycandy
daily-horoscopes
dailynews
dailyrate
dairy
daisy
dakota
dal
DAL
dale
dalel
dali
dalil
dallas
Dallas
dam
dan
Dan
dana
dance
Dance
dancing
dancingb
dane
dani
daniel
danielle
daniels
Danish
dank
danke
danmark
danny
dao
DAO
daogou
daohang
daos
dap
dar
._darcs
dare
dark
darren
dart
DARTIframe
darts
darwin
das
dash
dashboard
Dashboard
dashboards
.dat
dat
.data
__data
_data
data
Data
DATA
data1
data2
data3
DataAccess
databackup
Databackup
DataBackUp
databank
_database
database
Database
DataBase
DATABASE
database_admin
database_backup
databases
Databases
DatabaseScripts
datacenter
DataCenter
datacon
data_entry
dataentry
DataEntry
data_feed
datafeed
datafeeds
datafile
data-files
data_files
datafiles
dataFiles
Data_files
DataFiles
datagrid
dataimport
dataman
datamigration
dataport
data-protection
dataprotection
datas
datascripts
datasearch
dataservices
datasets
datasheet
datasheets
Datasheets
datasource
datastore
dataxml
date
Date
dateien
daten
datenbank
datenbanken
datenblaetter
datenblatt
datenschutz
Datenschutz
datenwerk_dev
date-picker
date_picker
datepicker
DatePicker
DateRange
dates
datestamp
dati
dating
datos
datum
dav
dave
davetest
david
David
davidson
davinci
davis
dawn
day
Day
dayone
days
day-spa
dayton
daytona
.db
_db
db
Db
_DB
DB
db1
db2
dba
db_access
dbadm
_dbadmin
db-admin
db_admin
dbadmin
dbAdmin
DBAdmin
_dbase
dbase
Dbase
dbback
db_backup
dbbackup
DB_backup
_db_backups
db_backups
dbboon
dbc
db_cache
db_config
dbconfig
db_conn
dbconn
db_connect
dbconnect
dbd
dbdumps
db_ecard
dbeditor
db_error
dberror
.dbf
dbfiles
dbg
db_images
dbimages
dbimg
_db_import
dbinfo
db_input
dblist
dblog
dbm
dbman
dbmanager
db_mysql
dbox
dbquery
dbs
db_scripts
db_search
db_settings
dbsrch
dbstuff
dbtech
dbtest
dbtools
db_updater
Dbweb
dc
DC
dcadmin
dcc
dccom
dcd
dcforum
dci
dcm
dcms
DCN
dcp
.dcr
dcr
dcs
dd
DD
dda
ddb
ddc
ddd
dd-formmailer
ddi
dd_includes
ddl
ddlevelsfiles
dds
ddtabmenu
.de
_de
de
De
DE
de_1
de_2
dea
deactivate
deactivated
dead
deadline
deadlink
deadlock
deal
DealAccept
DealContact
DealCounter
dealer
Dealer
dealeraccess
dealeradmin
dealerimages
dealer_locator
dealerlocator
dealeronly
dealers
Dealers
dealer_search
dealersonly
dealertools
DealIIT
dealing
deal_pictures
deals
Deals
dealtime
dean
de-AT
de_AT
death
.deb
deb
debat
debate
debates
debenhams
debian
debt
debt-settlement
.debug
_debug
debug
Debug
debugger
dec
Dec
decatur
december
december-2009
de-CH
de_CH
decision
decisions
deck
decks
declaration
decline
declined
deco
decode
deconnexion
decor
decoration
decorations
decorators
decouverte
de-de
de_de
dede
de-DE
de_DE
DE-DE
dede-myoffice
dedicated
dee
deeds
deep
deepblue
deeplink
def
.default
_default
default
Default
DEFAULT
default1
default2
Default2
default3
default_bak
default_error
default_files
default_icon
default_image
default-images
default_images
default_logo
default_new
default_old
defaults
default-test
default_test
defecto
defekt
defence
defender
defense
Defibrillator
define
defined
defines
definition
definitions
Definitions
defs
degrees
degsms
.de.html
dekalb
del
Del
delacct
delattachment
delaware
Delaware
delegate
.delete
delete
Delete
DELETE
delete_account
delete_assoc
delete_bookmarks
delete-comment
delete_comment
delete_contact
delete_cookie
delete-cookies
deleted
Deleted
DELETED
delete_files
deletelink
deleteme
delete_message
deletemsg
deletephoto
delete_post
DeletePost
delete_upload
deleteuser
delete_usernote
delhi
Delhi
delia
delibere
delicious
delight
deliver
delivery
Delivery
dell
Dell
deloitte
delorie
delphi
delta
deluxe
delve
dem
demand
demandes
demands
demandware
demenagement
_demo
demo
Demo
DEMO
demo1
demo2
demo3
demo4
demo5
demo-business
democracy
demo_files
demographics
demonstration
demonstrations
demos
Demos
demoshop
demosite
Demote
demotest
demo_video
den
denali
deneme
denied
denies
denmark
Denmark
dennis
denshikiki
Density
dent
dental
dentist
dentists
denunciar
denver
Denver
deny
de_old
dep
depart
departamentos
department
Department
departments
Departments
departure
depeche
deploy
deployment
depo
deportes
Deportes
deposit
deposito
deposits
depot
deprecated
depression
dept
Dept
deptodoc
depts
Depts
derby
derbyshire
derecho
derefer
derek
_derived
derived
dermatology
des
DES
desabonnement
desarrollo
desc
descarga
descargar
descargas
Descargas
descend
descendancy
descendants
descr
description
descriptions
desctracker
desenvolvimento
desi
_design
design
Design
DESIGN
design1
design2
designcenter
designer
Designer
designers
Designers
_designs
designs
Designs
design-showcase
design-templates
designtool
desinscription
desire
desk
desktop
Desktop
desktopdefault
DesktopDefault
desktopmodules
DesktopModules
desktops
despre
dessert
desserts
dest
destacados
destaque
destaques
destek
destination
Destination
destinations
Destinations
destiny
destroy
det
.detail
detail
Detail
detail1
detail2
detailcontact
detailed
Detailed
detail_print
.details
details
Details
detailsend
.details.php
details_print
detailsuche
detailsuche2
detalhe
detalle
detalles
detect
detection
detektiv
detox
detroit
detSearch
detskie
dettagli
dettaglio
.de.txt
deu
DEU
deutsch
Deutsch
deutsche
deutsch-englisch
deutschland
Deutschland
.dev
_dev
dev
Dev
_DEV
DEV
dev1
dev2
dev3
dev4
dev5
dev-bin
devblog
DevComponents
devel
Devel
develop
develope
developer
Developer
developers
_development
development
Development
developpement
DevExpress
devforum
device
devices
devis
devnet
dev_new
dev_old
devon
devotions
dev_site
devsite
devtest
devzone
dewplayer
dex
df
DF
dfa
dfm
dfnet
dg
DG
dgssearch
dh
dh_
dhandler
dhl
DHL
dhm
dhr
dhs
dht
.dhtml
dhtml
dhtml_menu
dhtmlwindow
di
DI
dia
diabetes
diablo
diag
diagnose
diagnosis
diagnostic
diagnostics
Diagnostics
diagrams
diagWebApp
dialog
dialog_1
dialogs
Dialogs
dialogue
dialup
diamante
diamond
Diamond
diamonds
diana
Diana
diane
dianying
diaporama
diaries
diario
diary
Diary
diashow
diaview
.dic
dic
dicas
diccionario
dice
dickson
dict
dictionaries
dictionary
Dictionary
.dict.php
did-you-know
didyouknow
DidYouKnow
die
diecast
diendan
dienste
diensten
dienstleistungen
diesel
Diesel
diet
Diet
dieta
diets
.diff
diff
Diff
difference
different
diffusion
dig
digest
digests
digg
Digg
digg_frame
digi
digibug
digichat
DigiChat
digital
Digital
digitalGoods
digitalmax
digitalmedia
DigiTrade
digits
dil
dilbert
diler
dilers
dillon
dim
dima
d_images
dimages
dimcp
dimension
dimensions
dimg
din
dinastats2
diners
ding
dingdan
dining
dinle
dinner
Dinner
dino
dinokod
dip
diplom
diploma
.dir
dir
Dir
DIR
dir1
dir2
dir3
diradmin
direct
Direct
directbuy
directdownload
directedit
direction
directions
Directions
directives
directlink
direct-mail
directmail
DirectMail
direct-mails
director
Director
DirectOrderForm
directories
Directories
directorio
directors
Directors
director_test
directory
Directory
directory1
directory2
directory3
directvdsl
direkt
diretorio
dirlink
dirlist
dirman
dirs
dirscan
dir_scripts
dis
disabilities
disability
disable
Disable
.disabled
disabled
Disabled
disallow
Disallow
disallowed
disallows
disappear
disappearing
disaster
_disc
disc
_disc1
_disc2
discarded
discipline
Discipline
discl
disclaim
disclaimer
Disclaimer
disclaimers
disclosure
disclosures
disco
discog
discography
discontinued
discootra
discount
Discount
discount-codes
discount_coupon
discountmail
discounts
Discounts
discover
Discover
discoveries
discovery
discs
discus
discuss
discussed
discussion
Discussion
discussions
Discussions
discuz
disdls
disease
diseases
diseno
dish
disk
diskuse
diskussion
diskuze
disney
Disney
disorders
disp
dispatch
dispatcher
dispatches
dispbbs
DispForm
display
Display
display_ads
display_cart
displayecard
displayimage
DisplayImage
display_images
display_includes
display_job
displaymywww
DisplayPages
displayreport
displays
display_vvcodes
dispo
disponibilidad
dispuser
disqus
dissertation
.dist
dist
distance
DistanceLearning
disted
.dist.php
distr
distrib
distribuidores
distribute
distribution
Distribution
distributions
distributor
Distributor
distributors
Distributors
district
District
districts
dit
DittoSpyder
ditu
div
diva
dive
divers
Divers
diverse
diverses
diversity
diversos
divine
diving
division
divisions
Divisions
divorce
divs
.divx
diwali
dixon
diy
DIY
dj
DJ
django
djs
.djvu
dk
DK
dkb
dk-de
dkdk-myoffice
dk-gb
dl
DL
dl2
dla
dlattach
dlc
DLC
dlcounter
dld
dlds
dle
dlelinks
dlf
dlg
dlinks
.dll
dll
Dll
DLL
dlls
DLLs
dlm
dload
dloads
dlp
DLP
dlr
dls
dm
DM
dma
dmail
dmc
dmca
DMCA
dmca-policy
dmca-sucks
dmdocuments
dmenu
.dmg
dmiadm
dml
dmm
dmn
dmoz
dmp
dmr
dms
DMS
dmsimgs
dmt
dmv
dmx
dn
dna
dnb
dnd
dne
dnews
dni
dni-media
dni-tvlistings
dnl
dnld
dnload
dnn
DNR
dns
DNS
DNT
dnx
.do
do
DO
doadmin
doaway
.doc
_doc
doc
Doc
.DOC
DOC
doc2
doc_download
docEdit
doc_files
docfiles
docinfo
dock
doclib
doclist
docman
docrepository
docroot
.docs
_docs
docs
Docs
DOCS
docs2
docsearch
docstore
doctor
doctoral
doctors
doctrine
doctype
docu
docum
document
Document
documentacion
documentary
_documentation
documentation
Documentation
documentazione
documenten
documentFiles
documenti
Documenti
document_library
documento
documentos
Documentos
_documents
documents
Documents
DOCUMENTS
doc-upload
.docx
dod
dodaj
dodaj-strone
dodaj_strone
dodatki
dodge
Dodge
dodo
dodsrch
doe
dog
Dog
dogovor
dogs
Dogs
dogs-for-sale
doh
doi
doID
DoInfo
doit
dojo
dok
doku
dokument
dokumentation
dokumente
Dokumente
dokumenti
dokumenty
dokuwiki
dol
dolibarr
doll
dollar
dolls
do_login
dologin
dologout
dolores
dolphin
dom
doma
domain
Domain
domaincheck
domainchecker
domaine
DomainList
.domains
domains
Domains
domande
dome
domeny
domestic
domik
dominios
domino
dominos
domlog
dompdf
dompdf-0
don
donaciones
donate
Donate
donation
Donation
donations
Donations
donationsAdmin
donazioni
done
Done
donna
Donna
donnees
donor
donors
donotuse
dont
Dont
donut
door
Door
doors
doorsturen
doorway
dop
doporuceni
doporucit
DoPrint
dor
dorado
dorchester
doris
dortmund
dos
DOS
dosearch
doSearch
do_sitemaps
doska
dossier
Dossier
dossier_print
dossiers
Dossiers
dostavka
dostupnost
dosug
dosya
dosyalar
.dot
dot
dotclear
dotcom
dotnet
DotNetNuke
dotproject
dots
dotstore
double
doubleclick
double-sided
doug
douglas
dove
dow
dowload
down
Down
downcopy
DownFiles
DownImg
downl
.download
_download
download
Download
DownLoad
DOWNLOAD
download1
download2
download3
downloadable
downloadables
downloadadobe
downloadarea
DownloadAsset
download_center
downloadcenter
.downloadCirRequirements.pdf
download_data
downloaded
downloader
download-file
download_file
downloadfile
downloadFile
DownloadFile
_download_files
download-files
download_files
downloadfiles
DownloadFiles
downloading
DownloadItems
download-now
downloadnow
download-page
download_pdf
downloadpdf
.download.php
download_private
downloadrev
_downloads
downloads
downLoads
Downloads
DOWNLOADS
downloads2
.downloadTourkitRequirements.pdf
downloadurl
downs
DownSys
downtime
downtown
dox
dp
DP
dpa
dpanel
dpc
dp_contact_form
dpd
dpi
dp_jsrsSvr
dp_market
dps
dp_style
dp_tellafriend
dq
dq-includes
dqzd
dr
Dr
DR
draft
Draft
DRAFT
drafts
drag
dragdrop
dragon
dragons
drake
drama
Drama
draw
drawing
drawings
Drawings
_drawrating
drc
dream
dreamdiary
dreamhost
dreams
DreamSite
dreamweaver
dresden
dress
dresses
dress-for-less
dress_up
dressup
drew
drinks
drive
driver
Driver
drivers
Drivers
driver_search
drives
driving
drm
droid
drop
Drop
dropbox
dropdown
dropdowns
dropdownxml
droplets
dropmenu
dropoff
dropshadow
dropship
drp
drs
drtv
druck
Druck
druckansicht
druckdaten
drucken
Drucken
druckversion
druckvorschau
drug
drugchecker
drugi
drugs
drugstore
druk
drukuj
drum
drupal
Drupal
drupal-4
drupal-5
drupal-6
drupal6
drupalit
drv
.ds
ds
DS
dsa
dsc
dse
dsearch
DSEFU
dsf_chat
DSF_IPfilter
dsg
dsl
DSL
dsm
_dsn
dsn
dsp
DspImages
dss
.ds_store
.DS_Store
dst
dstimages
dt
.dta
dta
dtb
.dtd
dtd
DTD
dtds
dtffotodk
dtffotono
dtffotose
dti
dtmp
dto
dtp
dtr
dtree
dts
dtSearch
dtt
du
dua
duanereade
dubai
dublin
dubois
ducati
ducx
dude
Dues
duisburg
duke
dummy
dump
dumper
dumps
dumpuser
duncan
duo
duplex
duplicate
duplicate1
duration
durgapuja
durham
dusseldorf
dut
dutch
Dutch
duty
duval
duyurular
dv
dvc
dvd
DVD
dvds
dvd-store
dveri
dv_plus
dvr
dw
dw2
dwebservicegfs
.dwf
.dwg
dwg
dwiki
dwl
dwn
dwnl
dwnld
Dwnld
dwnlds
dwodp
dwoo
dwp
dwr
.dwt
dwt
dwzUpload
dx
dxf
dy
dyk
dyn
dyna
dynabyte
dynadata
dynamic
Dynamic
dynamic_content
DynamicContent
DynamicData
dynamic_mopics
dynamicpoll
dynamics
dynamic_sitemap
dynamo
dynasty
dynaweb
dyndata
dynimg
dynos
dyop_addtocart
dyop_delete
dyop_quan
dyopreview
dz
DZ
.e
_e
e
.E
E
e1
e107
e107_admin
e107_docs
e107_files
e107_handlers
e107_images
e107_install
e107_languages
e107_plugins
e107_themes
e2
e3
e3lan
e4
e404
e500
e65
e8
ea
EA
eac
eaccelerator
ead
e-admin
eadmin
eagle
ealert
eAlerts_Admin
eap
ear
earl
early
earlybird
earn
earnings
Earrings
ears
earth
Earth
earthlink
eas
easel
east
East
easter
Easter
easy
easybook
EasyControls
EasyEditor
easylist
eat
eating
eaton
eb
EB
ebags
ebak
ebank
ebay
eBay
Ebay
EBAY
ebay2
ebaycheckout
ebayimages
ebayindia
ebaypics
ebay_yearbooks
ebb
ebc
ebill
ebiz
eblast
eblasts
ebm
eboard
ebony
e-book
ebook
eBook
Ebook
e-books
ebooks
eBooks
Ebooks
ebrochure
ebrochures
ebs
ebsco
ebulletin
ebulten
e-business
ebusiness
ebuyer
ebw
ec
EC
ec2
ec4
eca
e-card
ecard
eCard
_ecards
e-cards
ecards
eCards
ecare
ecart
eCartAdmin
ecat
ecatalog
ecc
_eccomerce_
eccore
ecd
.ece
ece
ecerjs_xchange
ecg
echange
echeck
echo
echoes
eclipse
Eclipse
ecm
ecmadm
ecmaff
ecms
eco
ecole
ecology
Ecology
ecom
ecombase
ecomm
e-commerce
e_commerce
ecommerce
eCommerce
Ecommerce
ECommerce
econ
econda
econdev
economia
economic
economics
economie
economy
econtent
ecourse
ecp
ecp_core
ec_process
ecrire
ecrm
ecs
ecshop
ect
ecuador
Ecuador
ed
eda
edc
eddy
eden
edgar
edge
Edge
edi
EDI
edicion
edicion_virtual
edilizia
edinburgh
edirectory
edison
.edit
_edit
edit
edit_
Edit
EDIT
edit1
edit2
editable
edit-account
edit_account
editaccount
editad
editaddr
editaddr2
edit-address
editaddress
EditAddress
editais
edit_alerts
editar
edit_articl
editauthor
edit_billing
editbyplisting
edit_comment
editcomment
edit-comments
editcontact
editContent
editdata
edit_design
edit_design_v3
edit_details
edit_email
editemail
editEnable
edit_entry
editeur
editform
edit_image
editimage
edit_img
editinfo
editing
edition
editions
editionssi
editjob
editjobwanted
edit_link
editlink
edit-listing
edit_listing
editlisting
editme
editme_images
editmode
editmysite
editnews
edito
editOnePic
_editor
editor
Editor
editor2
editor3
Editor_data
editores
editor_files
editorHtml
editoria
editorial
Editorial
editoriales
editorials
editor_images
editors
Editors
editors-blog
editors-pick
editors-xtd
edit_page
editpage
edit-pages
editphoto
edit_photos
editpics
editpoll
edit_post
editpost
EditPost
edit-post-rows
edit-precios
editproduct
edit-profile
edit_profile
editprofile
editProfile
EditProfile
editreview
edits
edit_SAVED
edit-tag-form
edit_user
edituser
EditUser
editwrx
edm
edmenu
edocs
edreams
eds
edt
.edu
edu
educ
education
Education
educational
education-news
educator
Educator
educators
eduk_img
edwards
edycja
ee
EE
eeet-myoffice
EE-GB
eeo
ee_sys
eesys
ee_system
ef
efc
effects
Effects
efile
e_files
efl
eflyer
eflyers
eform
eforum
eft
eg
EG
egc
ege
egg
eg-gb
eggs
ego
.egov
egov
egreetings
egroupware
egypt
Egypt
eh
EH
eh58
ehdaa
ehosting
ehr
ehs
ei
eic
EIChart
eid
eimages
eine-seite
e_info
eingang
einkauf
einkaufen
einladung
einloesen
einloggen
einsof_common
einstellungen
einstieg
einterface
eintrag
eintragen
einzelansicht
eipatron
eircom
eis
eivissa
ej
ejemplos
ejournals
ek
eka
ekaterinburg
ekb
EkDAVlog
ekle
eklentiler
ekler
ekml
eko
ekomi
ekonomi
ekran
ekstra
EktSyncStatus
EKX
el
El
EL
ela
elance
elc
eldercare
elders
ele
elearn
e-learning
elearning
eLearning
elec
elecciones
election
election-map
elections
Elections
elections-2010
electric
Electric
electrical
electro
electronic
electronica
electronics
Electronics
eledofe
elegance
elektronik
elem
.element
element
elementary
elementos
elements
Elements
elenco_img
elephant
eletter
eletter-submit
elezioni
elf
elgg
eliana
eligibility
elink
elist
elists
elite
Elite
elizabeth
elle
ellen
elmah
elmar
elmar_affiliate
elmar_products
elmar_request
elmar_shopinfo
elmar_start
elo
elog
elogs
elong
elp
el-paso
elpaso
elqnow
elqNow
els
else
em
EM
ema
emag
emag_users
.email
_email
e-mail
email
eMail
E-mail
Email
EMail
EMAIL
email1
email2
email2010
email3
email4
email_ad
emailad
email-addresses
email_addresses
emailaddresses
email_admin
emailadmin
email-a-friend
email_a_friend
emailafriend
EmailaFriend
EmailAFriend
emailagent
email-alerts
email-article
email_article
emailarticle
emailArticle
EmailArticle
email_blast
emailblast
EmailBlast
email_blasts
emailblasts
email_campaign
emailcampaign
emailCampaign
email_campaigns
emailcampaigns
email_change
.emailCirRequirements.php
EmailCollector
emailconfirm
email_contact
emailcpopup
email_disclaimer
email_druginfo
emailepopup
emailer
Emailer
emailers
email_files
email-form
email_form
emailform
EmailForm
email_forms
emailforms
e-mail-friend
email-friend
email_friend
emailfriend
emailFriend
Emailfriend
EmailFriend
EMAILFRIEND
EmailGeneration
emailHandler
emailhelp
email_html
EmailidReq
email-images
email_images
emailimages
EmailImages
emailinfo
emailing
emailings
emailit
emailitem
emailjob
email-link
emaillink
EmailLink
email-list
email_list
emaillist
emailList
email_listing
emailMag
email-manager
emailmarketer
email-marketing
email_marketing
emailmarketing
EmailMarketing
email-me
emailme
email_mkt
emailmkt
emailnews
email-newsletter
emailnewsletter
email_notify
email-page
email_page
emailpage
emailPage
EmailPage
emailpassword
emailpopup
email_product
emailproduct
EMailproduct
emailrentals
emailreport
_emails
e-mails
emails
Emails
EMAILS
emailseller
emailsend
EmailSend
emailsender
emailsendz
email-sent
email_sent
emailsent
emailsig
emailsignature
email_signatures
email-signup
email_signup
emailsignup
emailSignup
EmailSiphon
email_story
emailstory
emailsuccess
email-template
email_template
emailtemplate
EmailTemplate
email-templates
email_templates
emailtemplates
emailTemplates
Email-Templates
Email_Templates
EmailTemplates
email_test
emailtest
emailTest
EmailTest
emailthanks
email-this
emailthis
email-this-page
email_this_page
emailthispage
EmailThisPage
emailtoafriend
EmailToAFriend
email-to-friend
email_to_friend
emailtofriend
emailToFriend
EmailToFriend
email_topic
.emailTourkitForm.php
.emailTourkitNotification.php
.emailTourkitRequirements.php
e-mail-us
email-us
email_us
emailus
emailuser
emailVersion
emailwishlist
EmailWolf
emap
emarket
emarketing
eMarketing
emb
embargo
embassy
embed
embedded
embeds
embellishments
emblems
embroidery
emc
EMC
emea
emedia
emerald
emergency
Emergency
emerson
emessage
emi
emily
eminders
emirates
emissions
emkt
.eml
eml
emma
emo
emoji
emoticons
emotion
emotions
emp
EMP
empfang
empfehlen
Empfehlen
empfehlung
Empfehlung
empfehlungen
empfiehlt
empire
empleo
empleos
emploi
emplois
employ
employee
Employee
employeemail
employees
Employees
employer
Employer
employers
Employers
employment
Employment
EMPLOYMENT
empower
empregos
empresa
empresas
empty
empty_cart
emptycart
emptyCart
empuriabrava
ems
EMS
emu
emwa
.en
_en
en
en_
En
EN
en_1
en1
en_2
en2
enable
enable-cookies
enable_cookies
enabling_cookies
en-au
en-AU
enc
en-ca
en_ca
en-CA
enciclopedia
encode
encoded
encoder
encok
encore
encrypt
encryption
encuesta
encuestas
ency
encyclopedia
Encyclopedia
encyclopedie
end
end_cache
endeca
endecasearch
endo
endorsements
ene
en_EN
energia
energie
energy
Energy
e-news
enews
eNews
ENews
e-newsletter
enewsletter
eNewsletter
enewsletters
e_news_show
enfants
.enfinity
eng
Eng
ENG
engage
engagement
engagements
en-gb
en-GB
en_GB
engeiten
engels
engg
_engine
engine
Engine
engineer
engineering
Engineering
engine_files
engineparts
engines
engl
england
England
englisch
englisch-deutsch
english
English
ENGLISH
english-french
english-german
english-spanish
engraving
enhance
.en.html
en-ie
en-IE
enjoy
enl
enlace
enlaces
enlarge
enlarged
enlargeproduct
en-NZ
.en.php
enq
enquete
enquetes
enquire
enquiries
enquiry
Enquiry
enquiry-form
enquiryform
enregistrement
enrol
enroll
Enroll
enrollment
Enrollment
ens
ent
enter
enter2
enteradmin
enter-chat-au
enter-chat-ca
enter-chat-other
enter-chat-uk
enter-chat-us
enter-pornstars
enterprise
Enterprise
enterprises
entertain
entertainment
Entertainment
entete
entire
entities
entity
EntityHelper
entra
entrada
entrance
entrants
entrar
entre
entrepreneurship
entreprise
entreprises
entretenimento
entretenimiento
entrevistas
entries
entropybanner
entrust
entry
Entry
entwicklung
entwurf
.enu
enu
en-uk
en-UK
en_UK
EN-UK
enumerations
en-us
en_us
enus
en-US
en_US
EN-US
env
envelope
envelopes
envia
enviado
enviar
enviar_amigo
enviaramigo
envie
envio
envios
enviro
Environ
environment
Environment
environmental
environments
environnement
envoi
envoi-ami
envoi_ami
envoyer
envoyer_ami
envoyerpage
en-ZA
eo
eoc
eon
eop
e_order
eos
.eot
eot
eo_web
.ep
ep
epage
epages
epaper
epay
ePaymentDone
ePaymentError
ePaymentInit
.epc
epc
epcmakemodel2
Epcmakemodel2
epdq
epg
EPG
ephotos
epi
epidemiology
episode
episodes
epk
.epl
epndomain
epoch
epost
epotoku
epp
EPP
_ePresence
eprice
eprint
eproducts
.eps
eps
epsadmin
epsilon
epson
ept
.epub
epub
eq
equestrian
equifax
equine
equinox
equip
equipe
equipment
Equipment
equipo
equity
Equity
er
ER
era
erc
ERC
ereg
eres
erfurt
ergebnis
ergebnisse
ergo
eric
erica
ericsson
erie
erik
erika
erin
erm
ernaehrung
ero
EroCrawler
erol
eros
erotic
eroticos
erotik
erotika
eRoute
erp
ERP
.err
err
Err
err_404
err404
Err404
erraddsave
errata
errdocs
erreur
erreur_404
erreur404
erreurs
__ErrFiles__
erro
erro404
.error
_error
error
error_
Error
error1
error2
error3
error-400
error400
error-401
error401
error-403
error_403
error403
error-404
error_404
error404
Error_404
Error404
error-500
error_500
error500
Error500
Error_Admin
error-codes
errordoc
_error_docs
error-docs
error_docs
errordocs
errordocument
ErrorDocument
errore
Errore
errores
Error-Espanol
error_files
errorfiles
errorForm
error_handler
errorhandler
errorHandler
Errorhandler
ErrorHandler
error_handling
errorhandling
ErrorHandling
error_log
errorlog
errorLog
ErrorLog
error_logs
errorlogs
ErrorLogs
error_message
errormessage
ErrorMessage
error_messages
errormessages
ErrorMessages
error_msg
errormsg
ErrorMsg
error_mysql
error-notfound
error_old
error-page
error_page
errorpage
errorPage
ErrorPage
_errorpages
error-pages
error_pages
errorpages
errorPages
ErrorPages
ErrorPageSP
Error_Processor
error_report
errorreport
.errors
_errors
errors
Errors
ERRORS
error-send
errortemplates
error_test
errortest
erros
errpage
errpage404
errpages
errs
ers
ert
erwin
.es
es
ES
esa
esampo
es_AR
esb
esc
escapadas
escape
Escape
escort
escorts
eScripts
esd
esearch
esempi
esempio
eservices
es-es
es_es
es-ES
es_ES
eses-myoffice
esf
es-gb
eshelf-research
e-shop
eshop
eShop
eshot
esi
esign
eski
esl
es-MX
esop
esp
ESP
espa
Espa
espace
espace-client
espace_client
espace-perso
espace_perso
espaces
espacio
espagnol
espana
espanol
Espanol
espanol-ingles
especial
especiales
Especiales
espn
esportes
espotting
espresso
esprit
Esprit
ess
essai
essais
essay
essays
essen
essentials
essex
est
esta
estadistica
estadisticas
Estadisticas
estat
estate
_Estate
estates
estatesgazette
estaticas_html
estatico
estatistica
estatisticas
esteri
estilo
estilos
Estilos
estils
estimate
Estimate
estimates
estimator
estonia
Estonia
e-store
estore
eStore
estructura
estudiantes
estudios
esupport
esw_config
et
ET
eta
eTarget
_etc
etc
Etc
etd
eternal
etf
ethan
ethics
Ethics
ethiopia
ethnic
eticket
etiket
etiketler
etiqueta
etiquette
etoc
etools
etraining
etravelstore
ets
etsy
etudiants
etzetera
.eu
eu
EU
eu-fr
eu-gb
eula
EULA
eupdate
euphoria
eur
EUR
eureka
eurl
euro
euro2008
europa
Europa
europcar
europe
Europe
european
europe-breaks
eus
euser
ev
eva
eval
evalform
evals
evaluate
evaluation
Evaluation
evaluations
evan
evb
eve
evendi
evenement
evenements
evening
event
Event
event2
event_cal
eventcal
event-calendar
event_calendar
eventcalendar
EventCalendar
eventdata
event_detail
eventdetail
event-details
eventdetails
EventDetails
eventform
EventHandler
eventi
event_images
eventinfo
eventlist
evento
eventos
Eventos
eventphotos
events
Events
EVENTS
events2
events4
events6csv
events-calendar
events_calendar
eventscalendar
EventsCalendar
events_e
event_search
eventsearch
EventSearch
events-list
events_listing
events_old
events_test
evergreen
Evergreen
everyday
everything
evidence
evil
evite
evo
evolution
evolve
evp
evps
ew
eway
eweather
eweb
ewebeditor
eWebEditor
eWebEditPro
ewebeditpro2
ewebeditpro3
ewebeditpro4
ewebeditpro5
ewp
ews
ex
EX
exa
exam
examiner
example
Example
example1
example2
example3
exampledir
examples
Examples
exams
exc
excalibur
excel
Excel
_EXCEL
exception
ExceptionLog
EXCEPTION_LOG
exceptions
excerpt
excerpts
excess
exchange
Exchange
exchange-links
exchange_rates
excite
Excite
.exclude
exclude
Exclude
exclude_tag
exclusive
exclusive-offers
exclusives
excursion
excursions
.exe
exe
.EXE
exe-bin
_exec
exec
executable
executables
execute
executive
executives
exel
exemple
exemplo
exercise
exercises
exeter
exhib
exhibit
exhibition
Exhibition
exhibitions
exhibitor
exhibitors
exhibits
exif
exifmgr
exit
Exit
exitpage
exitpop
exitregpopup
exitsplash
exlinks
exmplmenu_var
exotic
exp
expand
expand_control
expand_listloop
expand_menu
expansion
expats
expedia
expediade
expediauk
expediente
expedition
expeditions
Expenses
experian
experience
Experience
experiences
Experiences
experiment
experimental
experiments
expert
Expert
expertclub
experten
expertise
experts
Experts
expirados
expire
expired
expire_inv
explain
explanation
explore
Explore
explorer
Explorer
explores-files
expo
Expo
exponent
expop
_export
export
Export
export2
export_db
export_files
exportorder
exports
export_tags
expose
exposition
expositions
exposure
express
Express
expresscheckout
expressen
expressinstall
expressInstall
expression
expressions
.ext
_ext
ext
Ext
ext-2
ext-3
extend
Extend
extended
extender
extension
_extensions
extensions
Extensions
exterior
extern
.external
_external
external
External
externalbp
ExternalControls
external_feed
external-link
external_link
externallink
ExternalLink
external-links
externallinks
external_ref
externals
Externals
extern-data
externe
extern_js
externo
externos
extimages
extjs
extlib
ext_link
extlink
extra
Extra
.extract
extract
extraction
ExtractorPro
extra_files
extrait
_extranet
extranet
Extranet
extranets
extras
Extras
extrastree
extreme
ext_search
extsearch
exturl
ey
eye
eyeblaster
eyereturn
eyes
eyewonder
ez
ezb
ezboard
ezedit
e-zine
ezine
ezineready
ezines
ezinfo
ezp
ezpublish
ezra
ezweb
.f
_f
f
F
f0
f1
f10
f10569369
f12
f13
f17
f2
f23
f3
f4
f40
f4c
.f4v
f5
f6
f7
f8
fa
faa
fab
fabio
fabric
fabrics
fabu
fac
face
_facebook
facebook
Facebook
facebook2
facebook_app
facebookapp
facebook_connect
facebox
facefiles
facelift
.faces
faces
Faces
facet
facets
facilities
Facilities
facility
facstaff
fact
factfinder
factory
Factory
facts
factsheet
factsheets
Factsheets
factura
facturacion
facturas
facturation
facture
facturen
factures
faculties
faculty
Faculty
faculty_staff
facultystaff
fad
fade
fader
fadmin
fag
fai
fail
failed
failed_auth
failover
failure
fair
FairAd
fairfield
fairs
fairtrade
fairy
faith
Faith
fake
fakes
faktura
faktury
falcon
fale-conosco
fall
Fall
fall2006
fall2007
fallback
falle
falls
fam
fame
familia
familie
families
famille
family
Family
familyfun
familygroup
family-notices
familytree
famlist
famous
fan
fanart
fanchart
fanclub
fancy
.fancybox
fancybox
fanli
fans
fanstuff
.fantasticodata
fantastika
fantasy
Fantasy
fantasy-football
fantversion
fanwen
fanzone
fao
fap
_faq
f-a-q
faq
Faq
FAQ
faq1
faq2
faq3
faq_admin
faqdesk
faqdesk_index
faqdesk_info
faq-en
faq-ezp-21
faq_info
faq-info-19
faq_item
faq_old
faqpage
faqs
FAQs
faqs2
faqs_all
faq_search
faqtest
faq-us
far
farben
farcry
fares
farm
farmacias
farmer
Farmer
farms
farsi
fas
fashion
Fashion
fast
fastfind
fastloads
fastphp
fastsearch
faststats
fasttrack
fat
father
fathers-day
fathersday
fatture
fault
fav
fave
favico
favicon
Favicon
favicons
favlist
favor
favoris
favorite
Favorite
favorite_add
favoriten
favorite_nodes
favorites
Favorites
favorites_sales
favoritos
favorits
favourite
favourites
fav_popup
favs
fax
Fax
faxform
faxorder
fb
FB
fb1
fb2
fb3
fb4
fba
fbapps
fbb
fbb_add
fbc
fbconnect
fbdb
fbfiles
fbi
fb_iframe
fb_images
fblogin
fb_personalize
fbprofile
fbs
fbshare
fbtest
fc
Fc
fcategory
fcc
.fcgi
fcgi
fcgi-bin
fch
fck
FCK
fck_editor
fckeditor
fckEditor
Fckeditor
FckEditor
FCKeditor
FCKEditor
FCKeditor2
FCKeditor3
fclick
fcms
fcp
FCpdf
fcs
fct
FCWSite
fd
fda
fdb
fdc
fdcp
fdl
fdm
fds
fe
feature
feature1
feature2
feature3
feature4
featurearticles
featured
Featured
featured-sites
FeatureMgt
features
Features
feb
Feb
feb06
february
February
february-2011
fec
federal
Federal
federation
fedex
FedEx
fee
.feed
feed
Feed
feed2
feed2js
_feedback
feedback
feedBack
Feedback
FeedBack
feedback1
feedback2
feedback_ajax
feedback_form
feedbackform
FeedbackForm
feedback_js
feedbacks
feedbacksent
feedback-site
feedback_thanks
FeedBrowser
feedburner
feed_embed
feeder
feed-item
feeds
Feeds
FeefoForwarding
feelgood
fees
fehler
Fehler
fehler404
fehlermeldungen
fehlerseite
fehlerseiten
feliratok
felix
felles
fellow
fellows
fellowship
fem
female
femme
Femme
femmes
fence
fencing
fengshui
fenlei
fep
ferguson
feria
ferienhaeuser
ferienhaus
ferienwohnung
ferienwohnungen
fernsehen
ferozo
ferpa
ferramentas
ferrari
Ferrari
ferry
fes
fest
festival
festivals
fet
fetch
FetchBilling
FetchOrderDetail
fetish
fever
few
ff
FF
ffavour
fff
ffmpeg
ffr_cart
ffs
fg
fh
fha
fhb
fhg
fi
FI
fia
fiat
fiber
fic
ficha
ficha_artistas
fichas
ficha_salas
fiche
fichepdf
fichepdf_back
fiche-produit
fiche_produit
ficheros
fiches
fichier
fichiers
fiction
fidelity
field
fields
fiesta
fiestas
fi-FI
fi_FI
fifi-myoffice
fifty
fig
fight
figs
figueres
figuras
figure
figures
fiji
Fiji
fijos
.fil
fil
.file
_file
file
File
file1
fileadmin
filearchive
filearea
filebase
filebin
filecabinet
filecache
file_download
filedownload
FileDownload
file_downloads
filedownloads
fileexchange
.file-get-contents
fileinfo
filelib
FileLib_Admin
filelibrary
filelist
filelst
filemaker
FileMaker
fileman
filemanage
FileManagement
.filemanager
file-manager
file_manager
filemanager
fileManager
FileManager
filemgmt
filemgmt_data
.filemtime
filename
filenames
file-not-found
filenotfound
FileNotFound
.file-put-contents
filer
Filer
.files
_files
files
Files
FILES
files1
files2
Files_Deleted
fileserver
files_flutter
fileshare
.filesize
files_log
filestorage
filestore
filestores
filesystem
file-to-disallow
filetransfer
fileup
file_upload
fileupload
fileUpload
FileUpload
fileuploader
file_uploads
fileuploads
filez
filezilla
filial
filialen
filials
filing
filings
fill
fillform
.fillPurposes2.php
.film
film
filme
filmes
film-reviews
films
FilmSearch
FilmStripHandler
film-trailers
filmy
filter
Filter
filters
filters-ajax
filtre
fin
finaid
final
Final
FINAL
finalcheckout
finalize
finance
Finance
finance2
finances
financial
Financial
financial-aid
financial_aid
financialaid
financials
financialtimes
financing
finans
finanzas
finanzen
finanziamenti
finanzierung
finca
find
Find
FIND
findadoc
find-a-doctor
findadoctor
find-alumni
findAlumni
find_area
find-articles
findastore
finder
findHotels
finding
find-it
findit
find-jobs
find-new
findologic
FindPage
find-password
findpeople
findperson
findpersonform
finds
findwhat
fine
fingerprint
finish
Finish
finished
finishing
finish_order
finishorder
finland
Finland
finn
finnish
fire
Fire
firebird
fireboard
firebug
firefly
firefox
Firefox
firenze
firestats
firewall
fireworks
Fireworks
FIREWORKS
firm
firma
firmas
FirmConnect
firmen
firmenkunden
firms
firmware
firmy
first
first-aid
firstclass
fis
fiscal
fish
fisher
fisheye
fishing
fit
fitness
Fitness
fitnessdigital
five
fiveofthebest
fivestar
fix
fixed
FixedRateMtgCalc
fixes
fixit
fix_login
fixtures
fj
FJ
fk
FK
fl
FL
.fla
_fla
fla
FLA
flag
flag_content
flagged
flagging
flags
Flags
flagsearch
flair
flame
Flaming
_flash
flash
Flash
FLASH
flash1
flash2
flash3
flashaudiokit
flashbanner
flash_banners
flashcards
flash_chat
flashchat
FlashChat
flashcoms
flashdata
flashData
flash_detect
flash-download
flashes
flashfader
flash_files
flashfiles
FlashFiles
flash_flv_player
flashgallery
flash-games
flashgames
flash_images
flashimages
flash-intro
flashJs
flashmap
flashmovies
flashnews
flashobject
flashplayer
flashs
flashservices
flashsite
flashstats
flash_swf
flash_test
flashtest
flashvideo
flashxml
flat
flats
fleet
Fleet
flets
flex
Flex
FlexBase_Admin
flexi
flex-sign-in
flickr
flickrat
flickrau
flickrbe
flickrca
flickrch
flickrcn
flickrde
flickrdk
flickres
flickrfr
flickrie
flickrin
flickrit
flickrjp
flickrnl
flickrno
flickrnz
flickrpt
flickrse
flickrsg
flickruk
flickrus
flight
Flight
Flightglobal
flightresults
flights
Flights
flightsearch
flightSearch
flimg
flink
flink_add
flip
flipbook
flippingbook
flir
flirt
flivechat
float
floatbox
flood
floods
floor
flooring
floorplan
floor-plans
floorplans
flora
floral-events
florence
florida
Florida
florist
flow
flower
flowers
Flowers
flowplayer
flp
flsh
flu
fluege
flug
flughafenausbau
flush_cache
flushcache
flusnav
flux
.flv
flv
Flv
FLV
flvideo
flv-player
flv_player
flvplayer
flvprovider
flvs
fly
fly-1
flyer
Flyer
flyers
Flyers
flyingblue
flypage
flysearch
flyspray
.fm
fm
FM
fmail
fme
fm-feeds
fmp
fms
fmt
fmtemplates
fn
fnc
fnf
fnp
fns
fo
foaf
focus
Focus
fod
foi
foia
fol
folded
folder
Folder
folder1
folder2
folder_contents
folders
folding
folio
Folio
foliot
folk
folks
folletos
follow
followers
following
follows
followup
fom
fon
fonction
fonctions
fondos
fonds
fonksiyon
fons
_font
font
fontimages
fontis
_fonts
fonts
Fonts
font_size
fontsize
foo
foobar
Foobot
food
Food
food-and-drink
food-drink
foods
foodservice
foorumi
FooSun_Data
Foosun_Plus
foot
footage
football
Football
football-news
_footer
footer
Footer
footer1
footer2
footer_inc
footer_index
footer_links
footerlinks
footers
foot_nav
footprints
footwear
fop
.fopen
for
For
fora
forbes
forbidden
force
forceddownload
ford
Ford
forecast
Foreclosure
foreclosures
foreign
foren
foresee
foresight
forest
forests
foretag
forever
forex
forge
forget
forgetpass
forget_password
forgetpassword
forgetPassword
ForgetPassword
forgetpwd
forgot
Forgot
forgot_pass
forgotpass
forgot_passwd
forgot-password
forgot_password
forgotpassword
forgotPassword
ForgotPassword
forgot_pw
forgotpw
forgot_pwd
forgotpwd
ForgotPwd
forgotten
forli
.form
_form
form
Form
FORM
form1
form2
form2mail
form3
form4
forma
formacion
formadmin
formail
formandxml
format
Format
formate
formation
formations
formats
formazione
formbot
formbuilder
formcheck
form_compcert
form_contact
formdata
formdispatch
form_error
formerror
formExportFiles
formfail
FORMfields
form_files
formgen
FORMgen
formgenerator
form-guide
formguide
form_handler
formhandler
formlogs
form-mail
formmail
FormMail
formmailer
form-out
formpost
formpres
formproc
form_process
formprocess
Form-processor
Form-processor2
Form-processor3
Form-processor4
form_results
formresults
FormReview
formrslt
_forms
forms
_Forms
Forms
FORMS
forms1
forms2
formsadmin
FormServer
formsmgr
FormSource
formsubmit
form_test
formtest
form_thanks
FormToEmail
formtoemailpro
formtools
form_type
formula
formula1
formulaire
formulaires
formular
formulare
formulario
formularios
formularz
formularze
formulieren
form_valiation
foro
Foro
foro2
foros
forprint
forrent
forrest
for-sale
for_sale
forsale
For-Sale
forschung
forside
Forside
forster
forsyth
fortest
fortis
fortuna
fortune
_forum
forum
forum_
Forum
FORUM
forum1
forum10
forum11
forum12
forum125
forum13
forum134
forum2
forum20
forum218
forum22
forum3
forum4
forum41
forum5
forum7
forum_abuse
forum_admin
forumadmin
forum_alt
forumas
forum_auth
forum-avatars
forumbackup
forum-badges
forum_category
forumcp
forumdata
forumdev
forumdisplay
forumfiles
forumid
forum_images
ForumImages
forum_info
forum_lu_
forum_mail
forummap
forum_new
forum_news
forum-old
forum_old
forumold
forum-oyunlari
forum-policies
forumpolicy
forum_post
forumpost
forum_posts
forumproc
forum_reyting
forum_rules
forumrules
forums
Forums
forums1
forums2
forum-search
forum_search
forumsearch
forumseocp
forum-smileys
forums_old
forum_stats
forum_stats2
forum-teaser
forum-test
forum_test
forumtest
forum_topic
forum_topics
forumx
forumz
forward
forwarding
forwards
foryou
fot
fotka
fotki
fotky
foto
Foto
FOTO
fotoalben
fotoalbum
fotoalbums
fotogal
fotogaleri
fotogalerie
fotogallery
fotografia
fotografias
fotografie
fotolog
fotomagasinet
fotomax
fotopoint
fotos
Fotos
FOTOS
fotos2
fotovideo
fotoxml
found
foundation
Foundation
fountain
four
fourm
fox
foxy
foyer
.fp
fp
FP
fp2k
fpa
FPBACKUP
_fpclass
fpclass
_FPCLASS
FPControl
_fpdb
fpdb
fpdf
fpdf153
fpdf16
fpdp
fphover
fphoverx
fp_images
.fpl
fpl
fplayer
Fpoll
fpost
fpp
fpr
fprotate
fprotatx
fps_external
fpss
fptest
fpw
.fr
_fr
fr
Fr
FR
fr2
fra
FRA
fractions
frage
fragen
fragment
fragments
frags
fram
frame
Frame
frame2
framed
framehelper
frame_inf
frameit
framer
frames
Frames
frameset
frametest
.framework
_framework
framework
Framework
frameworks
Frameworks
framing
fran
Fran
francais
Francais
francais-anglais
france
France
frances
francese
franchise
Franchise
franchisee
franchises
franchising
francia
francis
frank
Frank
franken
frankfurt
Frankfurt
frankfurt-lions
franklin
Franklin
frankreich
fraser-coast
fraud
frauenzimmer
fr-be
fr-BE
fr-ca
fr_ca
fr-CA
fr-CH
fre
.fread
fred
free
Free
freeads
freebie
freebies
freebook
freebooks
freebsd
freecall
freecap
freecd
freecontent
freecourse
freedemo
freedom
Freedom
free-download
free_download
freedownload
free-downloads
freedownloads
free-estimate
free-games
free-gift
freegift
freegifts
freelance
freelancer
freelancers
freelinking
freelist
freelisting
freemail
freenet
freenews
freeoffer
free_products
free-report
freereport
freeship
free-shipping
free_shipping
freeshipping
freesites
freesoft
free-stuff
free_stuff
freestuff
freetemplates
freetextbox
FreeTextBox
free-trial
freetrial
freevideo
freeware
freexmas
freeze
frei
freigabe
freischalten
freizeit
Freizeit
fremont
french
French
french-english
frequencejeune
frequenceplus
frequentflyer
fresh
fresno
freunde
fr-fr
fr-FR
fr_FR
FR-FR
frfr-myoffice
.fr.html
fridge
.friend
friend
Friend
friend_accept
friendfeed
friendlink
friendlist
friendmail
friendrequests
friends
Friends
friendsandfamily
friendship
FriendSite
Friends_Links
fr-LU
frm
frm_
frm_attach
frog
frogs
fr_old
from
frommerscobrand
front
Front
frontdoor
frontend
Frontend
FrontEnd
FRONTEND
frontend_admin
frontend_dev
frontend_test
frontier
Frontier
_frontlook
front-page
front_page
frontpage
froogle
froogle_
Froogle
frozen
frs
fruit
fruits
fr_virgin
fry_include
fs
FS
fs2
fsa
fs-bin
fsbo
fsc
fs_cont
fsd
fsearch
fsi
FSL5Apps
FSL5CS
fsm
fs_menu
fsmenu
fso
.fsockopen
fsp
fsr
fsrscripts
fss
fsw
ft
fta
ftb
ftc
ftemplates
ftl
fto
ftopic
_ftp
ftp
FTP
ftp1
ftp2
ftp_content
ftpdir
ftp_files
ftpfiles
ftpgetfile
ftpimages
.ftpquota
ftproot
ftpsite
ftpstat
ftpstats
FTPUPDATER
ftp_upload
ftpupload
ftpuploads
ftpuser
fts
ftsearch
fts_sitemap
ftt
ftt2
fu
fuck
fuel
fuentes
fuerteventura
fujian
fujitsu
fuke
fukuoka
fulfillment
Fulfillment
fulham-fc
full
Full
fullinfo
fullnews
fullpage
full_screen
fullscreen
full_search
fullsearch
fullsize
fullsizegame
fulltext
fun
Fun
_func
func
funciones
funcions
func-lib
funcoes
funcs
funct
_function
function
Function
FUNCTION
FunctionPages
_functions
functions
Functions
.functions.php
functions_zip
functs
fund
fundamentals
funding
Funding
fundraiser
fundraisers
fundraising
Fundraising_2007
funds
funeral
Funerals
fun-games
funk
funkcje
funktionen
funnel
funny
Funny
fun-stuff
funstuff
funzioni
funzone
FUP
fuploadcss
fuploadimages
fuploadjs
furnitura
furniture
Furniture
fuseaction
fuseads
fusebox5
fusetalk
fusework
fusion
Fusion
fusioncharts
FusionCharts
futaba
futbol
futebol
futurama
future
Future
futures
futurestudents
fuwu
fuzzy_seofq
fv
fvideos
fvp
fw
FW
fwd
FWi
fwuam-stub
fx
FX
fy
fyi
fz
fzadmin
.g
__g
g
G
g1
g2
G2
g2data
g2y
g3
G3
G4
G5
G6
g8
ga
GA
gab
gabarits
gab_redirect
gabriels
gac
gaceta
gad
gadget
gadgets
Gadgets
gadmin
gads
gaeste
gaestebuch
Gaestebuch
gai
gainesville
Gaisbot
gakunai
gal
gala
galapagos
galaxy
galera
galereya
galeri
galeria
Galeria
galerias
galerie
galerie1
galerie-imagini
galerien
galeries
galerija
galery
galicia
galileo
gal_images
gall
galleri
galleria
gallerie
galleries
Galleries
.gallery
_gallery
gallery
Gallery
GALLERY
gallery1
gallery2
gallery3
gallery4
gallery6
gallery_image
gallery_images
galleryimages
gallery_old
galleryphotos
galleryview
galls
gals
galveston
gambar
gambling
Gambling
game
Game
gamedata
gameinfo
gameplay
gamercard
gameroom
_games
games
Games
games2
gaming
Gaming
gamma
gamme
gammel
gan
gandia
ganesh
ganglia
gantt
gaokao
gap
garage
garage-doors
garaj
garanti
garantia
garantie
garanties
garantii
garanzia
garbage
garcia
gard
garden
gardening
gardens
garland
garlic
garmin
garrett
gartner
gary
Gary
gas
gast
gastbuch
gastenboek
gastgeber
gastronomie
gat
gata
gate
Gate
gates
gateway
Gateway
gateways
gathere
gatherer
gaucho
gauges
gaw
gay
gays
gaz
gazeta
gazette
gb
GB
gba
gbase
gbcf-v3
gbook
gbs
gbu0-contact
gbu0-display
gbu0-emailfriend
gbu0-prodsearch
gbuch
gbuk-myoffice
gc
GC
gca
gcards
gcc
GCC
gcCallback
gclog
gcoreg
gcount
gcp
gcpayment
gcs
GCshared
gcs_templates
gd
GD
gdansk
gdb
gdbackup
gde
gdfonts
gdform
gds
gdspublisher
gd-star-rating
ge
GE
gear
gebruiker
ged
gedcom
gedform
gedichte
geek
geicoprivileges
gel
geld
gem
gemeinden
gemini
gemini-horoscope
gems
gemstones
gen
Gen
gender
gene
genealogy
Genealogy
gened
genel
genentech
genera
generador
general
General
general-chat
generale
general-info
general_info
generalinfo
GeneralInfo
general_lib
generate
generated
generateditems
Generateditems
GeneratedItems
generation
generations
generator
Generator
generatore
generators
generic
genericerror
GenericError
generics
generics-us
genes
genesis
Genesis
genetics
geneva
genfiles
genhtml
genie
genImage
geninfo
genius
genlib
genova
genpdf
genpict
genpwd
genre
genres
gensitemap
gente
genthumb
genuine
.geo
geo
geocode
geodata
geoff
geography
_geoip
geoip
GeoIP
geologia
geomap
geometry
george
georgia
Georgia
georss
geo_templates
ger
geral
gerber
geren
gerencia
gerenciador
gerer
german
German
german-english
germany
Germany
geronimo
ges
geschaeftskunden
geschenk
geschenke
geschenkideen
geshi
gesperrt
gest
gestao
_gestion
gestion
Gestion
gestionale
gestione
Gestione
gestiones
gestor
gestutente
gesuche
gesundheit
get
Get
get1
GetAd
get-ads
get-answers
get-a-quote
getattachment
getaways
get_block
getCart
getCartInfo
getcode
getcountry
getCountry
getcoupon
getcoupons
getcss
getd
getdaily
get_data
getdata
get-deal
getDir
getdoc
getdownload
GetDownload
getemail
_GetEmail
get-experience
getextras
get-file
get_file
getfile
getFile
GetFile
getfiles
getflash
getform
gethelp
GetHits
gethtml
getid
getid3
get_image
getimage
GetImage
.getimagesize
getimg
getin
get_info
getinfo
get-in-touch
getintouch
get-involved
get_involved
getinvolved
getip
getit
getitem
getjs
getlang
get_last_post
getlicense
GetLicense
getlink
getlist
getlisted
get_map
getmap
.GetMapImage
getmedia
getnew
getnews
GetNotified
getorderinfo
getorgsvcard
getout
getpage
GetPage
getpass
get_password
getpassword
GetPassword
getpdf
getPDF
getPicture
getprice
getproduct
getpsw
getpwd
get_quote
getquote
getQuote
GetQuote
get_rated
getresults
GetRight
getRSS
get_rss_feed
get_started
getstarted
GetStarted
get_strings
gettags
gettext
GetThumbNail
getting-started
getting_started
gettingstarted
Getting-Started
GettingStarted
get_topic
get_url
geturl
getuser
get_video
getwidget
get_xml
getxml
gewerbe
gewinnen
gewinnspiel
Gewinnspiel
gewinnspiele
gf
gfen
gfix
gforum
gfporn
gfs
_gfx
gfx
GFX
gfx4_v4GFXed
gg
Gg
ggg
ggl
gh
GH
ghana
Ghana
ghost
ghosts
ghs
gi
GI
gib
gibraltar
gibson
gid
gids
.gif
gif
.Gif
Gif
.GIF
GIF
.gif.php
gifs
Gifs
GIFS
gift
Gift
giftbaskets
giftcard
GiftCard
gift-cards
gift_cards
giftcards
giftcert
giftcertificate
GiftCertificate
giftcertificates
giftguide
gift-ideas
giftideas
giftlist
GiftOptions
giftregistry
giftreg_manage
giftregs
gifts
Gifts
giftshop
giftvoucher
giftwarp
giftwrap
.gif_var_DE
gig
giga
gigabyte
giga-files
gigantes
gigs
gigya
gijon
giles
gilet
gim
ginc
giochi
giochi-online
giraffe
giris
girl
girls
girokonto
girona
gis
GIS
.git
git
.gitignore
gitweb
give
giveaway
giveaways
giving
Giving
gizlilik
gizmo
gk
gl
GL
gla
glacier
glamour
glance
glance_config
glasgow
glass
Glass
glasses
glavnaya
glee
glen
glendale
glenn
glink
glinks
glitter
glm
_global
global
Global
GLOBAL
globaladmin
global_assets
global_files
globalfit
global_images
globalimages
GlobalImages
global_inc
global_includes
globallib
globalnav
global_pw
_globals
globals
Globals
globalsearch
globalSites
globe
globus
gloria
glosario
gloss
glossaire
glossar
Glossar
glossario
glossary
Glossary
glossary2
GlossaryofTerms
glosuj
gloucester
gloves
glpcat
glue
gm
GM
gmail
gm_ajax
gmap
gmaps
gmb
gmbh
gmc
GMC
gm_corner
gm_counter
gm_css_monitor
gmg
gm_gprint
gm_gprint_ajax
gm_opensearch
gmp
gm_price_offer
gm_privacy
gms
gmtv
gmx
gn
GN
gns
gnu
gnupg
.go
go
Go
GO
go1
go2
go3
goa
goal
goals
goaway
GoCart
god
godaddy
gofeatured
goforum
gogo
go-green
gohome
gol
gold
Gold
GOLD
goldbrick
gold-coast
golden
goldenticket
golestecos
golf
Golf
golf-courses
golink
GoLink
golos
gomez
gond
gonder
gone
gonggao
gongju
gonglue
gongqiu
gongying
goo
good
goodbye
goodies
Goodies
goodmorning
goodnews
goodrich
goods
Goods
goods_script
goodsurl
goodyear
go-offers
goog
googiespell
.google
google
Google
google1
googleactivity
google-ads
googleads
google-adwords
googleadwords
google-analytics
google_analytics
googleanalytics
google-api
googleapps
google_base
googlebase
.googlebook
googlebot
Googlebot
Googlebot-Image
google_checkout
googlecheckout
googleCheckout
GoogleCheckout
google_earth
googleearth
googleentity
google-feed
googlefroogle
googleindex
google_map
googlemap
googleMap
GoogleMap
google-maps
google_maps
googlemaps
GoogleMaps
googlemini
googlepr
googleresults
google-search
google_search
googlesearch
GoogleSearch
googlesite
google_sitemap
googlesitemap
GoogleSitemap
GoogleSiteMap
googlesitemaps
googlesok
googlestats
GoogleTap
googletest
googletopics
google_xml
go_out
gop
gopartner
gor
gora
gordon
gorod
goroda
goroskop
gos
gosautoinspect
gosearch
goshop
gosite
gospel
gossip
gost
goster
got
gotcha
gothic
gotlinks
go-to
go_to
goto
GoTo
gotoitem
gotolink
gotopage
gotoproduct
gotoshop
gotosite
goto_top
gotourl
gotrythis
go_url
gourl
gourmet
gout
gouwu
gov
Gov
governance
Governance
government
Government
governor
Governor
gowebSite
gp
GP
gpl
GPL
gpo
gpr
gprocessnew
GPRS_Search
gps
GPS
.gpx
gpx
gq
.gr
gr
GR
gra
grab
grabber
graboid
grace
gracias
Gracias
grad
gradcatalog
gradebook
grades
gradient
grado
gradschool
graduate
Graduate
graduates
graduation
Graduation
grady
graf
Graf
graffiti
grafic
grafica
grafici
graficos
grafics
grafik
Grafik
grafika
grafiken
grafikk
grafix
grafton
grafx
graham
grammar
granada
grand
Grandchildren
grande
grandis
granite
grant
grants
Grants
grape
grapevine
graph
Graph
graphic
Graphic
graphic2
graphic-design
graphicdesign
_graphics
graphics
Graphics
GRAPHICS
graphics2
graphing
graphique
graphisme
graphix
graphs
graphx
grappelli
gratis
gratuit
graveyard
gravis
gravity
gray
graybox
grazie
grb
gre
GRE
great
grecia
greece
Greece
greek
Greek
greekorthodox
green
Green
greenguide
greenville
greenwood
greer
greet
greeting
greeting-cards
greetingcards
greetings
Greetings
greg
Greg
gregg
gregory
grenada
Greska
gresults
greta
gretchenwilds
gretta
grey
greybox
greycenter
greyhound
grey-market
grf
grfx
GRFX
gr-gb
grgr-myoffice
grid
Grid
griffin
grille
grl
grm
groceries
groepsreizen
grooming
gross
gros-seins
group
Group
group1
groupadmin
group_buy
groupcp
groupe
grouper
groupes
group_images
group_inlinemod
grouplist
group_members
groupmgr
groupmsg
groupon
groups
Groups
groupware
grow
growing
growth
.grp
grp
grs
grt
grube
grupo
grupos
gruppe
gruppen
gruppi
grusskarten
gs
GS
gsa
GSA
gsc
_gsdata_
gsdl
gse
gsearch
gsg
gsitemap
gsk
gsm
gso
gsr
gss
gst
gsw
gt
GT
gta
gt-cache
gtchat
gtd
gtest
gtg
gti
gtm
gtranslate
gts
gtsearch
gu
guadalajara
guadalupe
guadeloupe
Guadeloupe
guahao
guam
Guam
guanggao
guanli
guarantee
Guarantee
Guaranteed
guarantees
guaranty
guard
guardar
guardian
guatemala
Guatemala
guernsey
guess
guest
Guest
guestbk
guest-book
guest_book
guestbook
Guestbook
GuestBook
guestbook2
guestbook_add
guestbook_entry
guestbooks
guestbook_sign
GuestHandler
guestlist
guestlog
guestmap
guest-post
guestrooms
guests
Guests
guest-tracking
_gui
gui
GUI
guia
guias
guida
guidance
guide
Guide
guidebook
guidedtour
guideline
guidelines
Guidelines
guides
Guides
guidevoyageur
guild
guilds
guitar
guitars
gui_web
gujarat
gulf
gun
guns
gunsmoke
gupiao
guru
gus
gutschein
gutscheincode
gutscheine
Gutscheine
guvenlik
guy
guys
gv
gv_faq
gvod
gvp
gv_redeem
gv_send
gw
GW
GW5
gwa
gwebservicegfs
gwimages
gwo
gwp
gw_paypal
gwstyles
gwt
gx
Gx
gy
GY
gym
gymnastics
gymrss
gyms
gym_sitemaps
gyrobase
.gz
gz
gzip
.h
h
H
h1
h2
h2-h3
h4
h4hdr
ha
haber
haberler
Haberler
habikinoshi
habillage
habitat
hack
hacker
hacks
hacks_list
hadmin
haendler
haendlerbereich
haendlersuche
haeuser
haftung
haha
hai
hair
hairstyles
haiti
hakkimizda
hakkinda
haku
hal
halifax
hall
hallinta
hallmark
halloffame
halloween
Halloween
halls
Halo_Skin_3
halti
ham
hamburg
hamilton
hammer
hampshire
Hampshire
hampton
hamster
han
hancock
hand
Hand
handbag
handbags
Handbags
handball
handbook
Handbook
handbooks
handel
handheld
handicap
handle
handle-buy-box
handleidingen
handlekurv
handleOptIn
handler
Handler
_handlers
handlers
Handlers
handles
handmade
handout
handouts
Handouts
handson
handwerk
handy
handys
hangman
hangzhou
hannah
hannover
Hanover
hans
hanson
hao
happening
happenings
happy
Happy
happyholidays
hard
hardcopy
hardcore
hardlink
hardlinks
hardware
Hardware
Hari
harita
harley
harm
harming
harmony
harper
harris
harry
harrypotter
hart
hartford
harvest
Harvest
harvey
has
hasard
hash
haslo
hastings
hat
hata
hatabildir
hateit
hats
haus
hausprospekt
haut
have
havejob
haven
hawaii
Hawaii
hawkins
haz
hb
HB
hbcms
hbr
hbs
hbx
hc
HC
hca
hcc
.hcc.thumbs
_hcc_thumbs
hci
hcl
hcm
hcp
hd
HD
hdd
hdr
hds
hdtv
hdvideo
HDWForm2Mail
HDWFormCaptcha
hdwiki
he
HE
_head
head
Head
_header
header
Header
header1
header2
header3
headercell
header_images
headerimages
header_inc
headers
Headers
headfoot
headfooter
heading
headings
headline
headlines
Headlines
heads
headshots
headstart
headstones
healing
health
Health
HEALTH
healthcare
Healthcare
healthcheck
HealthCheck
health-fitness
health-info
health-insurance
healthinsurance
health-news
healthnotes
healthprofile
healthscout
health_services
health-wellness
healthy
healthy-eating
healthy-living
healthyliving
heap
heart
heartbeat
Heartbeat
heat
heather
heatmap
heaven
heb
hebergement
hebrew
Hebrew
hec
heidelberg
heightsearch
heinz
heirachy
hel
helicopter
helios
hello
hello-world
helloworld
HelloWorld
helm
helmets
_help
help
_Help
Help
HELP
help1
help2
help3
helpadmin
Help_Admin
help_answer
help-bill
help-center
help_center
helpcenter
HelpCenter
help-check
help_contact
help-desk
helpdesk
Helpdesk
HelpDesk
helpdeskultimate
helper
Helper
helperfiles
helpers
Helpers
help-faqs
helpfiles
HelpFiles
help-format
helpful
help-glossary
help_government
helpie5
helpie6
helpindex
helpme
help_options
help-order
help_order
help-order2
HelpPage
help_payment
helps
help_shipment
help-stock
help_tos
hem
hemeroteca
henderson
henry
Henry
hentai
her
herald
herbal
herbs
here
Here
heritage
hermaphrodite
hermes
hero
heroes
herpes
herramientas
hersteller
hervey-bay
hesabim
hesk
heslo
hess
hewlettpackard
hezuo
hf
hffiles
hfs
.hg
hg
HG
hgh
hh
HH
_hhdocs
hhh
hhs
hh_site
hi
HI
hid
hidalgo
_hidden
hidden
Hidden
_hide
hide
hifi
high
High
highland
highlight
highlight_mfa
highlights
Highlights
high-school
high_school
highschool
highscore
highscores
highslide
highslide-4
highstreet
hightech
highway
HIIACodeofEthics
HIIACodeOfEthics
HIIAMembership
hikaku
hikaye
hiking
hilary
hilfe
Hilfe
hill
hillsborough
hilton
Him
himages
hindi
Hindi
hint
hintergrundinfo
hints
hinweis
hinweise
hip
hipaa
HIPAA
hip-hop
hiphop
hipp
HiQFM
hire
hi-res
hires
hiring
hirlevel
his
hispanic
hist
histogram
histoire
historia
historic
historical
historico
histories
historique
.history
_history
history
History
history-paper
historytemplate
hit
hitbox
hitcount
hitCount
hitcounter
hitcounts
hitech
hitfotos
hitlist
hitmat
hits
Hits
hiv
hivemind
hj
hjelp
hk
HK
hl
HL
hledamkontakt
hledani
hledat
hledej
hledej_2
hloader
hlp
hlstats
hm
hmc
hmenu
.hml
hms
.hmtl
hn
HN
hns
ho
hobart
hobbies
Hobbies
hobby
hochschule
hochschulen
hochzeit
hockey
hodnoceni
hof
hogar
hoge
hokkaido
_hold
hold
Hold
HOLD
holden
_holding
holding
Holding
holdingpage
holdsession
holiday
Holiday
holiday08
holiday2007
holiday-events
holidaymaker
holidays
Holidays
HolidaySaving
HolidayTheft
holland
holly
hollywood
holmes
holt
hom
.home
_home
home
Home
HOME
home-1
home1
home-2
home2
Home2
home-3
home3
home4
home5
home-and-garden
home-banner
homebanner
homebuyer
homecare
homecoming
homedepot
home_files
Home_files
home-garden
home_gesperrt
home_images
homeimages
home_img
home-insurance
home_insurance
homeless
homelife
home-loans
home-new
home_nli
homeoffice
home-old
home_old
homeowner
homeowners
home-page
home_page
homepage
Homepage
HomePage
homepagebanner
homepage_images
homepages
homes
Homes
homeschool
homesearch
homes-features
homes-for-sale
homesforsale
home-style
home-test
home_test
hometest
HomeTest
hometheater
hometown
homework
homezone
homme
hommes
homologacao
hon
honda
Honda
honduras
Honduras
honey
honeymoon
honeypot
honeywell
hong-kong
hongkong
honolulu
honor
honor_roll
honorroll
honors
hood
HoodiaP57
hoodies
hook
hooks
hop
hope
hopkins
hopper
horarios
horde
horizontal
horo
horoscope
horoscopes
horoscopo
horoskop
horror
Horrorstories
HorrorStories
horse
horse-camps
horse-racing
horseracing
horses
horses-for-sale
hos
hospedagem
hospedaje
hospital
hospitality
hospitals
Hospitals
host
host_
Host
hostadmin
hosted
hosted_asp
HOSTED_ASP
hostels
hos_test
hostgator
hosting
Hosting
hostmonster
hosts
hot
Hot
hot_ai-church
hot_bc
hot_bc2
hot_bc-live
hot_bcssl
hotcock
hot-deals
hotdeals
hoteis
hotel
Hotel
hotel2
hotel3
hotel_admin
hotelangebote
hotel-byname
hotelclient
hotel_detail
hotele
hoteles
hoteles_en
hotelfinder
hotelimage
hotelinfo
HotelInfo
hotellanding
hotelmap
hotelmisto
.hotelName
hotelredirect
hotel_review
hotel-reviews
hotel_reviews
hotelrewards
hotels
Hotels
hotel-search
hotelsearch
hotelSearch
hotels_in
hotels-list
hotels-resorts
hotels-uk
hotel_v3
hotelXML
hot_hc
hot-jobs
hotline
hotlink
hotlinking
hotlinks
hotlist
hotmail
hot_monitor
hot_mon-live
hotnews
hotoffers
hotornot
hots
hotsite
hotsites
hotspot
hotspots
hot_sys
hot-topics
hottopics
hottrends
hot_ufi
hot_ufi2
hotufi2
hot_ufi-live
hot_wrk
hot_wrk-blair
hot_wrk-live
hot_wrk-thatch
hourglass
hours
house
House
houseads
housecall
household
houses
housing
Housing
housokonpozairyo
houston
Houston
houtai
hover
HoverHandler
how
How
howard
how-it-works
how_it_works
howitworks
how-to
how_to
howto
HowTo
how-to-apply
how-to-buy
howtobuy
how-to-order
how_to_order
howtoorder
how-to-use
how_we_work
hp
HP
hp1
hp2
hp3
HP3
hp4
hpc
hpd
hpmusic
hpphotocenter
hpr
hps
hq
HQ
.hqx
hr
Hr
HR
hra
hrb
hrblock
hrc
hrd
href
hr-gb
HRI
hrms
hrotm
hrs
hrv
hrz
hs
HS
hsa
hsbc
hsc
hsconfig
hse
hs_extensions
hsh
hsphere
hss
HSSI
hst
hstest
.ht
ht
HT
.hta
hta
.htaccess
_htaccess
htaccess
.htaccess.bak
htadmin
htbin
.htc
_htc
htc
HTC
htdig
htdoc
htdocs
hterror
hterrors
.htgroup
.htlm
.htm
.htm.
htm
.HTM
HTM
.htm2
htm3
.htm.htm
.html
.html-
.html.
_html
html
.Html
Html
.HTML
HTML
.html1
html2
html2fpdf
html2pdf
html5
htmlarea
.html.bak
.htm.LCK
htmledit
html_editor
htmleditor
HtmlEditor
HTMLEditor
html_email
htmlemail
HTMLEmail
html-emails
html_emails
htmlemails
html_files
htmlfiles
.html.html
html_images
htmlimages
html_includes
.htmll
.html.LCK
htmlmail
htmlMimeMail
htmlMimeMail5
htmlnews
.html.old
html_old
htmlos
HTMLPage
html_pages
htmlpages
htmlpdf
.html.php
.html.printable
htmlpurifier
htmlrotate
.htmls
htmls
HTMLs
HTMLS
html_snippets
htmltag
html_templates
htmltemplates
.html_var_DE
.htpasswd
htpasswd
.htpasswds
htpasswds
hts
htsdata
htsearch
htsrv
http
HTTP
http404
HttpCombiner
httpd
httpdocs
http_error
http_errors
HttpErrors
HTTPErrors
httplib
HttpModules
HttpRequest
https
httpsdocs
HTTrack
.htuser
.htx
hu
HU
hub
hubbard
hubdisplay
hubpages
hubs
hudson
huelva
huesca
huge
huggiesau
huggiesin
huggiesnz
huggiessg
hugh
hugo
huhu-myoffice
huiyuan
hula
human
humanities
humanlinks
humanres
human-resources
human_resources
humanresources
HumanResources
humans
humanservices
hummer
humor
Humor
humour
humres
hungarian
Hungarian
hungary
Hungary
hunt
hunter
hunting
huntington
huntsville
huodong
hurley
hurricane
hutchinson
hv
hw
hwdphotos
hwdvideos
hws
hy
hybrid
hyde
hyderabad
hydra
hydro
hygiene
hype
hyper
hyper-cache
hyperlocals
hypermail
HyperNews
hypertension
hypnotherapy
hypothec
hyu
hyundai
Hyundai
hz
.i
_i
i
.I
I
i18n
i2
_i3
i3
i30
ia
IA
ia_archiver
iac
iadmin
iah
iam
iamges
ian
iap
ias
ib
IB
ibarakishi
IBC
ibd
ibe
IBE
ibg
iB_html
ibi
ibill
ibiza
ibm
IBM
ibo
ibox
ibp
ibs
IBS
ic
IC
ica
ical
iCal
iCal_Admin
iCal_Attachments
icalendar
iCalendar
ical-events
iCal_StyleWiz
iCalsw_Admin
ican
icare
icat
icc
icd
.ice
ice
iCE
Ice
icecream
ice-hockey
iceland
ich
icheck
ichwilltechnik
icis
iclear
icm
icms
.ico
ico
.ICO
icon
Icon
icone
icones
iconos
iconpics
_icons
icons
Icons
ICONS
icons2
icons_big
icons_middle
icontact
icontrol
iconz
icp
icq
icr
ICR
icra
.ics
ics
ICS
ict
id
ID
id1
.ida
ida
idaho
Idaho
idb
idc
idcplg
ide
idea
ideal
idealbb
idealnotify
IdealNotify
idealreturn
IdealReturn
ideaprintpage
ideas
idee
idelete
ident
identification
Identification
identify
identity
identitydirect
idev
idevaffiliate
id_img
idioma
idiomas
idioms
idm
idmelden
idmelden2
idn
ido
Ido
idol
idp
IDP
.idq
ids
idt
.idx
idx
ie
IE
ie5
ie6
ie7
IE7
ie8
iec
ie_css_fix
iedit
iefix
ie-gb
ielts
iem
iep
iepngfix
ies
ieuk-myoffice
ieupdate
if
IF
iface
ifb
iff
if_images
ifind
iforgot
iforms
iforum
ifp
ifr
_iframe
iframe
iFrame
Iframe
IFrame
iframes
iFrames
iframetest
ift
ig
ig41sub
igc
ig_common
igf
ign
ignite
ignore
ignore_member
ignoring
igolf
igoogle
igre
ig_res
igrushki
igs
iguide
ih
ihg
ihm
ihre-buchungen
ihs
.ihtml
ii
II
iid
iif
Iif
iii
iindex
iinet
iinfoArch
iinput
IIRF
iis
IIS
iisadmin
_iis_customdocs
iishelp
iis_rewrite
iissamples
iisstart
ik
ike
iklan
ikomunity
ikonboard
ikons
ikvader
il
IL
ilan
iletisim
ilink
ill
illegal
illetas
illinois
Illinois
illu
illus
illusion
illust
illustration
illustrations
Illustrations
illustrator
ilm
ilogin
ilove
ilp
im
IM
im1
im3
ima
imag
.image
_image
image
Image
IMAGE
image1
image2
image3
image4
image5
image-antirobot
imagebank
ImageBank
image_build
imagecache
imageCache
image_captcha
imagecatalogue
imagecfc
imagecrop
image_data
imagedb
imageDisplay
imageEditor
image-files
image_files
imagefiles
imagefolio
image-gallery
image_gallery
imagegallery
ImageGallery
imagehost
imagehosting
imageInfo
imagelib
image_library
imagelibrary
imagem
imagemagic
imagemagick
ImageMagick
imagemagick-4
ImageMagick-6
imagemanager
imagemap
imagemaps
imagen
imagenes
Imagenes
imagens
Imagens
imagepages
image_popup
ImagePopup
ImagePopUp
image_preview
ImagePreview
image_processor
imager
imageresize
imageresizer
imageresources
imageresults
image_rotator
imagerotator
.images
_images
images
images_
_Images
Images
IMAGES
images0
images01
images05
images06
images_1
images1
images10
images11
images120
images16
images180
images-2
images_2
images2
Images2
images2004
images2006
images2008
images2010
images3
images30
images33
images4
images5
images6
images60
images7
images8
images9
images90
imagesa
images_admin
images_articles
images_auto
images-backup
images_backup
images_bak
images_bk
images_clients
images_cms
images_computer
imagesearch
imageserver
images_events
images_extra
images_finanzen
images_gallery
images-general
images-global
images_global
images_header
imageshow
images-ht
images_immo
images_index
images-infra
images_layout
images_links
images_main
images_matrix
images_misc
images-nav
images-new
images_new
imagesnew
imagesNew
ImagesNew
images_news
images_noindex
images-old
images_old
imagesold
imagesOld
imagesOLD
images_online
images_overall
images_pb
imagesphoto
images_products
imagesrc
images_reise
images_s
imagess
images_sales
images_shop
images_single
images_site
images_stolen
images_temp
images_upload
images-working
imagesx
imagetest
image-upload
image_upload
imageupload
imageUpload
ImageUpload
image_verify
imageview
imageviewer
imagez
image_zoom
imagezoom
imagine
imaging
Imaging
imagini
imago
imail
iman
imanager
imap
imatges
imc
imce
imdb
imed
imedia
imesync
.img
_img
img
img_
Img
IMG
img1
img2
img3
img4
img_admin
imgages
img_cache
imgcache
img_common
imges
imgfiles
img_get
imghost
imglanding
imglib
img_logo
imgmail
img_map
imgmsk
img_nav
img_new
img_news
imgpost
imgprod
imgres
imgresize
_imgs
imgs
Imgs
imgs2
imgsite
imgsize
imgsrc
img_temp
img_tmp
img_upload
imgupload
imgval
imi
imieniny
imis
imm
immagini
_immediacy
immigration
immo
immobili
immobilien
immobiliensuche
immobilier
immunology
imo
imobile
imod
i-mode
imode
imon
imoveis
imp
impact
imperia
imperium
impersonate
impex
impexp
impl
implementation
.implode
_import
import
Import
important
importconfig
imported-data
importer
importers
import_files
importfiles
import_lib
imports
impr
imprensa
impresa
impress
impression
Impression
impressions
impressum
Impressum
imprime
imprimer
imprimir
Imprimir
imprint
Imprint
improve
imr
ims
IMS
imsearch
imx
in
In
IN
in2
in2site
ina
inactive
inadmin
.in-array
inauguration
inb
inbound
inbox
Inbox
.inc
_inc
_inc_
inc
inc_
Inc
INC
inc1
inc2
INC_360Image
inc40
inca
.inc.asp
inc_bottom
incentive
incentives
Incentives
inception
incest
inc_file
incfiles
inc_functions
.inc.html
incident
incidents
inc_images
.inc.js
_incl
incl
inclu
includ
.include
__include
_include
include
include_
_Include
Include
INCLUDE
include1
include2
included
includedfiles
includefile
include_files
includefiles
IncludeFiles
.include-once
.includes
__includes
_includes
includes
_Includes
Includes
INCLUDES
includes2
include_top
incluir
inclusion
inclusioni
inc_menu
inc_old
income
Income
incoming
incomplete
incorporate
inc_overall
.inc.php
inc_policy
incs
Incs
inc_top
incubator
incudes
inculdes
inc_userLogin
inc_xcat_list
ind
IND
inde
indeed
independence
independent
.index
_index
index
index_
Index
INDEX
index0
index01
index02
index03
index-1
index_1
index1
index-10
index10
index100
index11
index111
index12
index123
index13
index14
index15
index16
index17
index18
index19
index1a
index-2
index_2
index2
Index2
index20
index21
index22
index23
index24
index25
index26
index27
index28
index2_files
index-3
index_3
index3
index-4
index_4
index4
index40
index404
index44
index-5
index_5
index5
index-6
index_6
index6
index-7
index_7
index7
index-8
index8
index9
indexa
index_access
index_admin
index-alt
index_alt
index-b
index_b
indexb
indexB
index_back
index_backup
index_bak
index_buscador
index_c
indexc
indexchecker
index_copy
index_copy1
index-d
indexd
index-de
index_de
index_demo
index-dev
index_dev
IndexDirectory
index_e
indexed
index-en
index_en
indexer
index_error
index-es
index_es
indexes
index-extra
indexf
index_files
indexfiles
index_flash
indexfoto
index-fr
index_fr
index_g
indexg
index_htm_files
.index.html
index_html
index_images
indeximages
index_img
index_inc
indexing
index-install
index_it
indexl
index_m
indexm
index_mb
index_n
index-new
index_new
indexnew
indexNew
index_noflash
index_offline
index-old
index_old
indexold
indexOld
indexOLD
index_old2
index_orig
index_original
index-page
.index.php
indexpic
index_popup
index_preview
index_print
indexprocess
indexr
index_rss
index_rus
index_s
indexs
index_splash
Index_SWShoes
indext
index-temp
index_temp
index-test
index_test
indextest
indexTest
indexTEST
index_test1
index_test2
indextest2
indextools
index-v
index_v2
indexx
index_y
indexy
india
India
indian
indiana
Indiana
indianapolis
indiaplaza
indiatimes
indicacao
indicar
indicators
indice
indices
indien
indigenous
indigo
indique
indir
individual
Individual
individuals
indonesia
Indonesia
indonesian
indoor
induction
industria
industrial
Industrial
industrie
industries
Industries
industry
Industry
industry-news
inet
inewi
inews
inews_wire
.inf
inf
infantil
inferior
infernoshout
infineon
infinite
infinity
.info
_info
info
info_
Info
INFO
info1
info2
info_about
info_agreement
infobase
infobots
infobox
infocenter
InfoCenter
infocentre
infocus
info_descr
info_feedback1
info_files
infofiles
infoform
info_img
infolink
infolist
infomail
info_more
InfoNaviRobot
infonet
infopack
infopage
info_pages
infopages
InfoPages
info-pdf
infophp
infopopup
info_request
inforequest
infoRequest
inform
informa
informacion
informacja
informacje
informatica
informatie
information
Information
information-1
information-10
information-11
information-12
information-13
information-14
information-15
information-16
information-17
information-18
information-19
information-20
information-21
information-22
information-23
information-24
information-25
information-26
information-27
information-28
information-29
information-3
information-30
information-31
information-32
information-33
information-34
information-35
information-36
information-37
information-38
information-39
information-4
information-40
information-41
information-42
information-43
information-44
information-45
information-46
information-47
information-48
information-49
information-5
information-50
information-51
information-52
information-54
information-55
information-56
information-6
information-7
information-8
information-9
informationen
information_pwa
informations
informatique
informativo
informazioni
informe
informer
informers
informes
Informes
infos
Infos
infoseek
info_shopping
infos-legales
infospace
infosys
infotech
infothek
info_upgrade
infox
infra
infraction
infrastructure
infusions
ing
ingles
inglese
ingles-espanol
ingles-portugues
ingredients
ingresar
inhalt
inhalte
in-house
inhouse
Inhouse
.ini
ini
inicio
INIpay41
.ini.php
.ini.sample
_init
init
initcache
initglobals
initial
initialize
InitiateLogon
initiatives
initrd
InjectpagetopJS
injuries
ink
Ink
Inktomi
inlcudes
INLCUDES
inline
inlinemod
inloggen
inmobiliaria
inmueble
inmuebles
inn
inne
inner
innercircle
innermenu
innovaeditor
innovation
innovations
innovative
iNotes
inout
In_Process
inprogress
input
Input
inputform
inputTurnedOff
inq
inquire
inquire_form
inquiries
Inquiries
inquiry
Inquiry
inquiry-pop
inquiry_property
inr
inregistrare
ins
inschrijven
inscricoes
inscripcion
inscription
Inscription
inscriptions
INSEAD
insenz
inserate
inserieren
inserimento
inserisci
insert
Insert
insertar
insert_bookmark
insertfeature
insertion
insert_message
inserts
insert_topic
inshop
inside
Inside
insider
Insider
insight
Insight
insights
insignia
insite
InSite
inspect
inspection
inspections
inspiration
inspire
inspired
InspVsEng
inst
insta
instadia
instal
_install
install
install_
Install
INSTALL
install1
install2
_installation
installation
installation_
Installation
INSTALLATION
installation1
installation2
installation_old
installations
installationx
installationxx
install_bak
installed
installer
Installer
installers
install_images
installpasswd
install_remote
installs
install_sqls
install_update
INSTALL_var_DE
InstallWeb
installwordpress
install-xaff
install-xaom
install-xbench
install-xfcomp
install-xoffers
install-xpconf
install-xrma
install-xsurvey
instance
instancefiles
instances
instant
InstantListings
institucionais
institucional
institute
institutes
institutional
institutions
instore
instPrd
instr
instruct
instruction
instructions
Instructions
instructor
instructors
instrument
instruments
instrumenty
insulation
insurance
Insurance
insure
int
intact
intake
inte
integra
integrate
integration
Integration
integrations
intel
intelligence
inter
interact
interaction
interactive
Interactive
InteractiveMap
interactives
interactivo
interaktiv
intercambio
intercambios
interceptors
interchange
interchange-5
interesnoe
interest
Interest
interesting
InterestOnlyCalc
interests
interface
Interface
interfaces
Interfaces
interim
interior
interlink
intermediate
intermission
_intern
intern
Intern
interna
internacional
Internacional
_internal
internal
Internal
internal_data
internal_error
internals
InternalTools
internas
internat
international
International
interne
internet
Internet
internet2
interno
interns
internship
internships
interpreters
intershop
INTERSHOP
intershoproot
interspire
interstitial
Interstitial
intervention
interview
Interview
interviews
interviste
InterWiki
in-the-media
in-the-news
inthenews
intim
intl
into
intouch
InTouch
intr
intra
Intraformant
intranet
Intranet
INTRANET
intranet2
intranets
intranett
intro
Intro
intro2
introduce
introduction
Introduction
introductions
intros
intuit
inv
invalid
Invalid
InvalidateCache
InvalidRequest
invent
inventor
inventory
Inventory
invest
investigacion
investigations
investing
investment
Investment
investmentfonds
investments
investor
Investor
investors
Investors
invia
invisible
invision
invitation
Invitation
invitations
invite
Invite
invited
InviteeList
invite_friend
invitefriend
invite-friends
invite_friends
invitefriends
inviteFriends
InviteFriends
invite_members
inviter
invites
invite_signup
Invlist
invoice
Invoice
invoice_media
invoices
Invoices
invoicing
Invscrit
Invssel
invt
inxy
inzerat
io
IO
iom
ion
ioncube
ios
iowa
Iowa
ip
IP
ip2c
ip2country
IP2Location
ipa
ipad
iPad
ipaddress
ipb
IPBanned
ipblock
ipb_templates
ipc
ipchat
ipcheak
ipcheck
ip_cms
ip_config
ip_configs
ip_cron
ipd
ipdata
ipeclick
ipf
ip_files
iphone
iPhone
iphone2
iphoneapp
iphonesupport
ipinfo
ipix
ipl
ip_license
iplog
ipm
ipn
IPN
ipo
ipod
iPod
ipod-touch
ipopeng
ipos
ipoteka
ipower
ipp
iprev
ips
ipsback
ips_kernel
ipspayment
ips_rich_content
iptest
ipx
iq
ir
IR
ira
irak
iran
Iran
iraq
Iraq
iras
irb
irc
IRC
irclogs
ird
ire
iredadmin
ireland
Ireland
ires
iris
irish
irkutsk
irl
irm
irn
iron
Iron
Iron33
ironman
irp
irr
irs
irv
irvine
irving
irwin
is
IS
isa
isaac
isadmin
isapi
ISAPI
ISAPI_Rewrite
is-bin
isbn
isc
ISC
iscrit
iscritti
iscrizione
isd
isearch
isearch2
isf
is-gb
ishop
isi
isis
iski
isl
isla
islam
islamic
island
Island
islands
islantilla
isle-of-wight
islive
ism
.iso
iso
ISO
iso9001
isp
ispy
israel
Israel
isreporting-bin
iss
issel
issue
issues
Issues
issuu
ist
istanbul
istar
istatistik
istats
istats5
istituzionale
istock
istoriya
isuzu
isv
.it
_it
it
IT
ita
ITA
italia
Italia
italian
Italian
italiano
Italiano
italie
italien
italy
Italy
.it_Backup_Giornaliero
.it_Backup_Settimanale
itc
it-CH
itd
item
Item
item_add
item_add2
itemd
item-db
item_detail
ItemDetails
item-dispatch
item_ealerts
item_edit
itemid
Itemid
ItemId
item_images
itemimages
iteminfo
itemlist
ItemList
itempages
ItemPages
item_print
itemprint
itemQuestion
items
Items
itemsearch
item_update
it-gb
.it.html
itinerari
itineraries
itinerary
Itinerary
it-it
it-IT
it_IT
itit-myoffice
itl
it_lastminute
itn
itnews
ito
itrack
itrader
itrader_detail
itrader_main
itratos_xanario
its
ITS
itsupport
itt
itunes
iTunes
itunesu
itv
iu
iupdt
iv
IV
ivan
ivanhoe
ivanovo
ivc
iview
ivillage
ivr
ivs
ivw
iw
iwa
iwatch
iweb
iwov-resources
iws
iws_help
iwt
ix
ixed
iz
izhevsk
izle
izone
.j
j
J
j15
j2
j2ee
j2me
j3
ja
jabber
jabbercam
jack
jackets
jackie
jackpot
jackson
jacksonville
jacob
.jad
jad
jade
jadu
jaen
jag
jaguar
Jaguar
jahia
Jahia
jail
jaipur
ja_jp
ja_JP
JA-JP
jak
jakarta
jak-dodac-wpis
jak_dodac_wpis
jalis
jam
jamaffiliates
jamaica
Jamaica
james
jamie
jamorama
jan
Jan
jane
Jane
janet
january
January
january-2010
jap
japan
Japan
japanese
Japanese
ja_purity
.jar
jar
jared
jars
jas
jasmine3
jason
Jason
jasper
jav
.java
_java
java
Java
JAVA
java17
javachat
java_classes
javadir
javadoc
javagames
javaincludes
java_main
javas
_javascript
java-script
java_script
javascript
javaScript
Javascript
JavaScript
JavascriptFiles
java_scripts
javascripts
Javascripts
JavaScripts
javastuff
javier
jax
jay
jazz
Jazz
jb
.jbf
jbs
jc
JC
jcalpro
jcap
jcaptcha
jcarousel
jcart
jci
jcomments
jcss
jd
JD
jdb
jdownloads
jds
je
JE
jea
jean
jeans
jeep
Jeep
jeff
jefferson
jeffrey
jen
jenna
jennifer
jenny
Jenny
JennyBot
jeremiah
jeremy
JError
jerry
jersey
jess
jesse
jessica
jesus
jet
jeu
jeux
jeux-concours
jevents
jewel
jewellery
jewelry
Jewelry
jewishlife
jexr
jf
jforum
jg
jgraph
jgs_galerie_js
jh
jhs
.jhtml
ji
jia
jiage
jianfei
jiankang
jianzhi
jiaotong
jiaoyou
jiaoyu
jifen
jigsaw
jil
jim
Jim
jimages
jing
jira
jiudian
JiveServlet
jj
JJ
jjs
jk
jl
jm
JM
jmail
jmc
jmenu
jmp
jms
jmx-console
jn
jnj
.jnlp
jnp
jo
JO
job
Job
jobadmin
jobalerts
jobapplication
JobApplication
job_apply
jobb
job-board
jobboard
jobboerse
JobDescription
JobDetail
job-details
jobdetails
jobfair
joblist
joblistings
jobmail
job-openings
JobOpportunities
jobpost
job_postings
_jobs
jobs
Jobs
JOBS
jobs2
job-search
job_search
jobsearch
jobSearch
JobSearch
jobsearchpost
job-seeker
jobseeker
JobSeeker
jobseekers
jobsite
jobs-merseyside
jobs-on-a-map
jobview
JobZonenAd
jocuri
joe
joel
joey
jo-gb
jogos
johan
johannesburg
john
John
johnson
johnston
joho
join
Join
join2
join_form
join_group
join-list
join-now
joinrequest
joinrequests
joint
join-us
join_us
joinus
joke
joker
jokes
Jokes
jomcomment
jomsocial
jomtubefiles
jon
jonathan
jones
joobi
joom
joomgallery
joomla
Joomla
joomla1
joomla15
joomla16
joomla2
joomladev
joomlatest
Joop
jordan
Jordan
jordi
jornal
jos
joscomment
joseph
josephine
josh
joshua
jouer
jour
journal
Journal
journalism
Journalism
journalist
journals
Journals
journey
journeys
joy
.jp
jp
JP
jpc
jpcache
.jpe
.jpeg
jpeg
.Jpeg
.JPEG
JPEG
JpegImage
jpegs
.jpg
jpg
.Jpg
.JPG
JPG
.jpg.html
jpgraph
jpgraph-1
jpgraph-2
jpgs
jpn
jp-updater
jq
JQ
_jquery
jquery
jQuery
Jquery
JQuery
jquery-1
jquery-ui
jr
jrc
jreviews
.js
_js
js
_Js
Js
.JS
JS
js1
.js2
js2
js3
jsapi
jsarticle
.js.asp
.js.aspx
js-bin
jsc
js_cache
jscal
jscalendar
jscalendar-1
jsclone
jscolor
jscommon
jscript
Jscript
JScript
jscripts
JScripts
js-css
js_css
jscss
js_custom
jsdata
j_security_check
jseditors
jserror
jserver
.jsf
jsf
js_file
js_files
jsfiles
JSFiles
js-global
.js.gz
JsHandler
JsHttpRequest
jsinc
js_includes
jsky
jsLanguages
js-lib
jslib
jslibs
jsmart
js_menu
jsmenu
jsMenu
js_new
js_old
.json
json
JSON
jsonwrapper
jsoutput
.jsp
jsp
.jspa
js_peels
.jspf
.js.php
jsps
jsptest
.jspx
jss
jsscript
js_scripts
jsscripts
jsspecial
jstree
jt
jtest
jtl
jts
ju
jubao
jubilaeum
jude
judge
judges
judging
judiciary
judo
juego
juegos
juice
jukebox
jul
julia
julian
julie
julio
july
July
july-2010
jumi
jump
Jump
jump2
JumpAuction
jumper
jumping
jumppages
jumps
jumpstart
jumpto
jumptolangu
jun
june
June
june2009
june-2010
jungle
junior
junior-football
juniper
_junk
junk
Junk
JUNK
junkbox
junkyard
jupgrade
jupiter
jupload
jurisprudencia
just
justice
justin
jv
jva
jvblog
jvc
jvinvite
jvs
jvtools
jw
jwplayer
JWPlayer
_jx
jx
jy
jz
k
K
k1
k12
k2
ka
kaart
kab
kabinet
kadmin
kai
kaiin
kaiser
kaisya
kaizentrack
kaka
kal
kalendar
kalendarium
kalendarz
kalender
Kalender
kaliningrad
kalk
kalkulacka
kalkulation
kalkulator
kaluga
kam
kamasutra
kamera
kampagne
kampagnen
kampanjer
kampanya
kan
kan100
kanada
kandiyohi
kane
kannada
kanri
kansai
kansas
Kansas
kansascity
kanto
kaosjs
kapcsolat
kaplan
karaoke
karate
karen
kariera
karin
kariyer
karma
karnataka
karriere
kart
karta
karte
karten
karwachauth
kasa
kasir
kasko
kassa
kassan
kasse
kasten
kat
katalog
Katalog
kataloge
katalogi
katalog_sajtov
kate
kategori
kategoria
kategorie
Kategorie
kategorien
kate-middleton
kathleen
kathy
katie
katrina
katsushikaku
katy
kauai
Kauai
kaufen
kay
kayak
kayaking
kaydet
kayit
kazakhstan
Kazakhstan
kazan
kb
KB
kbase
kbb
kb_results
kb_search
kc
kcaptca
_kcaptcha
kcaptcha
kcc
kcrw
kd
.kde
ke
KE
keen
keep
keepalive
KeepAlive
keep_current
keeping_current
keepout
keeps
kefu
kehu
keieiconsultant
keijiban
keitai
keith
kelkoo
kelloggsie
kelloggsuk
kelly
kemerovo
ken
Ken
kenchikukoji
kendall
kendra-wilkinson
Kenjin
kenosha
kensaku
kensington
kent
kenton
kentucky
Kentucky
kenya
Kenya
kepek
kerala
kereses
kereso
kernel
kes
keskustelu
keskustelut
kevin
key
Key
keyboard
keydetails
keygen
keynote
keypublisher_gui
keys
keysearch
keystone
keyword
Keyword
keywordmgr
keywords
Keywords
keywordsearch
kf
kfz
kg
kgb
kh
KHXCseo
ki
kia
kickstart
kid
KID
kids
Kids
Kids_and_Teens
kiev
kill
killsession
kim
kimble
kimtest
kin
kindeditor
kinder
kindergarten
kindle
king
King
kingfisher
kings
kingston
kino
kiosk
Kiosk
kiosks
kiosque
kirjaudu
kirk
kirov
kiss
kit
Kit
kitaku
kitchen
Kitchen
kitchens
kit-download
kits
Kits
kitty
kiwi
kiyaku
kj
kk
kkk
kl
klant
klanten
klantenservice
klarnetCMS
klarnetCMSlocal
klassen
klaus
kle100
klein
kleinanzeigen
klib
klick
klient
klik
klin
klinik
klip
klipmart
klmjp
klub
km
KM
kmail
kmartau
kmartnz
.kml
kml
kmp
kms
.kmz
kmz
kn
KN
knife
knigi
kniha
knit
knitting
knives
knock
knots
know
knowhow
knowledge
knowledge-base
knowledge_base
knowledgebase
KnowledgeBase
knowledgecenter
ko
koa
koblenz
kodak
kody
koeln
koi
KO-KR
kokusai
kolkata
kolumne
komentare
komentarz
komentarze
kommentar
kommentare
kommunen
kommunikation
kompas
komplett
komplettdk
komplettno
koncert
_konfig
konfig
konfigurator
Kong
konkurs
kont
kontact
kontak
kontakt
Kontakt
kontakt2
kontaktanzeigen
kontakte
kontaktform
kontaktformular
kontakti
kontaktlinsen
kontakty
kontaktyi
konto
konto-eroeffnen
kontrol
konzerte
koop
kooperationen
kopf
kopia
kor
korea
Korea
korean
Korean
korg
korisnici
korisnik
korpa
korrektur
kort
korzina
kosar
kosik
Kosik
kosmos
kostenlos
kostroma
kosz
koszyk
koukoku
koulutus
kp
KP
kpi
kpk
KPMG
kpn
kr
KR
kraft
krasnodar
krasnogorsk
krasnoyarsk
krasota
kredit
kredite
kreditkarte
kreditkarten
kreuzfahrten
kriminal
kris
kristy
kroger
krok-jedna
kruschel
ks
KS
ksa
ks_cls
KS_Cls
KS_Data
ksearch
KS_Editor
ks_inc
KS_Inc
kt
ktm
ktml2
ktmllite
ktmlliterf
ktmlpro
kts
ku
kudos
kultur
kultura
Kulturtermine
kunal
kund
kunde
kunden
Kunden
kundenbereich
Kundenbereich
kundencenter
kundendaten
kundeninfo
kundenkonto
kundenlogin
kundenservice
kunder
kundeservice
kunena
kunst
kuoni
kup
kupit
kupon
kurgan
kurs
kursk
kurumsal
kurv
kuvat
kuwait
kv
kvit
kvitan
kw
KW
kw-gb
ky
KY
kyle
kyoto
kz
KZ
.l
l
.L
L
l1
L10Apps
l10n
l2
L2
l200
la
La
LA
_lab
lab
Lab
label
labels
Labels
labels-clothing
LabelsJSON
labo
labor
laboratorio
laboratory
laborupdate
labs
labyrinth
lac
lace
lacoste
lacrosse
ladbrokes
ladder
ladies
Ladies
ladmin
lady
laender
lag
lager
laguages
laguna
lake
Lake
lakes
lam
lamar
lamb
lamborghini
laminat
lamps
lan
lan12_3
lana
LanapCaptcha
lancaster
Lancaster
lance
lancerevolutionx
lancersportback
lancerss
land
Land
lander
landing
Landing
LANDING
landing1
landing2
landing3
landing4
landing5
landingAlert
landing-page
landing_page
landingpage
landingPage
LandingPage
landing-page-2
landing-pages
landing_pages
landingpages
landingPages
Landingpages
LandingPages
landings
landmark
landscape
Landscapes
landscaping
landuse
.lang
_lang
lang
Lang
lang2
langage
lang-br
langchange
lang-cs
lang-da
lang-de
lang-en
.lang-en.php
lang-es
lang-fr
lang-id
lang-it
lang-nl
lang-pl
lang-pt
lang-ro
lang-ru
langs
lang-sk
_language
language
Language
LANGUAGE
language_check
language_files
languages
Languages
langue
langues
LANSAWEB
lanzarote
laos
lap
laptop
laptops
lar
lara
larbin
laredo
large
large_image
largeimage
largeImage
LargeImage
large_picture
larger
largerphoto
larry
las
laser
.lasso
Lasso
last
lastchance
lastdetail
last_icon
.lastlogin
last-minute
last_minute
lastminute
lastnews
lastpost
lastrss
las-vegas
lasvegas
lat
lat_account
latam
lat_driver
later
.latest
latest
Latest
latestads
latestchanges
LatestChanges
latest-lifestyle
latest-news
latest_news
latestnews
latest-sport
latest-updates
latestwap
lat_getlinking
latimes
latin
latina
latinamerica
lat_signin
lat_signout
lat_signup
latvia
Latvia
launceston
launch
launcher
launchpad
laura
Laura
laurel
lauren
lava
lavori
lavoro
law
Law
law-enforcement
lawn
lawrence
laws
lawsuit
lawyer
lawyers
lay
.layer
layer
_layout
layout
Layout
layout_images
_layouts
layouts
_Layouts
Layouts
lazarusgb
lazio
lb
LB
lbc
lb-gb
.lbi
LB-monitoring
lbox
lbs
lc
LC
lca
lcb
lcc
lcd
LCD
.lck
.LCK
lcl
lcs
_ld
ld
LD
ldap
ldc
LDP
le
Le
LE
le2
lea
lead
leader
leaderboard
leaderboards
leaders
leadership
Leadership
leadgeneration
LeadintheHome
leadOut
leads
Leads
leaf
leaflet
league
leagues
lean
leap
LEAP
learn
Learn
learning
Learning
learning-center
learning_center
learningcenter
learn-more
learnmore
lease
leasing
leather
leave
leaves
leaving
lebanon
Lebanon
lebenslagen
lecce
lecture
lectures
led
ledads
leden
LEDSign
lee
Lee
leech
leeches
leech_out
leeds
leer
left
leftcol
lefter
left_menu
leftmenu
LeftMenu
left_nav
leftnav
LeftNav
leg
_legacy
legacy
Legacy
legacypolicy
legacyRender
legal
Legal
legal-disclaimer
legal-disclosure
legales
legalinfo
legal-notice
legal_notice
legal-notices
legal_notices
legals
legal-terms
legend
legends
legislation
legislative
lego
leguide
lehigh
lehre
lehrer
leica
leicestershire
leipzig
leistungen
leisure
leit
leitung
lemon
lena
lender
lenders
lending
lenovo
lens
lenses
lenta
lenya
leo
LEO-Cinema
LEO-Cinema-1
LEO-Details
leoevtadr
leoevtadrkino
leoevtart
leoevtman
leo-horoscope
leon
leonardo
LEO-Search
les
leserbrief
leser-helfen
lesezeichen
leslie
lesson
lesson1
lesson10
lesson2
lessonplans
lessons
Lessons
let
letitbit
.letter
letter
Letter
letterhead
letters
Letters
lettings
lettre
lettres
leute
lev
level
level1
level2
level3
level4
levels
leveranciers
levering
leveringsinfo
levin
levis
lewis
lewisandclark
lex
LexiBot
lexicon
lexikon
lexington
lexique
LexisNexis
lexus
Lexus
lf
lfe
lg
LG
lgbt
lgn
lgo
LGPL
lh
lhs
li
LI
liam
lianxi
.lib
_lib
lib
Lib
_LIB
LIB
lib3
lib32
lib5
libaries
libary
Libary
liberty
Liberty
libjs
libmail
.lib.php
libr
libra
libra-horoscope
librairie
librairies
librarian
libraries
Libraries
_library
library
_Library
Library
LIBRARY
library2
Librarys
libreria
librerias
libri
libro
libros
_libs
libs
libWeb
.lic
lic
licdk
licence
licences
licencia
licencing
license
License
LICENSE
LICENSE_AFL
licensees
licenses
Licenses
LICENSES
licensing
Licensing
licse
.licx
licz
licznik
lid
lider
lidmaatschap
liechtenstein
lieferadresse
lieferung
lieferzeiten
lien
liens
liesmich
lieux
life
Life
lifeblog
lifecare
life-insurance
lifeinsurance
lifestream
lifestyle
Lifestyle
lifestyle-news
lifestyles
liga
light
lightbox
Lightbox
LightBox
lightbox2
lightbox_assets
lightboxes
lighthouse
Lighthouse
lighting
Lighting
lightning
lights
lightspeed
lightview
_lightwindow
lightwindow
like
like_pages
likes
likno-scripts
lila
lili
lille
lilly
lily
lime
limesurvey
limit
limited
limits
limo
lin
linbot
lincoln
Lincoln
linda
Linda
line
linea
line_items
lines
lines2
lines3
lingerie
Lingerie
.link
link
Link
LINK
link1
link2
link2us
link3
link4
link5
link8
linka
link_add
linkadd
linkadmin
linkback
link_banner
link_bookmark
link-building
link-category
linkcheck
linkchecker
linkclick
LinkClick
linkcode
linkcounter
linkdash
linkdb
linkdirect
link-directory
linkdirectory
link_display
linked
linkedin
linker
linker2
linkex
link-exchange
link_exchange
linkexchange
LinkExchange
LinkextractorPro
link_galerien
linki
link_images
linkimages
Link_Images
linkinfo
linking
linkit
linkler
linklist
linkliste
link_logout
linklok
linklokme
linklokmeret
linkmachine
linkman
link-manager
linkmanager
LinkMaps
linkme
link_out
linkout
linkpage
linkpartner
link-partners
linkpartners
linkpoint
linkps
link_redirect
linkrequest
linkru
_links
links
Links
LINKS
links-1
links_1
links1
Links1
links10
links11
links12
links14
links17
links-2
links_2
links2
Links2
links-3
links3
links4
links5
links6
links7
links8
links9
linksadmin
Links_Admin
links_all
linkscan
LinkScan
linksdir
linksexchange
links_files
linkshare
links_info
links_login
links_moderate
links_old
links-page
links_page
linkspider
linkss
links_setup
links_submit
links-tags
linksu
linksubmission
link_submit
linkswidget
links_zip
linktausch
linktest
linktext
link_title
link_to
linkto
LinkToPage
link-to-us
link_to_us
linktous
linktrack
linktracker
link_tracking
link-unit
link-us
linkus
LinkWalker
linkz
linux
Linux
linx
lion
lions
lipetsk
liquid
lis
LIS
lisa
Lisa
lisbon
.list
list
List
LIST
list1
lista
Lista
listacorreo
listado
listado_salas
listall
List_Alpha
listar
listas
list_bookmarks
listByUser
listcat
list_contacts
list-create
liste
list-edit
liste_hotel
listen
Listen
listener
listening
lister
listes
.listevents
list_html
listinfo
listing
Listing
listing_email
ListingHandler
listing_mailto
listing_photos
listing_reports
_listings
listings
Listings
listingsdetail
listini
listmail
listman
listManage
listmanager
listmania
listmembers
listmessenger
listmgr
listner
listorder
listorderby
lists
Lists
list-search
listsearch
listSelect
listserv
listserve
ListUse
list_user
list_usernotes
list-view
listview
listView
listviewswinks
listy
lit
litchfield
lite
Lite
litebox
litera
literacy
literatur
literatura
literature
Literature
lithuania
Lithuania
litigation
little
liuyan
liv
live
Live
live2
live-chat
live_chat
livechat
LiveChat
live_comments
LiveContent
livecoverage
livedemo
live_feed
livefeed
LiveFiles
live-help
live_help
livehelp
LiveHelp
livehelp_old
liveique_macros
livejournal
liveobjects
livepages
liveperson
liveprices
live_published
liver
liverpool
livescore
livesearch
LiveServer
livestats
Livestats
livestream
livesuche
live-support
live_support
livesupport
LiveSupport
livetest
liveticker
livetranslation
liveu
LiveU
liveupdate
livezilla
Livezilla
LiveZilla
living
Living
living_avatars
living_room
livorno
livraison
livre
livredor
livres
livros
lixo
liz
_lizenz
lj
LJ
lk
LK
ll
llano
llc
lleida
ller
lm
lma
LMA
lmc
lmenu
lmi
lm_images
lmo
lms
LMS
ln
lng
.lnk
lnk
lnks
lns
LNSpiderguy
lo
loa
.load
load
Load
load2
loadavg
LoadBalancer
loaded
loader
loaders
loading
loadjs
loadoffer
loadpage
loads
loadtree
LoadUrl
loadvehicle
loadVehicle
loan
loanapp
loancalc
loans
Loans
lobby
loc
.local
_local
local
Local
local-antispam
.localcache
localcashback
local-cgi
localcom
local-config
localdata
locale
locales
localeSelect
Local_Files
local-football
localhome
localhost
localinfo
localisation
localization
Localization
localize
local_links
local-mole
localnews
.local.php
localplayer
locals
local-search
LocalSettings
localstart
local_url
locate
location
Location
locationLookup
locations
Locations
locations2
locationsearch
LocationSearch
locator
Locator
locaweb
lochp
.lock
lock
lockdown
locked
locker
locks
lod
lodges
lodging
loesungen
lofi
lofiversion
loft
.log
_log
log
Log
.LOG
LOG
.log.0
log2
logaholic
logan
logarchive
logbook
logconfig
log_data
logdata
logfile
_logfiles
log_files
logfiles
Logfiles
LogFiles
LogFilesStorage
logg
logged
loggedin
LoggedIn
loggedout
logger
logging
Logging
loggue
loghi
logi
logic
Logic
logiciel
logiciels
.login
_login
log-in
log_in
login
Log-in
Login
LogIn
LOGIN
login1
login2
Login2
login3
login_action
login_admin
login_and_go
loginbox
login_check
logincheck
login_CustNum
login_ebay
loginedit
login_error
loginerror
loginfail
loginFailed
loginfirst
loginflat
login_form
loginform
loginForm
LoginForm
LoginHelp
loginimages
login_info
login_ip
loginonce
loginout
login-page
login_page
loginpage
loginPage
LoginPage
.login.php
login_process
loginredirect
login-register
login_register
logins
login_sendpass
Login-Show
login_success
logintest
login_user
loginUser
Logis
logistic
logistics
logo
Logo
LOGO
logo2
logo-design
logoff
Logoff
LogOff
logo_images
logon
Logon
LogOn
LogonForm
_logos
logos
Logos
LOGOS
logotipos
log_out
logout
Logout
LogOut
logowanie
logreport
logreports
.logs
_logs
logs
Logs
LOGS
logs2
logstats
logtest
logtmp
loguj
log-viewer
logz
loi
loisirs
loja
lojas
lojaviva
lojinha
lokal
lokales
lol
lombardia
london
London
long
longbeach
longer
longisland
longterm
look
Look
lookbook
looking
LookOut
looks
looksmart
lookup
Lookup
lookuppass
loop
loquehabia
lore
lori
lorraine
los
los40
los-angeles
losangeles
lost
Lost
lostfound
lost_pass
lostpass
lost-password
lost_password
lostpassword
lostPassword
Lost-password
LostPassword
lostpw
lostpwd
lost-user-name
Lost-user-name
lot
lotgd
lottery
lotto
lotus
lou
louisiana
Louisiana
louisville
lounge
love
Love
low
lower
lowes
Lowes
loyalty
lp
LP
lp1
lp2
lpages
lp_cache
lpg
lpl
lps
lr
LR
lrc
ls
LS
lsa
lsc
lsd
lsm
lss
lssi
.lst
lst
lt
LT
ltc
LTC
ltd
lto
ltr
lts
ltuk-myoffice
ltxuanhao
lu
LU
lubbock
lucas
lucene
lucky
lucy
lude-myoffice
lu-fr
lufr-myoffice
lugar
lu-gb
luggage
luis
luke
luna
lunar
lunarpages
lunch
lunch_menu
lunch_menus
luntan
LUT
lux
luxembourg
luxury
lv
LV
lv-gb
lview
lvuk-myoffice
lvyou
lw
lwp-trivial
lx
lxr
lxwm
ly
lyb
lyc
lycos
lynn
lynx
lyon
lyric
lyrics
lyris
lytebox
lyy
lz
.m
_m
m
.M
M
m0
m1
M1
m10
m10_edit_item
m10_invoice
m10_pay
m11
m11_edit_item
m11_invoice
m11_pay
m12
m12_edit_item
m12_invoice
m12_pay
m13
m13_edit_item
m13_invoice
m13_pay
m14
m14_edit_item
m14_invoice
m14_pay
m15
m15_edit_item
m15_invoice
m15_pay
m16
m17
m17_edit_item
m17_invoice
m17_pay
m18
m18_invoice
m18_pay
m19
m19_edit_item
m19_invoice
m19_pay
m2
M2
m20
m21
m21_invoice
m21_pay
m22
m23
m23_edit_item
m23_invoice
m23_pay
m24
m25
m2css
m2img
m2m
m2scripts
m3
.m3u
m3u
m4
m4m_loadurl
m4m_tools
.m4v
m5
m5_cart
m5_checkout
m5_gift_giver
m5_gift_list
m5_invoice
m5_locations
m5_order_list
m5_pay
m5_shipping
m5_signature
m5_view_order
m5_wallet
m5_wish_list
m6
m6_edit_item
m6_invoice
m6_pay
m7
m7_cart
m7_checkout
m7_edit_item
m7_gift_giver
m7_gift_list
m7_invoice
m7_locations
m7_order_list
m7_pay
m7_shipping
m7_signature
m7_view_order
m7_wallet
m7_wish_list
m8
m8_cart
m8_edit_item
m8_gift_giver
m8_gift_list
m8_invoice
m8_locations
m8_order_list
m8_pay
m8_signature
m8_view_order
m8_wallet
m8_wish_list
m9
m9_cart
m9_edit_item
m9_gift_giver
m9_gift_list
m9_invoice
m9_locations
m9_order_list
m9_pay
m9_signature
m9_view_order
m9_wallet
m9_wish_list
ma
MA
mac
Mac
mac-ad
macedonia
machform
machine
Machine
machinery
machines
Machines
macintosh
_MACOSX
macro
macros
macroScripts
macys
mad
madagascar
madera
madison
madmin
madp
madrid
Madrid
mae
maerkte
maestro
mafo
ma-fr
mag
magasin
magasins
magazin
magazine
Magazine
magazines
Magazines
magazini
magdeburg
mage
mage118
magellan
magento
magento2
magic
Magic
magiczoomplus
magister
magnet
magnets
magnifier_xml
magnify
magnum
magpie
magpierss
magpierss-0
mags
maharashtra
mahjong
mai
maia
maids
.mail
_mail
mail
Mail
MAIL
mail1
mail2
mail3
mail4
mailad
mailadmin
mail_a_friend
mailafriend
mailAttachments
mailbots
mailbox
Mailbox
mailboxes
mailcell
mailchime
mailchimp
mailcompose
mail_contact
maildir
Maildir
mailer
Mailer
mailer1
mailer2
mail_error
mailerror
mailers
Mailers
MailerTemplates
mail_form
mailform
mailform2
mailforms
mail_friend
mailfriend
mailFriend
mailhive
mail_images
mailimages
mailimg
mailin
mailinfo
_mailing
mailing
Mailing
mailing-list
mailing_list
mailinglist
mailingList
MailingList
mailing-lists
mailinglists
mailing-manager
mailings
mailist
mailit
mailling
mail_link
maillink
mail_list
maillist
MailList
maillist_proc
maillists
maillog
mailmag
mailmagazine
mailman
mailmanager
mailme
mailmessages
mailmkt
mailmodule
mailnews
mailnotify
mailorder
mailout
mailouts
mailpage
mailPage
mailpass
mail_password
mailpro
mailroom
mailroot
_mails
mails
Mails
mail_send
mailsend
mailshot
mailshots
.mailsubdom
MailSubscribe
mailtemp
mail-template
mailtemplate
MailTemplate
mail-templates
mail_templates
mailtemplates
mailTemplates
MailTemplates
mailtest
MailTest
mailto
mail_to_friend
mailtofriend
mailus
.main
_main
main
Main
MAIN
main1
main2
main3
main4
main5
mainadmin
mainbody
maincore
maine
Maine
mainfeed
mainfile
main_files
mainframe
main_highlight
main_images
mainimages
mainlink
main_menu
mainmenu
MainMenu
main_page
mainpage
Main_Page
mainpages
mainsite
MainSite
main_special
mainstreet
mainstyle
maint
Maint
maintain
maintainance
MAINTAINERS
MaintainWell
mainte
maintemplate
_maintenance
maintenance
_Maintenance
Maintenance
main_top
mainz
mainz-05
maison
maj
majestic
major
majorcoolimages
majors
mak
make
make_an_offer
Make-a-Store
makecron
Makefile
makehtml
makemap
make-money
makenh
make_offer
makeoffer
make_order
makeorder
makeover
make-payment
makepayment
makepdf
MakeProcessSoft
maker
makes
maket
makethumb
makeup
making
makler
mal
malaga
malawi
malay
malayalam
malaysia
Malaysia
maldives
male
malev
mali
malibu
mall
mallorca
malta
Malta
mam
mama
mambo
Mambo
mambots
man
mana
manag
_manage
manage
Manage
manage_account
manageaccount
manageaddr
ManageAddress
ManageAdmin
ManageBilling
manageboards
managecart
managecats
managed
managedcare
managed-services
managegroup
management
Management
management-team
.manager
_manager
manager
Manager
managers
Manages
manageSubs
managment
manatee
manche
manchester
Manchester
mandant
manga
mangas
mango
manhattan
manifest
manifesto
.maninfo
Manitoba
mannheim
manoj
mansion
mantaray
mantenimiento
mantis
mantisbt
manu
manuais
manual
Manual
MANUAL
manual-1
manual-2
manual_download
manuales
manuali
manual_order
manuals
Manuals
ManualThemes
manuel
manuels
manufacturer
Manufacturer
manufacturers
manufacturers_id
manufacturing
Manufacturing
manuscript
manut
manutencao
manutenzione
manyou
mao
.map
_map
map
Map
MAP
map1
map2
map24
mapa
mapabcpoi
mapa-del-sitio
map_admin
mapa-do-site
mapas
mapa-web
mapaweb
map_custom
mapdata
mapdetailssearch
map_files
mapfiles
mapgen
MapHandler
maphp
mapicons
map_images
mapimages
mapit
mappa
mappe
mapper
mapping
mapprint
mapquest
maps
Maps
MAPS
map_search
mapsearch
MapSearch
mapslt
map_standard
mapstt
map_test
maptest
map_topnav
map_xml
mapXY
maqueta
maquette
maquettes
mar
mara
marathi
Marathi
marathon
marbella
marc
Marc
marca
marcas
marcel
march
March
marchand
marche
marches
marco
marcom
margaret
maria
Maria
mariage
marie
marietta
marilyn
marin
marina
Marina
marinas
marine
marines
mario
marion
maritime
mark
Mark
marka
markallread
markasread
MarkAsSpam
marked
markedcitation
marken
marker
markers
market
Market
market2
marketdata
marketer
marketgid
marketing
Marketing
marketing2
marketplace
Marketplace
MarketPlace
market-pulse
market-reports
market-research
marketresearch
markets
mark-forum
markitup
markread
marks
markt
marktest
marktopics
marktplatz
markup
marque
marquee
marques
marriage
MarriedInYear
marriott
mars
marseille
marshall
marta
martin
Martin
martinique
marty
mary
Mary
maryland
Maryland
mas
masa
mashup
masinfo
mask
masks
mason
mass
massachusetts
Massachusetts
massage
massage-therapy
mass_edit
mass_email
massemail
mass_emails
massey
massmail
massy
mast
.master
_master
master
.Master
Master
masteradmin
mastercard
masterclass
.master.cs
masterfiles
mastering
mastermind
masterpage
MasterPage
master-pages
master_pages
masterpages
masterPages
Masterpages
_MasterPages
MasterPages
master_php
masterplan
_masters
masters
Masters
MasterTemplates
.master.vb
mastery
masthead
mat
Mata
mataro
match
matchbox
matches
matching
matching_tags
matchmaker
matchresult
mate
maten
__material
material
Material
materiales
materials
Materials
materialy
math
Math
mathematics
maths
matrix
Matrix
matrix_engine
mats
matt
Matt
matthew
mattress
mattresses
mature
maui
Maui
mauritius
Mauritius
maven
maverick
mavs
max
maxi
maxim
maxPrice
may
May
may-2010
maya
mayor
mazda
Mazda
maze
mb
MB
mb2
mba
MBA
mbc
mbd
MBLA
mblog
mb_notify
mboard
.mbox
mbox
mbp
mb_payment
mbr
mb_return
mbs
.mc
mc
MC
mc2
mcafee
mcart
mcc
mcd
mcdonalds
mce
mch
mchat
mci
.mc_id
mcintosh
mck-shared
mcl
mcm
MCMS
mcn
mcp
mcr
mcs
mcss
md
MD
md5
mda
MDAirSync
mdata
.mdb
mdb
mdb-database
MDBis
mdc
mdf
mdl
mdm
mdp
mdr
mds
MDS
MDSyncML
mdt
mdx
me
Me
ME
me2
ME2
mea
meaning
measure
measurement
measurements
meat
mebel
mec
mecenat
mech
mechanical
mecklenburg
med
medal
medals
medco
medellin
medewerkers
medi
.media
__media__
_media
media
Media
MEDIA
media1
media2
Media_Admin
mediabank
mediabase
media-center
media_center
mediacenter
MediaCenter
media-centre
mediacentre
media_content
media-coverage
mediadaten
mediadb
media-files
media_files
mediafiles
MediaFiles
media_gallery
mediagallery
media_get
media-icons
media_icons
mediainfo
media-kit
media_kit
mediakit
MediaKit
medialab
medialib
media_library
medialibrary
mediamarkt
medianamik
media_new
media-old
mediapedia
media-player
mediaplayer
MediaPlayer
media-resources
media-room
mediaroom
medias
Medias
mediatemp
mediathek
mediatheque
mediation
media-upload
mediawiki
MediaWiki
mediawiki-1
medical
Medical
medicare
medicina
medicine
Medicine
medien
Medien
_MedienID
medikamente
medinfo
meditation
meditsina
medium
medlem
medlemmar
medlemmer
medline
meds
meet
meeting
Meeting
meetings
Meetings
meet-the-team
meg
mega
megan
megaupload
megavideo
me-gb
meh
mehr
meida
meijer
meine-daten
meinedaten
mein-konto
mein_konto
meinkonto
MeinKontoGroup
mein-merkzettel
meinung
meinungen
meirong
meishi
mel
melbourne
melden
meldung
meldungen
melissa
melodies
melodrama
melody
mem
memb
member
Member
member1
member2
member-access
memberAccess
memberadmin
MemberApply
member-area
member_area
memberarea
member-center
membercenter
MemberCenter
member_change
member_company
member_details
member-directory
member_extra
member_files
memberfiles
member_footer
member_header
member-home
member_home
memberid
member_images
member_info
memberinfo
member-list
memberlist
member-login
member_login
memberlogin
memberLogin
MemberLogin
membermail
membermap
member_notify
member-only
memberonly
member_orders
memberpage
member_personal
member_photos
memberphotos
memberpics
member_profile
memberprofile
memberProfile
member_register
MemberRegister
member-resources
memberresources
MemberRides
members
Members
MEMBERS
members1
members2
members-access
members-area
members_area
membersarea
member_search
membersearch
memberservice
member-services
memberservices
MemberServices
membership
Membership
membership-card
memberships
members_img
memberslist
Members_List
members_login
members_old
members-only
members_only
membersonly
membersOnly
MembersOnly
MembersRides
memberzone
_mem_bin
membre
Membre
membres
membro
membros
memcache
memcp
memo
memolinkcobrand
memorabilia
memorial
memorials
memory
Memory
memos
memphis
mems
men
Men
menorca
mens
mensagens
mensaje
mensajes
menschen
menshealth
mens-shoes
mental
mente
mentions
mentions-legales
mentions_legales
mentionslegales
mentor
mentoring
.menu
_menu
menu
Menu
MENU
menu_1
menu1
menu2
menu3
menu4
menu9_com
menubar
menu_bt
menu_com
menu_data
menu_dhtml
menue
menu_editor
menu-files
menu_files
menufiles
menufooter
menu_graphic
menuheader
menu_images
menuimages
menuimg
menu_inverted_l
menu_js
menujs
menumachine
menuoverride
.menu.php
_menus
menus
Menus
menus2
menuskin
menu_split
menutest
menuToAdmin
menu_top
menu_tree
meny
mer
mercado
mercados
mercamania
mercanet
mercatino
merced
mercedes
mercedes-benz
mercer
merch
merchandise
Merchandise
merchandising
merchant
Merchant
merchant2
Merchant2
Merchant4
Merchant5
merchants
Merchants
merci
merck
mercure
mercury
Mercury
merge
merger
mergetopics
merida
meridian
merit
merix
merken
merken_help
merkliste
merkzettel
merlin
merseyshop
mes
mesa
mesaj
mesreservations
mess
message
Message
message1
message2
message3
message4
message5
message6
message-board
message_board
messageboard
message_boards
messageboards
message-center
messagecenter
MessageCenter
message_list
messagelist
messagerie
messages
Messages
message-sent
message_sent
messages_erreur
message_view
messaging
Messaging
messenger
Messenger
messina
met
meta
Meta
metaadmin
.metadata
_metadata
metadata
META-INF
META_INF
metal
metar
metas
metasearch
Metasearch
MetaSearch
meta-tags
meta_tags
metatags
MetaTags
metatraffic
metatraffic2
meteo
meter
method
methods
metka
metki
metlife
metric
metrics
Metrics
metriweb
metro
Metro
metropolitan
metz
mex
mexican
mexico
Mexico
mexiko
mf
MF
mfg
MfgvsModularHomes
mform
mforum
mfr_admin
mfs
mft
mg
MG
mg_ajax
mgal_data
mgc_cb_evo
mgc_cb_evo_ajax
mgc_chatbox
.mgi
mgi
mgl
mgm
mgmt
mgr
mgt
mh
MH
mh_admin
mhc
mhonarc
mhs
.mhtml
.mi
mi
MI
mia
miami
Miami
miata
mic
micah
mice
michael
Michael
michel
michele
michelle
Michelle
michigan
Michigan
mickey
_micro
micro
microbiology
microblog
microprofile
Microscope
microscopes
microsite
Microsite
MicroSite
microsites
Microsites
micrositios
microsoft
Microsoft
microsupport
mi-cuenta
micuenta
.mid
mid
midas
middle
middle-east
MiddleEast
middlesex
middleware
midi
midia
midis
midland
midlands
midlogin
midnight
midwest
miembro
miembros
mieten
mietwagen
mig
mightysite
mightysite2
migracao
migraine
migrate
migration
Migration
miguel
MIIxpc
mijn
mike
Mike
mil
milan
milando
milano
Milano
miles
milestone
milestones
military
Military
military_boots
milk
millennium
miller
million
millionaire
milonic
milonic_src
milton
milwaukee
mim
m_images
M_images
mime
mimePart
.min
min
mina
mina-sidor
minatoku
mind
mindex
mine
minerals
mingle-forum
mingxing
minhaconta
mini
Mini
miniaturas
miniature
minibrowser
mini_cal
minicart
minichat
minify
mining
mini-site
minisite
minisites
minister
ministries
ministry
.min.js
minkonto
minneapolis
minnesota
Minnesota
mino
minolta
minor
min_order
minors
minPrice
minside
mint
min_unit_tests
minus
minutes
Minutes
mir
mirage
miramar
mirror
mirrors
mirserver
mis
MIS
_misc
misc
misc_
Misc
MISC
misc1
misc2
miscellaneous
Miscellaneous
misc_files
misc_images
misco
misco1
misco2
misco3
misco4
misco_it
miss
miss1
miss2
missing
missingfields
missingpage
mission
Mission
missions
mississippi
Mississippi
missoula
missouri
Missouri
miss-video
Mister
mit
mitarbeiter
mitchell
mitglied
mitglieder
Mitglieder
mitmachen
mitsubishi
Mitsubishi
mitteilungen
miva
Miva
miva_apps
mivadata
mix
mixed
mixer
mixes
mj
mju
mk
MK
.mkdir
mkportal
mkstats
mkstats2
mkt
MKT
mktg
ml
ML
ml2
mla
mlb
mlc
mld
mlist
mliveadmin
mlm
mln
mlog
mlogo
mlp
mls
MLS
mlsdetails
mlsgrid
mls_images
_mm
mm
MM
mm2
mm5
mma
mmc
MM_CASETEST4291
mm_css_menu
_mmDBScripts
mmedia
mmenudom
mmenuns4
mmg
mmh
MMHTTPDB
mmm
mm_menu
mmo
mmr
mms
_mmserverscripts
_mmServerscripts
_mmServerScripts
mmServerScripts
mmt
mm_track
mmwip
MMWIP
mn
MN
mnet
mng
mngr
.mno
mnogo
mnogosearch
mnp
mnt
mo
MO
moana
mob
moban
mobi
mobiel
mobil
Mobil
__mobile
_mobile
mobile
Mobile
MOBILE
mobile2
mobile4
mobile-apps
mobilehome
mobile-phone
mobile-phones
mobilephones
mobileplayer
mobiles
mobiletest
mobilfunk
mobility
mobiquo
mobius
moblog
mob_search
mochi
mock
mocks
mockup
mockups
Mockups
.mod
mod
moda
modal
Modal
modalbox
modalfiles
modals
modcp
modcpanel
moddb
mode
model
Model
modele
modeles
ModelGlue
model_images
modeling
modelle
modelli
modellist
modelo
modelos
models
Models
models-data
modem
mod_EmailNews
modems
modena
mode-quote
moder
moderate
Moderate
moderation
moderation-queue
moderator
moderators
mode-reply
modern
Modern
modernbill
ModernCF2
modern_mom
modfile
_mod_files
modif
modifica
modificar
modification
modifications
modified
modifier
modify
modifyalb
modifykarma
mod_install
modlink
modlogan
mod_perl
modperl
mod_poll
_mods
mods
mod_search
modul
module
Module
moduleCreator
module_files
__modules
_modules
modules
_Modules
Modules
modules2
modules_admin
modules_profile
moduli
modulo
modulos
moduls
moduly
modus
modx
moebel
mof15
mofcart
moget
moi
mois
moje
mojo
mojo_files
mold
MoldInspector
Moldinthehome
moldova
molise
mollify
mollom
molly
molodenkie
mom
MOM
momdata
moment
moments
momentum
moms
mon
mona
monaco
Monaco
mon-compte
mon_compte
moncompte
mon-espace
monet
money
Money
moneyback
moneybookers
moneycard
money-news
moni
monit
monitor
Monitor
monitoring
monitors
monkey
monkeys
mono
monofont
monographs
monoslideshow
mon-panier
mon_panier
monroe
monster
monsterbook
monstercontrols
montada
montana
Montana
montebello
montecarlo
montenegro
monterey
montero
monterrey
montgomery
month
Month
monthly
months
montreal
montrose
Montserrat
monuments
moo
mood
moodle
moodledata
moods
moon
Moon
moonlight
moore
moose
mootools
mora
moran
more
More
moredetail
moredetails
more-games
moregiftwrap
morehouse
more_image
more-info
more_info
moreinfo
morelinks
morenews
moresmiles
more_tags
morfeoshow
morgan
morganstanley
morning
morocco
Morocco
morph
morris
morrison
morrow
morse
mortgage
Mortgage
mortgage-news
mortgage_rates
mortgages
Mortgages
morton
mos
mosaic
moscow
moses
moskva
most
most-popular
most_popular
mostpopular
most_read
mostread
most_read_daily
most-viewed
mostviewed
mostwanted
mot
motd
motdepasse
moteur
mother
mothers-day
mothersday
motifs
motion
motivation
motive
moto
motocross
motogp
motor
motorbikes
motorcycle
motorcycles
Motorcycles
motore
motori
motoring
motorola
motorrad
motors
motorsport
motorsport-news
motorsports
motos
mount
mounts
mouse
.mov
mov
.MOV
movabletype
move
moved
movement
moveout
movers
movetopic
movie
Movie
Movie1
movie-reviews
movies
Movies
MovieTimes
movil
moviles
moving
moxiebin
mozile
mozilla
Mozilla
mp
MP
.mp2
.mp3
mp3
.MP3
MP3
mp3files
mp3_player
mp3player
mp3s
MP3s
.mp4
mp4
mpa
mpanel
mpay24_error
mpay24_success
mpc
mpd
mpdf
mpdf50
.mpeg
mpeg
.MPEG
.mpg
mpg
mpi
.mpl
mpl
mplayer
mpp
mpr
mps
mpu
mq
mqinterconnect
mqs
mr
Mr
MR
mrbs
mrc
mreply
mri
mro
mrp
mrtg
MRTG
ms
MS
ms2
msa
msadc
MSADC
msc
msd
msd1
msdropdown
msds
MSDS
msearch
.msg
msg
Msg
MSG
msgboard
MsgBoard_Admin
msgbox
msgcenter
msgcnt
msg_confirm
msgs
Msgs
.msi
msi
MSIECrawler
msj
msk
msm
msn
MSN
msn_ru
.mso
mso
msoffice
MSOffice
msp
mspace
_msptp
.mspx
msr
mss
mssccprj
mssql
mssql_setup
mst
_mt
mt
MT
mt2
mt3
mt4
MT4
mta
mtb100
mt-bin
mtc
mt-comments
mtd
mte
mtest
mtg
mt-gb
mthemes
mti
mt_images
mtree
mts
mt-search
mt-static
mtstatic
mtt
mt-tb
mt-test
mtv
mtview
mu
MU
muebles
muenchen
muestras
mu-fr
mug
mu-gb
mugs
mug-special
muj-ucet
mult
multfilmi
multi
multibox
MultiChannelMA
multilingual
multi-media
multimedia
Multimedia
multiple
multisearch
multiservers
multisite
multisites
mum
mumbai
Mumbai
mundo
munich
municipios
munin
mu-plugins
mur
mural
murcia
murmansk
muro
mus
MUS
muscle
muse
musee
museen
museum
museums
music
Music
MUSIC
music1
music2
musica
musicad
musical
musicas
musicbox
musicl
musiclp
music-news
music-reviews
musics
musicsearch
musicsp
musik
Musik
musings
musique
muskegon
must
mustang
Mustang
muster
mutual
mutual-funds
mutui
muz
muzika
muzikl
.mv
mv
.mvc
mvc
mvdata
mvhs
MvmControllerCmd
mvnforum
mvp
mv-service
mw
MW
mwa
mwaextraedit2
mwaextraedit4
mwc
mwf
mwhois
mwiki
mwp
mx
mx_
MX
mxd
mx-gb
my
My
MY
my404
my500
My97DatePicker
myacc_login
my-account
my_account
myaccount
myAccount
Myaccount
My-Account
MyAccount
myaccountindex
myaccountinfo
myad
myadm
_myadmin
my-admin
my_admin
myadmin
myAdmin
MyAdmin
my_ads
myads
MyAds
myads_send
myadverts
myalbum
myanmar
MyArea
myarticle
myarticles
myasg
my_auctions
my_avatar
my_avatar_show
myawards
mybackup
mybasket
mybb
MyBB
my_bids
my-blog
myblog
myblogs
mybook
mybooking
my-bookings
mybookmarks
my_cache
mycalendar
mycalendar_mod
mycaptcha
mycar
my-cart
my_cart
mycart
MyCart
mycgi
mychat
mycollection
mycompanies
mycompany
my-components
myconfigs
myconnect
mycookie
mycookies
mydata
mydetails
mydir
mydownloads
myebay
myEuropages-web
myevents
my_favorites
myfavorites
myFavorites
MyFavorites
my_favour
myfeed
myfile
my_files
myfiles
myFiles
MyFiles
myfolder
myform
myforum
myfotos
myfriends
_mygallery
mygallery
mygames
my-gift-registry
mygreenhouse
my_group
mygroup
mygroupon
mygroups
myhistory
myhome
MyHome
myhomework
myhouse
myicons
my-images
my_images
myimages
myinc
myinfo
myInfo
myip
my_items
myjob
myjobs
myjobsite
myjs
myjukebox_files
my-languages
mylibrary
mylinks
mylist
MyList
mylist_add
mylisting
mylistings
mylogin
MyLogin
mymail
MyMail
mymedia
mymenu
mymessage
my_messages
mymessages
mymovies
mynetwork
mynews
myobxfavorites
myoffice
myorder
my_orders
myorders
MyOrders
my_page
mypage
myPage
MyPage
my-pages
mypages
MyPages
myparser
mypcat
myphotos
myphp
myphpadmin
myPhpAdmin
mypics
mypictures
myplace
myplan
my_playlist
my_playlists
my-plugins
my_points
mypoints
my_points_help
myportal
my_posts
myposts
myproducts
my-profile
my_profile
myprofile
myProfile
My_Profile
MyProfile
myps
mypub
my-remote
MyReports
my_results
my-reviews
myreviews
myscripts
mysearch
mysearches
my_selected_ads
my_settings
mysettings
myship
myshop
myshortlist
mysimpleads
mysite
MySite
mysitemap_users
myspace
MySpace
.mysql
_mysql
mysql
mySQL
Mysql
MySQL
mysql-admin
mysql_admin
mysqladmin
mysqlAdmin
.mysql-connect
mysqlcron
___mysqldumper
mysqldumper
mysqldumper2
.mysql_history
mysqli
.mysql-pconnect
mysql_pulsechck
.mysql-query
.mysql-result
.mysql-select-db
mysql_setup
.mysql.txt
mystar
mystart
mystat
mystats
mystery
mystic
mystore
myStore
MyStore
mystory
my-stuff
mystuff
mystyle
myt
mytag_js
mytemp
my-templates
mytest
mytime
mytools
my_topics
mytoysde
mytp
mytrip
mytrips
myuserpoints
my_vdo_edit
my_video
myvideo
my-videos
my_videos
MyWalletView
myweb
MyWeb
my-wishlist
mywishlist
MyWork
myzone
mz
MZ
n
N
n1
n2
N2
na
NA
nab
nac
Nach-Hersteller
NACHICodeofEthics
NACHIMembership
nachricht
nachrichten
Nachrichten
nacional
nacogdoches
nada
nadmin
nagios
NAHICodeofEthics
NAHIMembership
nail
nails
naissance-enfant
nakanoku
naked
nakup
nakupni_rad
nam
namazu
name
Name
names
namibia
nana
nancy
nanke
nano
nao
napa
naples
naplok
napoli
napoveda
nar
narnia
narodstory
narrative
naruszenia
naruszenie
naruto
narzedzia
nas
NASApp
nascar
nase
nash
nashville
nassau
nastaveni
nat
natal
natale
natalie
nate
nathan
nation
national
National
national-news
national-sport
nationwide
nats
natur
natural
nature
Nature
naughty
naujienos
nauka
_nav
nav
Nav
NAV
nav2
Nav_Admin
navajo
nav_bar
navbar
nav_bars
navbars
navegacion
naves
navette
navi
Navi
navidad
navigate
navigatepageto
NavigatePageTo
NavigatePageTO
navigateur
_navigation
navigation
Navigation
navigation_bars
NavigationMenu
navigator
Navigator
navi-img
nav_images
navimages
NavImages
nav_include
nav_menu
navmenu
NAVPICS
navs
navy
nb
NB
nba
nbc
nbnforms
nbo_podcast
nbproject
nbs
nc
NC
ncaa
ncc
ncl
nclb
ncommerce3
ncs
nd
ND
nda
NDA
ndare
nddbc
ndex
nds
ndx
ne
NE
nea
near
nearby
NeatHtml
neatupload
NeatUpload
nebraska
Nebraska
nec
Necklaces
ned
neda
nederland
nederlands
Nederlands
nedvizhimost
need
need-help
needlogin
needs
negocio
negocios
negozi
negril
neighbor
neighborhood
neighborhoods
neighbors
neil
neiyi
nel
nelson
nemo
neo
neomail
nepal
Nepal
neptune
neria3
nest
nestle
.net
net
Net
.NET
NET
net2ftp
NetAnts
Netaxept
netball
netbank
netbooks
netcabo
netcat
netcat_cache
netcat_dump
netcat_files
netflix
netforum
netguest
netherlands
Netherlands
.net.html
netli
netlink
netmile
netmomsde
netnews
netoffice
netpbm
netrics
netscape
netshop
NetSpell
netstats
netstatus
nettbutikk
nettracker
NetTracker
netvibes
netvolution
network
Network
networking
networks
neu
NEU
neues
neuf
neufgiga
neuheiten
Neuheiten
neuigkeiten
neukunde
neukunden
neuro
neurology
neurosurgery
neuseeland
neutral
neuzugaenge
nevada
Nevada
neve
.new
_new
new
New
NEW
new1
new2
new3
new4
NEW-4
new5
new6
new-account
new_account
newaccount
newAccount
NewAccount
newaccountlogin
newacctform
new_ad
newad
new_admin
newadmin
NewAdmin
newads
newapp
newark
new-arrival
new-arrivals
newarticle
newattachment
newattatchment
newbasket
newbb
newbb_plus
newbie
new-blog
newblog
newboard
newbook
newbooks
newborn
newbuild
newcar
new-cars
new_cars
newcars
new_cart
newcart
newcastle
newchat
newclient
newclients
newcms
newcomers
new_comment
newcomment
newcomments
new_content
newcontent
new_css
newcss
new_customer
newcustomer
NewCustomer
newdata
newdemo
new-design
new_design
newdesign
newdev
newemail
newentry
newest
newface
newfiles
NewFiles
New_Folder
NewFolder
New_Folder2
new_form
newform
new_forms
new_forum
newforum
newfoundland
newgallery
newgraphics
new-hampshire
newhampshire
New-Hampshire
New_Hampshire
newhire
newhires
new_home
newhome
newHome
newhomepage
new-homes
newhomesearch
newhouse
.new.html
newhtml
newimage
new_images
newimages
NewImages
new_img
newimg
new_index
newindex
new_item
newitems
new-jersey
newjersey
New-Jersey
New_Jersey
newjs
new_layout
newlayout
newletter
new_link
newlink
new-links
newlinks
newlist
new-listings
newlogin
newlogo
newlook
newmail
newman
newmap
newmedia
new-member
newmember
newmembers
new_menu
newmenu
new_message
newmessage
new-mexico
new_mexico
newmexico
New-Mexico
New_Mexico
newnews
neworder
newOrder
new-orleans
newp
newpage
NewPage
new_page_1
newpage1
new_page_2
newpages
new-password
new_password
newpassword
new_photos
.new.php
newpics
newplay
newpoints
newpoll
newport
newportbeach
new_post
newpost
NewPost
newposts
newprice
NewProcessOrder
newproduct
new-products
new_products
newproducts
NewProducts
newproducttags
newptip
newrelease
newreplay
newreply
new_reply_form
new-review
.news
_news
news
News
NEWS
news-1
news1
news-2
news2
news24
news3
news4
news5
news6
news9
news-admin
news_admin
newsadmin
news-ALL-1
news-and-events
news_and_events
newsandevents
newsarchiv
news-archive
news_archive
newsarchive
news-archives
news_article
newsarticle
news-articles
News-Articles
NewsArticles
newsblast
news-blog
newsboard
newscenter
newscomment
newscomp
news_content
newscore
newsdata
newsdesk
newsdesk_index
newsdesk_info
news-detail
news_detail
newsdetail
newsDetail
news-details
news_details
newsdetails
NewsDetails
newsearch
newsection
news_edit
news-events
news_events
newsevents
NewsEvents
news-feed
newsfeed
NewsFeed
news-feeds
news_feeds
newsfeeds
news_files
newsfiles
newsflash
news_full
newsgroup
newsgroups
newshop
newshow
newsimage
news_images
newsimages
news_img
newsinfo
news_insert
new-site
new_site
newsite
newSite
NewSite
NEWSITE
newsite2
news_item
newsitems
newsl
newslet
_newsletter
news-letter
news_letter
newsletter
Newsletter
NewsLetter
NEWSLETTER
newsletter1
newsletter2
newsletter3
newsletteradmin
newsletter_files
NewsletterImages
newsletterLink
NewsletterNew
newsletter_old
newsletters
Newsletters
NewsLetters
newsletter_view
newsline
newsline_auto
newsline_dom
newsline_fin
newslink
newslinks
news_list
newslist
Newslist
NewsList
newslisting
newslog
newsltr
newsmail
news_main
newsmanager
news-media
newsmedia
news_message
news_messages
newsml
news_more
news_most
news_new
newsnow
news-old
news_old
new-south-wales
newspage
newspaper
newspapers
news_photos
newspics
newsportal
news-print
news_print
newsprint
newspro
news_readme
news_releases
newsreleases
NewsReleases
news-reviews
news-room
newsroom
Newsroom
NewsRoom
news-rss
news_rss
newsrss
newss
news_search
NewsSearch
news_show
newsstand
NewsSys
newstats
new-step-1
new_step_1
new-step-2
new_step_2
news-test
news_test
newsticker
newstore
newstuff
newstyle
news_view
newswire
newtcore
NEWTCore
new_tema
newtemp
new-template
new_template
newtemplate
newTemplate
newtest
newtheme
newthrad
newthread
newticket
newtip
new-topic
new_topic
newtopic
new_topic_form
new_user
newuser
NewUser
newusers
newvehicles
new_version
newversion
new_web
newweb
newwebsite
new_year
newyear
new-york
new_york
newyork
New-York
New_York
NewYork
new-zealand
newzealand
NewZealand
next
nextgen-gallery
nextjump
next_step
nextstep
next_topic
nexus
nf
NF
nfl
nfo
ng
NG
nggallery
ngo
nh
NH
nhcm
nhl
nhobe
nhp
nhs
nhsso
ni
Ni
NI
niagara
nic
nicaragua
Nicaragua
nice
NICErsPRO
niche
niches
nicht
nick
nicknames
nickpage
nico
nicole
nicom1
nieruchomosci
nieuw
nieuws
Nieuws
nieuwsbrief
nieuwsbrieven
nieve
nifty
niger
nigeria
Nigeria
night
nightlife
nihonbuyo
nike
Nike
nikki
nil
nimda
nine
ning
ningbar
Ninguno
nino
nintendo
nirvana
nissan
Nissan
nj
NJ
njs
nk
nk9
.nl
nl
NL
nl-be
nl-BE
nl_BE
NL-BE
nld
nletter
nl-gb
nlimages
nlm
nln
nl-nl
nl-NL
nl_NL
nlnl-myoffice
nlp
nm
NM
nmanagerpro
nmn
nms
nmvt
nn
nn-NO
nnovgorod
no
No
NO
no-access
noaccess
NoAccess
noads
noah
nobel
nobkmark
nobot
NoBot
nobots
nobs
noc
no_cache
nocache
nocc
nochex
noclegi-hotel
nocookie
nocookies
nocrawl
node
nodes
noel
no_encontrado
noflash
no-follow
no_follow
nofollow
noframes
no-gb
nogo
nogoogle
noimage
no-index
no_index
noindex
NoIndex
noise
no_javascript
nojavascript
no_js
nojs
nokia
Nokia
NOKIA
nokia1
nokiachina
nolink
nolink_trap
nologin
nom
nomatch
nominate
nomination
nominations
nom-oublie
non
non-classe
.none
none
None
nonexistent
nonloggue
nonprofit
nonpublic
non-realurl
nonsurveiller
noodle
nopage
nor
nord
nordic
no_registrado
no_result
noresults
norfolk
norge
norma
normal
normas
normativa
norobot
no_robots
norobots
no-route
noRoute
nortbots
north
North
north-america
northamerica
North-America
North_America
north-carolina
northcarolina
North-Carolina
North_Carolina
north-coast
north-dakota
north_dakota
northdakota
North-Dakota
North_Dakota
northeast
northern-ireland
northshore
northstar
northumberland
norton
norway
Norway
nos
noscript
NoScript
no-search
nosearch
nosotros
nospam
nos-partenaires
nospider
nostalgia
no-such-url
not
Not
NOT
not2crawl
nota
notables
notary
notas
notavail
notavailable
note
Note
notebook
notebooks
note-legali
notepad
notepads
noteprint
_notes
notes
Notes
notest
not-found
not_found
notfound
notFound
NotFound
nothere
nothing
notice
Notice
noticeboard
notices
Notices
noticia
noticias
Noticias
notificaciones
notification
Notification
notifications
Notifications
notifier
notifs
notify
Notify
notifyboard
notifyme
notimportant
notizia
notizie
notloggedin
notrack
nottingham
nottinghamshire
notule
_notused
not-used
not_used
notused
notyet
nourl
nous-contacter
nouveau
nouveaute
nouveautes
nouveaux
nouvelles
nov
Nov
nova
Nova
novaimages
novartis
novedades
novel
november
November
november-2010
novgorod
novice
novidades
novinki
novinky
novios
novita
novo
novoe
novosibirsk
novosite
novosti
now
Now
NOW
nowa
noway
nowhere
now_playing
np
NP
npc
nppBackup
npr
nps
nq
nr
NR
nrc
nrf
nrg
ns
NS
ns1
nsc
nsearch
.nsf
nsf
.NSF
ns-icons
nslookup
nsr
nsw
nt
NT
ntadmin
NTAdmin
ntb
ntopic
nts
ntunnel_mysql
nu
NU
nuclear
nucleus
nude
nudism
nudist
nue
nuequiz
nueva
nuevo
nuevos
nuke
null
NULL
.num
num
number
numbers
numeri-utili
numeros
numinix_version
nuoro
nuovo
nuovosito
Nuphedrine
nur
nurnberg
nurse
nursery
nursing
Nursing
nusoap
nutrition
Nutrition
nutrition-guide
nuts
nutzung
nv
NV
nvform
nvidia
nvplayer
nw
nwn
nwp
nws
nwshp
nx
nxfeed
ny
Ny
NY
nyc
nye
nyheder
nyheter
nyhetsbrev
nyt
nytimes
nytimes-partners
nyu
nyushi
nz
NZ
nzb
.o
o
O
o2
o3
o8
oa
OA
oaa
oac
oads
oahu
Oahu
oai
oakland
oakley
oam
Oanda
oas
oasis
oauth
ob
obe
obidos
obits
obituaries
obituary
obj
Obj
object
objectremove
objects
Objects
objednavka
objednavky
Objednavky
objekt
objekte
objekty
objs
oblibene
obmen
oborud
oborudovanie
obr
obras
obratnaya-svyaz
obrazki
obrazky
obrazovanie
obrazy
obrigado
obs
observation
_obsolete
obsolete
Obsolete
obzor
obzory
oc
OC
oca
ocala
occ
occasion
occasions
oce
ocean
oceania
Oceania
ocen
ochrana
ocio
ocm
ocn
ocr
OCR
ocs
oct
Oct
october
October
october-2009
Octopus
.ocx
od
OD
oda
odd
odds
ode
odeme
odesk
odessa
odhlasit
odkazy
odnoklassniki
odp
odpoved
odpowiedz
OdReport
ods
.odt
odyssey
oe
oea
oem
OEM
oembed
oempro
oes
oesterreich
of
ofa
ofc
oferta
ofertas
Ofertas
.off
off
Off
offcampus
offer
Offer
offer_activate4
offer_activate5
offer_amazon
offering
offerings
offerlist
offer-listing
offer_rss
offers
Offers
offerta
offerte
office
Office
Office2003Blue
officedepot
OfficeHandler
officemax
office-room
officers
offices
Offices
official
_offline
offline
offLine
Offline
OFFLINE
offlinebar
offre
offre-emploi
offres
offset
offshore
offshore-banking
offsite
off-topic
oficina
ofinterest
ofis
og
ogc
.ogg
oglasi
ogloszenia
ogone
oh
OH
ohabei
ohbaby
ohg
ohio
Ohio
ohr
ohs
oi
oil
oiopub-direct
oit
OJA
ojs
ok
OK
ok2
okc
okinawa
okladki
oklahoma
Oklahoma
o-kompanii
OKQQ
ol
OL
olc
.old
__old
_old
_old_
old
_Old
Old
.OLD
_OLD
OLD
old1
.old2
old2
OLD2
old_admin
oldadmin
Old_App_Code
oldblog
oldbrowser
old-clients
olddata
old_design
old_dev
older
oldest
_old_files
old-files
old_files
oldfiles
OldFiles
OLD_FILES
old_forum
oldforum
oldforums
oldgallery
oldhome
old-html
old_html
oldhtml
OLD_HTML
oldies
old_images
oldimages
old_index
oldindex
OLDindex
old_news
oldnews
oldpage
old-pages
old_pages
oldpages
OldPages
.old.php
OLDprint
oldroot
olds
oldshop
__oldsite
_old_site
_oldsite
old-site
old_site
oldsite
oldSite
Old_site
Oldsite
Old_Site
OldSite
OLDsite
OLD-SITE
OLD_SITE
OLDSITE
oldsite2
old_site_backup
oldsitebackup
old_site_files
oldsitefiles
oldsites
old_stats
oldstats
old_store
oldstore
old_stuff
oldstuff
oldStuff
OldStuff
OLD_STUFF
oldtext
old_version
old_web
oldweb
old-website
old_website
oldwebsite
OldWebsite
oldwebstats
OLD_WP
ole
OLE
olga
oliver
olmsted
olp
ols
olvido
olympia
olympic
Olympic
olympics
om
OM
oma
omaggi
omaha
oman
Oman
omapps
omc
ome
omega
om-gb
omni
omni_c2
omniture
omnitureBaseJS
oms
OMS
omsk
oms_track
on
On
onair
o-nas
onboarding
oncampus
onclick
oncology
ondemand
onderhoud
one
One
oneadmin
onepage
onepixel
onerror
oneshop
onestepcheckout
on-line
on_line
online
Online
ONLINE
onlineapp
Onlineapp
OnlineApp
onlinebanking
online-bingo
onlinebooking
online-casino
onlinecatalog
onlinechat
onlineck
online-coupons
online-courses
online-dating
onlineforms
onlineForms
online-games
onlinegames
online_help
onlinehelp
online-list
online-marketing
onlinemarketing
onlineoffice
onlineopinion
onlinepay
online-poker
onlineserv
onlineserve
online-services
online_services
onlineservices
online-shop
onlineshop
online-store
online_store
onlinestore
OnlineStore
onlinesurvey
onlinetraining
onlinetv
onlineuser
onlineusers
only
onmap
onomisfotos
onorder
OnRequestEnd
onsale
onsite
ontario
Ontario
OnThisDay
_ontv
_ontv_highlights
ontwikkeling
oo
ooops
oop
oops
oos
op
opa
opac
opc
opd
opel
open
open-account
openads
Openads
Openbot
opencart
opencms
openday
opendays
.opendir
opendir
Openfind
OpenForceAd
open-house
openhouse
openid
openId
opening
openings
openinviter
OpenInviter
open_pub
openrealty
opensearch
opensearch_desc
opensite
opensocial
open-source
opensource
opensrs
openui
openurl
openwebmail
openwysiwyg
openx
openX
OpenX
openx-2
openxads
openx_backup
oper
opera
operaciones
operador
operate
operation
operations
Operations
operator
operatori
operators
oph
opinion
opiniones
opinioni
opinions
oplata
opmanager
.opml
opml
opn-bin
opodo
opp
opportunities
Opportunities
opportunity
Opportunity
opr
opros
ops
opt
Opt
optic
Optician-Online
optik
optilink
optimisation
optimize
optimized
optimizer
optimumonline
opt-in
optin
Optin
optin_info
option
option1
option2
optional
option_id
options
Options
options-general
options_images
options-writing
optispider
opt-out
opt_out
optout
OptOut
opus
opx
or
OR
ora
oracle
Oracle
oral
oran
orange
Orange
orangecounty
orari
orbit
orbiz
orc
orca
orcamento
orchids
ord
ordb
orden
_order
order
Order
ORDER
order1
Order1
order1-db
order1-dba
order2
Order2
order2-db
order2-dba
order3
order3-db
order3-dba
order4
order5
order6
orderBy
orderbyfax
OrderCalculate
ordercancel
order-complete
order_complete
ordercomplete
OrderComplete
order-confirm
order_confirm
orderconfirm
OrderConfirm
orderdata
order_delivery
order-detail
order_detail
orderdetail
OrderDetail
order_details
orderdetails
OrderDetails
OrderDisplay
order-document
order_done
orderdownloads
orderentry
order-error
OrderExec
orderfiles
OrderFinished
order-follow
order-form
order_form
orderform
OrderForm
OrderFormNew
OrderFormPC
order_forms
orderforms
orderFrame
orderhist
order-history
order_history
orderhistory
orderHistory
OrderHistory
order-info
order_info
orderinfo
Order_Info
ordering
Ordering
OrderInsp
order-invoice
OrderItemAdd
OrderItemDisplay
OrderItemUpdate
order_list
orderlist
OrderList
orderlogin
order_mail
ordermail
ordermanagement
OrderManagement
ordermgr
ordernav
ordernew
order-now
ordernow
ordernow-dir
ordernow-pid
OrderOKView
order_online
orderonline
order-opc
orderoption
orderpage
Order_Page
order-payment
order_payment
orderpayment
order_print
orderprint
order_process
orderprocess
OrderProcess
OrderProcessCmd
OrderReceipt
order_result
order-return
order_review
OrderReview
orders
Orders
orders2
orders_direkt
order-slip
order-status
order_status
orderstatus
orderStatus
Order_Status
OrderStatus
OrderStatusView
order_step_1
order_step1
order_step2
order_step3
order_success
order-summary
order_summary
ordersummary
OrderSummary
ordersystem
orderterms
ordertest
order_thanks
orderthanks
order-thankyou
order_thankyou
orderthankyou
order_total
ordertotal
order_track
Order-Track
order-tracking
order_tracking
ordertracking
OrderTracking
order_view
orderwiz
order-wrappers
orderzone
ordina
ordinances
ordine
ordineviafax
ordineviafax_en
ordini
ordlist
ordner
ordstatus
ordtrack
oregon
Oregon
oreilly
orel
orenburg
.org
org
Org
organic
organisation
organisations
organization
Organization
organizations
Organizations
organizer
orgs
.ori
oria
orient
orientation
.orig
orig
origimages
origin
.original
_original
original
Original
ORIGINAL
originales
original_images
originals
Originals
origo
orig_pages
orion
orissa
oristano
oriya
orkut
orl
orlando
Orlando
orn2
orphaned_images
orphans
orphus
ors
ort
ortho
os
OS
os2
osa
osadmin
o-sajte
osaka
osb
osc
osc3
oscar
oscmax
oscommerce
osCommerce
oscommerce-2
ose
osesecurity
osi
osiris
osl
osm
osp
osprey
oss
ost
ostatni
osticket
ot
OT
ota
otaproxy
otb
otc
otchet
oth
other
Other
other-events
other_images
otherimages
other_links
other-resources
otherresources
others
Others
othersites
other-sport
other-sports
oto
otos
otp
otr
otros
ottawa
otterhound
otto
otvet
otziv
otzivi
otzyv
otzyvy
ou
oubli
oud
.oui
our
Our
ourappprocess
our-blog
ourbusiness
our-clients
ourclients
our-company
our_company
ourcompany
OurCompany
ourfamily
our-guarantees
ourl
ourmission
our-partners
our_partners
our-products
our_products
ours
our_story
ourstory
our-team
ourteam
OurTeam
Ourtechnology
ourwarranty
our-work
.out
_out
out
Out
out1
out100
out2
out3
outage
outback
outbound
outbound-article
outbox
out_click
outclick
.outcontrol
outdoor
Outdoor
outdoors
outer
outerweb
outframe
outgoing
outils
Outils
outlander
Outlander
outlet
outlets
outlet_store
outline
outlines
outlink
outlinks
outlook
Outlook
Out-Of-Date
output
Output
outreach
outros
outside
outsider
OutSite
outsource
outsourcing
ov
oval
ovation
over
overig
_overlay
overlay
overlays
overlib
overload
over-ons
override
overseas
oversikt
overstock
overture
overview
Overview
overzicht
oviedo
ovrigt
ow
owa
owen
owl
own
owner
Owner
ownernet
owners
Owners
owssvr
ox
oxbaseshop
oxford
oxid
oyna
oyun
oyunlar
oz
ozon
ozone
.p
_p
p
.P
P
p0
P0
p-1
p1
p10
p11
p12
p124
p13
p130
p132
p133
p14
p15
p16
p17
p18
p19
p2
p20
p23
p24
p25
p27
p2p
p3
P3
p32
p33
p38
p39
.p3p
p3p
P3P
p4
p43
p47
p49
p5
p54
p56
p6
p60
p67
p7
p70
p75
p76
p7ap
p7apm
.p7b
p7csslm
p7curvitude
p7epm
p7exp
p7gs
p7hgm
p7irm
p7lsm
p7lsm_img_1
p7mbm
p7pm
p7pmm
p7ssm
p7ssm_img_1
p7tbm
p7tm
p7tmm
p7tp
p7vscroller
p8
p9
p99
pa
PA
pa3
pablo
.pac
pac
pace
pacific
pacifica
pack
package
Package
package3
packages
Packages
packaging
pack-classic-50
packdown
pack-eco-100
packet
packets
packing
pack_ops
packs
pacotes
pacsafe
.pad
pad
Pad
PAD
paddypower
pad_file
padfiles
padinfo
padmin
padova
pads
pafiledb
pag
pagamento
pagamentos
.page
_page
page
page_
Page
.PAGE
PAGE
page-1
page_1
page1
Page-1
page-10
page10
Page-10
page-11
page11
Page-11
page-12
page-13
page-14
page14
page-15
page-16
page16
page-17
page17
page-18
page-19
page19
page-2
page_2
page2
Page-2
page-20
page20
page-21
page21
page-22
page22
page-23
page23
page-24
page-25
page-26
page26
page-27
page27
page-28
page-29
page-3
page_3
page3
Page-3
page-30
page-31
page-32
page-33
page-34
page-35
page35
page-36
page-37
page-38
page-39
page-4
page_4
page4
Page-4
page40
page404
page-5
page_5
page5
Page-5
page-6
page_6
page6
Page-6
page65
page67
page-7
page7
Page-7
page-8
page8
Page-8
page-9
page_9
page9
Page-9
pagead
pagebuilder
pagecache
Page_Cart
page-contact
page_content
Page_Customer
pagedata
pageear
PageEditing
page_elements
page_error
pageerror
PageError
PageFiles
pageflip
pagehead
page_history
PageID
page_images
pageimg
Page_Importer
page_includes
pageindex
page-info
pageinfo
PageInfo
pagelink
pagelogger
pageLogger
PageModules
pagemonger
PageName
page-not-found
page_not_found
pagenotfound
pageNotFound
Page-Not-Found
PageNotFound
pagepeel
pagepeelads
page_print
page-privacy
Page_Product
pager
Pager
pagerank
pagerror
.pages
_pages
pages
Pages
PAGES
pages2
page_sample1
page-shipping
pageSize
pagestats
page_template
page_templates
pagetemplates
PageTemplates
page-terms
pagetools
pagetop
PageUnavailable
pageview
pagina
paginacion
paginas
Paginas
pagination
Pagination
paginator
pagine
paging
pagini
pago
pagos
pags
pai
paid
paiement
paiements
paieska
pain
painel
painelctrl
paint
painting
paintings
pair
pais
paises
paket
pakistan
Pakistan
pal
palafolls
palau
palaute
palermo
palestine
palette
pali
palm
Palm
palma
palmas
palm-beach
Palmolive
pals
pam
pamela
pampers
pampers1
pampersuk
pamplona
pan
panama
Panama
panasonic
Panasonic
panda
pandora
panel
Panel
paneladmin
panel_aviso
paneldecontrol
_panels
panels
Panels
pangora
panier
Panier
Panier2
panierb
panier_edit
pannello
pano
panorama
panoramas
panos
panscient
pantech
pants
pao
pap
PAP
paper
Paper
papers
Papers
Papirkurv
paquetes
par
para
parade
paradise
paradiso
paradores
paragon
paraguay
paralegal
param
parameter
parameters
parametres
params
parasitology
parceiro
parceiros
parceria
parent
Parent
parenting
parents
Parents
parfum
paris
Paris
parish
park
Park
parked
parker
parking
parks
Parks
parrainage
.parse
parse
parsed
.parse.errors
parser
Parser
parsers
parses
part
Part
part1
part2
partage
partager
partenaire
partenaires
Partenaires
partenariat
partenariats
parteneri
partes
partfinder
partial
partials
participa
participant
participants
participate
participation
participer
particulier
particuliers
parties
Parties
_partner
partner
Partner
partner1
partner2
partnerbereich
partnerfeeds
partneri
partnerlinks
PartnerLinks
partnerlogins
partnerportal
Partner-Portal
partner-program
partnerprogramm
_partners
partners
Partners
partners2
partners3
partners-blogs
partnerseiten
partnership
partnerships
partnersite
partners-links
partnersuche
partnery
partnerzy
_parts
parts
Parts
parts_list
party
Party
partymgr
pas
pasadena
Pasadena
pasarela
pasmail
paso1
paso2
paso3
pAspUp
pass
passage
passages
passat
passcheck
passe
passes
passion
passlost
passport
PassPort
passremind
passtest
passwd
password
Password
PasswordChange
password_forgot
password_list
passwordrecovery
password_recup
password-reset
password_reset
passwordreset
PasswordReset
password_resets
passwords
passwort
past
pasta
paste
pastebin
pastetext
past-events
pasteword
pat
patagonia
patch
patch1
patch-1-02-b
patches
Patches
patent
Patent
patents
path
pathfinder
pathology
paths
pathway
pathways
patient
Patient
patients
Patients
patio
patriarchlist
patricia
patrick
patrimoine
patrimonio
patriot
Patriot
patTemplate
pattern
patterns
pau
paul
Paul
paula
pauschalreisen
pause
pavilion
paw
p_awards
pax
_pay
pay
Pay
pay2
payapi
paybox
paycenter
payflow
payfororder
payfunctions
paygate
pay_get
pay_go
paylas
payline
_payment
payment
_Payment
Payment
payment2
paymentapi
payment_gateway
payment_info
paymentinfo
payment_method
payment-methods
payment_methods
paymentmethods
payment_ops
payment-options
payment_options
paymentoptions
paymentplans
payment_result
payments
Payments
paymeth
paymorrow
pay-online
payonline
PayOnline
paypal
Paypal
PayPal
paypal2
paypalcancel
PaypalCancel
PayPalCancel
paypal_checkout
paypalcheckout
PayPalExpress
paypal_ipn
paypalipn
paypal_notify
paypalok
PayPalProduct
paypal_return
paypal_wpp
payroll
pays
paytest
pb
PB
pba
pb-admin
pbadmin
pbboard
pbc_download
pbcs
pbcsad
pbcsedit
pbcsi
pblog
pbm
pbmadmin
pbo
pbook
pbp
pbs
PBS
pc
PC
pc2
pca
pcadmin
pcadvisor
pcat
pcb
pcc
pcgi
pcgi-bin
PCI
pclzip
pcm
pcolor
pconf
pconfirm
pcp
pcr
pcs
pcw
pcworld
.pd
pd
PD
pd4
pda
PDA
pdata
.pdb
pdb
pdc
pdd
pd_edit
p_detail_expert
.pdf
.pdf.
_pdf
pdf
.Pdf
Pdf
.PDF
PDF
pdf11
pdf2
pdf_cache
pdfdata
pdf_datasheet
pdf_docs
pdfdocs
PDFDocuments
pdf_download
pdfdownload
pdf_downloads
pdfdownloads
pdfexport
pdf_extract
pdf_file
pdf-files
pdf_files
pdffiles
PDFfiles
PDFFiles
pdf_forms
pdfgen
PDFGenerator
pdf-invoice
pdfisslist
pdflib
pdfmagazine
pdf-order-slip
pdfpage
_pdfs
pdfs
Pdfs
PDFs
pdftest
pdfthread
pdfview
PDG_Cart
PDGCommTemplates
PDGImages
PDGTemplates
pDiscnts
pdm
pdp
pds
pdt_remarques
pdv
pe
PE
peace
peach
peak
peanut
pear
PEAR
pearl
pearls
pechat
pecos
ped
pedconfig
pediatrics
pedido
pedidos
pedigree
pedigreetext
pedro
peel
peers
pef
pegasus
peggy
peixun
pel
pelican
peliculas
pelion
.pem
pen
pending
penis
peniscola
pennsylvania
Pennsylvania
penny
pension
pensions
penthouse
penza
peo
people
People
PeopleObjects
peoples
peoplesearch
peoplesoft
pepsi
per
percent
perception
perch
perdu
perf
perfect
perfil
perfiles
perfil_usuario
performance
Performance
performatives
performer
Performer
performers
perfume
perfumes
period
periodic
periodical
perks
perl
Perl
perl5
perl-bin
perldesk
perlfect
perm
permalink
PerMan
permanent
permission
permissions
permits
perry
pers
PersAdmin
pershing
perso
person
Person
persona
personal
Personal
personal-ads
personal-care
personale
personales
personalfinance
personal-info
personality
personalization
personalize
personalized
personalLibrary
personal-loans
personals
personas
personeel
personen
personlib
personnalisation
personnel
Personnel
personneltoday
persons
persoonlijk
perspective
perspectives
perth
Perth
peru
Peru
pes
pesquisa
pesquisar
pesquisas
pet
pet-care
pete
peter
Peter
petit
petites-annonces
petition
Petition
petitions
pet-news
petra
petroleumclub
petrol-prices
petrozavodsk
pets
Pets
petzl
peugeot
pex
pf
PF
pfc
pfg
pfiles
pfizer
pfl
pflege
pform
pfp
pfp_cert
pfs
pftpl
.pfx
pg
PG
pga
pgadmin
pgbar
pgdcode
p_GetFreeSIM
pgl
pgm
pgm-form_submit
.pgp
pgp
.pgp.def
pgrefresh
pgs
.pgsql
.pgsql.txt
.pgt
_pgtres
.ph
ph
PH
pha
phantom
phantoms
pharm
pharma
pharmacy
Pharmacy
phase
phase2
phc
phd
phil
philadelphia
philanthropy
philip
philippines
Philippines
philips
Philips
phillips
philly
philosophie
philosophy
pho
phocadownload
phocagallery
phocamapskml
phoenix
Phoenix
phone
Phone
phone1
phonebook
phones
phones4u
phoneshopping
phorm
phorum
phorum-3
phorum5
.photo
photo
Photo
PHOTO
photo1
photo2
photoads
photo-adverts
photo-album
photo_album
photoalbum
photoAlbum
PhotoAlbum
photo_album_cat
photoalbums
PhotoAlbums
photo_archive
photobank
photoblock
photoblog
photobook
photobox
photobucket
photocart
photo_comments
photocontest
PhotoContest
photodb
photodetails
PhotoDetails
photo-gallery
photo_gallery
photogallery
photoGallery
PhotoGallery
photogra
photograph
photographer
photographers
photographs
photography
Photography
photoimages
photo-l
photolist
photoplog
photo_popup
photopost
photoreport
_photos
photos
Photos
PHOTOS
photos2
Photos4
photosales
photo_search
photosearch
photos_gallery
photoshop
Photoshop
phototour
photoupload
PhotoUpload
.php
.php.
_php
php
Php
.PHP
_PHP
PHP
.php1
php168
.php2
php2
.php3
php3
.php4
php4
.php5
php5
phpad
phpadm
phpadmin
phpAdmin
phpads
phpAds
phpadsnew
phpAdsNew
phpAdsNew-2
.php.bak
phpbay
phpbb
phpBB
phpbb2
phpBB2
phpbb3
phpBB3
phpbb_seo
php-bin
phpcache
phpcalendar
phpcaptcha
phpcart
php_classes
phpcms
phpcode
phpcollab
phpcounter
phpdb
phpdig
phpDig
.php-dist
phpdoc
PhpDocumentor
phpedit
phpESP
phpEventCalendar
phpExcelReader
.php_files
php_files
phpfiles
phpFlickr
phpform
phpformgen
phpformmail
phpforms
phpgroupware
.php.htm
phpicalendar
phpicalendar-2
phpids
php-inc
php_inc
phpinc
php-include
php_include
phpinclude
php-includes
php_includes
phpincludes
PHP_Includes
_phpinfo
php_info
phpinfo
phpjobscheduler
phpld
phpLD
phpldapadmin
php-lib
php_lib
phplib
phplibs
phplist
phplist-2
phplive
phplivehelper
phplot
phpma
phpmail
.phpmailer
phpmailer
phpMailer
PHPMailer
.phpmailer.php
PHPMailer_v2
PHPMailer_v5
phpmanual
phpmv
phpmv2
phpmy
phpMy
_phpmyadmin
phpmyadmin
_phpMyAdmin
phpMyAdmin
PhpMyAdmin
PHPMyAdmin
phpmyadmin2
phpMyAdmin-2
phpMyAdmin2
phpmyadmin3
phpMyBackupPro
phpmychat
phpmyfaq
phpmysql
phpmyvisites
phpnews
phpnuke
_php-nusoap
php_nvp_samples
phpodp
php-ofc-library
.php.old
phponline
phpopenchat
phpOpenTracker
.phpp
php_paypal
phpPgAdmin
.php.php
phpQ
phpQJr
phprint
phprojekt
phprusearch
.phps
_phps
phps
.php.sample
php_scripts
phpscripts
php-sdk
phpsearch_files
phpsecinfo
phpSecurePages
PHPSESSID
phpshell-2
phpshield
phpshop
phpsitemap
phpsitemapng
phpSitemapNG
php_speedy
phpsso_server
.php.static
php-stats
phpstats
phpsurveyor
phpsysinfo
phpSysInfo
phptell
php_test
phptest
phpthumb
phpThumb
phpthumbs
phptmp
phptop
phpTrafficA
.php.txt
php-uploads
php_uploads
phpwcms
phpweather
phpwhois
phpwiki
phrase
phrases
phs
.phtm
.phtml
phtml
phtoalbumbp
phy
phys
physical-therapy
physician
physicians
Physicians
physics
physio
pi
PI
pia
piano
piao
pib
pic
Pic
PIC
pic1
pic2
pic3
piCal
picall
picasso
picEditor
picgen
pick
picker
pickers
pick_out
picks
pickup
Pickup
picnic
picpost
picprev
_pics
pics
Pics
PICS
pics1
pics2
pict
pictos
pictr
picts
picture
Picture
picturebrowse
picture-click
picturecomment
picturegallery
picture-library
picture_library
picturepopup
pictures
Pictures
PICTURES
pictures2
pictures_rss
pid
pID
pie
piecemaker
pieces
piege
pier
pierre
pig
pike
pilates
pills
pilot
Pilot
pimage
pimages
pimg
pin
pinboard
pindex
pine
pinfo
ping
Ping
pingback
pinger
pinglun
pink
pinnacle
pinpai
pins
pio
pioneer
pip
pipe
pipeline
pipelines
Pipelines
pipermail
Pipes
pir
piracy
pirate
pirates
pisa
pisces
pisces-horoscope
piscine
piso
pisos
pit
pitch
piter
pitfall
pitneybowes
pitt
pittsburg
pittsburgh
pivot
piwi
piwik
Piwik
pix
Pix
PiX
pixel
pixels
pixi
pixifoto
pixifotouk
pixlie
pixmania
pizza
pj
pjb_ui
PJImages
pjirc
pk
PK
pkginfo
pki
pkinc
.pl
pl
PL
pla
place
place_ad
placead
placebid
placed
placeholder
placeholders
placelist
placement
placements
placeorder
PlaceOrder
places
Places
places100
places-all
placesearch
plain
plaintext
plan
Plan
planb
plan-du-site
plane
planer
planes
planet
planetebleue
Planned
planner
Planner
planners
planning
Planning
planos
plans
plant
plantilla
plantilla_freya
plantillas
Plantillas
plants
planung
plan-your-visit
plarson
plasma
plastic
plastics
plate
plates
platform
Platform
platforms
platinum
Platinum
platnosc
platnosci
platypus
plaxo
_play
play
Play
play1
play2
play3
playas
play-bet-and-win
playboy
playdata
player
Player
player2
player3
Player_files
players
Players
player_search
player-viral
play-game
playgame
playground
playlist
Playlist
playlists
playnow
playpen
plays
play_video
playvideo
plaza
plc
pleasanton
please
please_wait
pledge
plenty
plesk
plesk-stat
plesk_stat
plesk-stats
plg
pl-gb
pli
pligg
pliki
plikiedytora
plink
plist
plog
plogger
.plop
plot
plots
plp
pl-PL
plpl-myoffice
plr
pls
pls100
pluck
plug
Plug
plug-in
plugin
Plugin
PLUGIN
plugin_cache
plugin-editor
pluginlab
Pluginlab
pluginmgr
_plugins
plug-ins
plugins
Plugins
Plug-Ins
PlugIns
plugins_models
plugs
plum
plumbers
plumbing
PlumbingIssues
plus
Plus
plus1
pluto
.plx
plymouth
plz
.pm
pm
PM
pm2
_pma
pma
pMA
PMA
pma2
pmadmin
pm_attachments
pmb
pm_buddy_list
pmc
pmd
pm_delete
pmelink
pmi
pmlite
pmm
pm_options
pms
pmsend
pmt
pmt_success
pm_view
pm_welcome
pmwiki
PmWiki
pn
PN
pnadodb
PNAImport
pnc
pnd
.png
png
.PNG
PNG
pngbehavior
png-fix
pngfix
pngHack
.png.php
pngs
PNGs
pnn
pno
.pnp
pnp
PNphpBB2
pntables
pnTemp
.po
po
PO
poa
pobierz
poc
pochta
pocket
pocketpc
.PocketPC
poczta
pod
podarki
podarok
podcast
Podcast
podcasts
Podcasts
podcasts_admin
podium
podpiska
podpress
pods
poem
poems
poet
poetry
Poetry
poets
pogoda
poi
point
Point
pointroll
points
Points
pois
poisk
poisk-po-sajtu
pokaz
pokemon
poker
Poker
poker-news
poker-room
pokerroom
poker-rooms
pokerstars
pokladna
Pokladna
pol
POL
poland
Poland
polaris
polec
police
Police
polices
policies
Policies
policy
Policy
policyholders
policymanual
policy-us
polish
politica
politicas
politics
Politics
politics-news
politik
politika
politique
poll
Poll
poll2
poll_archives
pollbooth
pollBooth
pollcollect
poll_comment
pollcomments
polldata
polledid
polledit
poller
polling
pollit
poll_list
pollpro
poll_process
poll_result
poll-results
poll_results
PollResults
polls
Polls
Polls_admin
pollsarchive
POLLSERVER
pollstart
poll_success
poll-tags
polltest
poll_vote
pollvote
polo
polopoly
polos
polski
poly
PolyBOT
pommo
pomo
pomoc
pond
pongal
pontevedra
pontiac
pooh
pool
pools
poormanscron
pop
POP
pop1
.pop3
pop3
.pop_3D_viewer
.pop3.php
pop_article
PopAssembly
popcal
popcalendar
PopCalendar2005
pop_contest
pop_crc
PopDelivery
pope
PopEmail
pop_event
.pop_formata_viewer
popgadget
pop-graphics
popin
pop_login
pop_mail
pop_newsletter
popout
popper
pop-photo
pop_profile
pop_promo
poprock
pops
PopShipTime
pop_tell_friend
popular
Popular
populararticles
popularity
popular-links
popularlist
population
popunder
.popup
pop-up
pop_up
popup
popUp
Popup
PopUp
popup1
popup2
popup_3d
popup_add_image
popup_address
popup_ask
popup_content
popup_credit
popup_cvs_help
popup_cvv
popup-domination
popup_etra_help
popupform
popup-image
popup_image
popupImage
popup_image1
popup_image2
popup_image3
popup_image4
popup_image5
popup_image6
popup_images
popup_index
popup_info
popup_magnifier
popup_overpack
popup_paypal
popup_photo
.popup.php
.popup.pop_3D_viewer
.popup.pop_formata_viewer
popup_poptions
popup_privacy
PopUpProd
pop_up_profile
popup_promo
_popups
pop-ups
pop_ups
popups
Popups
PopUps
popup_shipping
popup_songs
popuptest
popup_video
pop_viewproduct
popwin
por
porady
porder
porn
porno
pornotube
pornstars
porovnani
porovnanie
porsche
port
porta
portable
portada
portadas
portafolio
portail
.portal
_portal
portal
portal_
Portal
PORTAL
portal2
portal3
portal_actions
portaladmin
portalbuilder
portal_catalog
portalcp
portal_css
portaldata
portale
portal_factory
portalHelp
portalHelp2
portal_install
portal_kss
portals
Portals
portal_skins
portal_types
portal_workflow
portatil
portcullis
port-douglas
portfolio
Portfolio
portfolio2
portfolio3
portfolio4
portfolio5
portfoliofiles
portfolios
portland
portlet
portlets
portrait
portraitplace
portraits
Portraits
ports
portscan
portugal
Portugal
portugese
Portugu
portugues
portuguese
Portuguese
portugues-ingles
pos
POS
position
positioning
positions
Positions
_post
post
Post
POST
post1
post2
post3
post4
post5
post6
post7
post8
post9
posta
postad
PostAd
postage
postal
postales
post_answer
postauth
postback
postcard
postcards
Postcards
post_category
postcode
post_comment
postcomment
PostComment
postcomments
posted
poster
Poster
posters
Posters
postfixadmin
postform
postforum
postforumthread
post_G1
postgrad
postgraduate
post_groan
posthistory
post_info
postinfo
posting
Posting
postings
postings_popup
postit
postjob
postjobwanted
postkarte
postkarten
postlist
postmail
postmessage
post-new
post_new
post_new1
post_new2
postnuke
postoffice
postpay
postprocess
post_question
postratings
post_reply
postreply
post_report
post_review
postreview
posts
post_start
post-template
posttest
post_thanks
posttocar
posuda
.pot
pot
potato
potd
poterms
potm
potsdam
potw
potwierdzenie
poubelle
pov
pow
power
Power
powercounter
PowerDesign
powered
poweredby
powerhouse
powerme
powerpoint
PowerPoint
power-reviews
powerreviews
powerrss
power_search
powersearch
powiadom
poze
pozoblanco
pozycjonowanie
pp
PP
pp2
ppal
ppc
PPC
ppc2
ppclassifieds
ppcredir
ppd
ppf
ppg
pphlogger
p_phone
ppl
ppm
ppo
ppob
ppolicy
ppp
PPP
pp_payment
pp_print
pp_Print
ppr
pp_repository
ppreturn
.pps
pps
.ppt
ppt
.PPT
PPT
PPT_Logger
PPT_Mailer
ppts
.pptx
ppuser
ppv
ppverify
ppwb
pq
pqa
pr
PR
PR1
pra
praca
prace
practice
Practice
practices
practitioner
praga
pragma
prague
prairie
praktikum
pratique
Pratique
pravila
pravo
pravoslavie
praxis
pray
prayer
prayer-requests
prazdnik
prc
prcache
prd
pre
preapply
prearrival
preauth
prebuilt
PreBuilt
precios
precision
Precision
pred
predator
predict
predictions
pref
preference
preferences
Preferences
preferencias
preferiti
preferred
preflysearch
prefs
prefs_
.preg-match
pregnancy
pregnant
preguntas
prehome
pre_include
pre_includes
preisanfrage
preise
preisinfo
preisliste
preislisten
preisportale
preisroboter
preisvergleich
Preisvergleich
prelaunch
preList
prelisten
preload
preloader
premier
Premier
premiere
premios
premium
Premium
prenota
prenotazione
prenotazioni
prensa
preorder
.prep
prep
prepaid
preparation
prepare
prepay
prepress
preprod
prepub
prereg
pre_register
prerelease
pres
preschool
prescription
presence
PresendEdit
present
presentacion
presentaciones
presentation
Presentation
presentations
Presentations
presents
preset
president
President
press
Press
PRESS
pressa
press-center
press_center
presscenter
presse
Presse
pressekontakt
pressemeldungen
pressespiegel
press_images
pressimages
press-kit
press_kit
presskit
presskit_pdf
pressoffice
press_popup
pressrel
press-release
press_release
pressrelease
Press_Release
PressRelease
press-releases
press_releases
pressreleases
Press_Releases
PressReleases
press-room
press_room
pressroom
PressRoom
prestashop
prestations
prestige
presto
preston
presupuesto
presupuestos
pretraga
prettyPhoto
prev
prevent
prevention
preventivi
preventivo
.preview
_preview
preview
_Preview
Preview
PREVIEW
preview2
.preview-content.php
preview_image
previews
Previews
previo
previous
Previous
previouspolls
.prev_next
prev_topic
prezzi
prf
.prg
prg
pri
.price
price
Price
price1
price2
PriceAlert
pricecheck
price-comparison
pricegrabber
price_inquiry
price-list
price_list
pricelist
PriceList
pricelists
PriceLists
pricemail
price-match
price_match
pricematch
pricepopup
price_proposal
prices
Prices
prices-drop
price_search
pricesearch
prices_example
pricewatch
pricexls
pricing
Pricing
pride
pridej_polozku
priea
prihlaseni
prihlasit
prijava
prijzen
prikbord
primary
prime
primer
primus
princess
prince-william
principal
principles
.print
_print
print
print_
Print
PRINT
print2
.printable
printable
Printable
printables
_printabletext
printad
printart
print-article
print_article
printarticle
printArticle
PrintArticle
print_beleg
print_blog_post
print-boat
printcart
PrintCart
print-catalog
print_catalog
print_cinfo
print_content
print_coupon
print_detail
printdetail
print_details
printdetails
printDetails
printer
Printer
printer-friendly
printer_friendly
printerfriendly
printerFriendly
PrinterFriendly
printers
Printers
print_factsheet
print-file-guide
printfiles
printflyer
print_form
print_friendly
printfriendly
.print.html
printing
printing-design
printit
printitem
PrintItem
print_job
print_lexikon
printlist
print_listing
printlisting
printmail
print_map
print_news
printnews
print-order
print_order
printorder
PrintOrder
print_order2
print_orders
printout
print-page
print_page
printpage
printPage
PrintPage
printpages
print_pdf
printpdf
print_photo
printphoto
.print.php
print_pinfo
print-post
printpost
PrintPost
printpreview
PrintPreview
print_product
printproduct
print_recipe
prints
printshop
print_site
printstory
print-templates
print-this
printthread
printv
printver
print_version
printversion
printVersion
print_view
printview
print_xkbinfo
pris
priser
prism
prisma
prison
pristine
priv
privacidad
privacidade
privacy
Privacy
privacy1
privacy2
privacybeleid
privacy-notice
Privacy-Notice
privacy-policy
privacy_policy
privacypolicy
privacyPolicy
Privacy-Policy
Privacy_Policy
PrivacyPolicy
privacy-security
privada
privado
privat
Privat
privat_bonus
.private
_private
private
_Private
Private
PRIVATE
private1
private2
privatearea
privateassets
PrivateAssets
private-cgi-bin
privatedata
privatedelete
privatedir
private-file
private_file
privatefile
private_files
privatefolder
private_html
privatemess
private-messages
private_messages
privatemessages
Private_Messages
privatemsg
private_office
privateread
privates
privatesend
privatesent
PrivateView
privatkunden
Privatkunden
privato
privat_products
privat_wishlist
prive
privileges
privmsg
priv_stats
prix
prize
prizes
prj
prj_11
prj_2
prj_4
prj_5
prj_51
prj_7
prl
prm
prn
prnt
PrntArticle
pro
Pro
PRO
pro100
pro2
proactol
proanalyzer
proba
probability
probation
probe
problem
Problem
problemreport
problems
proc
procat
proccess
procContact
procedure
procedures
Procedures
proceed
procesa_agents
procesa_mail
procesos
.process
process
Process
PROCESS
ProcessAddress
process_coupon
processed
_process-email
processes
process_form
processing
Processing
process_login
processlogin
processor
Processor
process_order
processorder
processors
processos
processpayment
processus
ProcessXML
prochatrooms
proc_re
procReg
procs
procTrans
procurement
Procurement
procXnDetail
procXnMsg
_prod
prod
Prod
PROD
prod2
ProdBot
prodcat
prodconf
prod_detail
proddetail
prodEmailHandler
prodexport2
prodhuge
prodimage
prod_images
prodimages
ProdImages
prod_img
prodimg
prodinfo
prodlist
prodlist2
prodotti
Prodotti
prodotto
prod_pg
prodReview
prods
prodsearch
prodSearch
prodtype
producao
produce
producer
producers
product
product_
Product
PRODUCT
product1
product2
product3
product404
product5
product_ajax
productalert
product-all
product_by_id
productcart
ProductCart
productcatalog
ProductCatalogue
product-compare
product_compare
productcompare
product-detail
product_detail
productdetail
productDetail
ProductDetail
.product_details
product-details
product_details
productdetails
productDetails
ProductDetails
product_display
producten
productExports
productfeed
product_files
productfiles
product-finder
productfinder
ProductFinder
product-free
product_help
product_image
productimage
product-images
product_images
productimages
productImages
ProductImages
product_info
productinfo
Product_Info
ProductInfo
production
Production
productions
product-list
product_list
productlist
ProductList
product-listing
product_listing
product_meta
product-new
product_new
producto
product_options
productos
product-p
product_p
ProductPage
product_photos
productpics
productpopin
productpopinadd
productpopinpage
product_popup
productPop-ups
ProductPrices
product-print
product_print
productprint
ProductPrint
productquestion
productquestions
product_rating
product-review
product_review
productreview
ProductReview
product-reviews
product_reviews
ProductReviews
products
products_
Products
PRODUCTS
products1
products2
products3
products_all
products-bought
productsCompare
products-detail
product-search
product_search
productsearch
productSearch
ProductSearch
products_files
products_filter
ProductSheet
productshow
products_id
products_images
products_info
ProductsList
products_map
products_new
product-sort
products-page
productspecs
products_rebate
products-saddles
products-subcat
product-subcat
ProductSummary
productsupport
producttags
ProductTemplates
product_thumb
product_thumbs
productupdates
product_view
productview
ProductView
productXml
product_zoom
produit
produits
produk
produkt
Produkt
produktanfrage
produkte
Produkte
produkter
Produkter
produktinfo
produktpdf
produktsuche
produkty
produs_alerta
produse
produs_galerie
produs_help
produs_prieten
produto
produtos
prof
profdev
profesional
profesionales
professional
Professional
professionals
Professionals
professionnels
profi
profiel
profil
Profil
_profile
profile
Profile
profile2
profile3
profile4
profile5
profile6
profile7
profilecheckout
ProfileCheckout
profile_comments
profile-edit
profile_friends
profile_images
profileinfo
ProfileLogin
profile_media
profile_options
profilepics
profile_pictures
profiler
profileregister
ProfileRegister
profiles
Profiles
profile_search
profileupdate
ProfileViewer
profili
profilo
profissionais
profit
proforma
prog
prognoz
program
Program
programa
programacion
programas
program_files
programfiles
programinfo
programm
programme
Programme
programmers
programmes
Programmes
programmierung
programming
Programming
programs
Programs
programsend
progress
Progress
progress_bar
progressbar
progs
prohibited
proj
proj-base
proj-cms
.project
project
Project
project2
projectadjuntos
projectajax
projecten
project_includes
projectmgr
projectpost
_projects
projects
Projects
project_scripts
projectsearch
projectx
projekt
projekte
Projekte
projekty
projet
projetos
projets
prolink
prolong
prom
promise
promo
Promo
PROMO
promo1
promo2
promo3
promocao
promocion
promociones
promocja
promocoes
promo_images
promopage
promos
Promos
promote
Promote
PromotedClick
promoter
promotion
Promotion
promotional
promotion-code
promotion_images
promotions
Promotions
promotion-train
promozione
promozioni
prompt
proof
proofing
proofs
prop
propadd
propaganda
propdelete
propel
propeller
properties
Properties
property
Property
property_map
property-search
propertysearch
propiedades
propimages
proplayer
proposal
proposals
Proposals
propose
proposer
proposer-site
ProPowerBot
props
propuestas
propupdate
pros
prose
proshop
prospect
prospective
prospects
prospects3
prospects4
prospectus
prospekt
prospekte
prosper
prot
pro_tables
protect
_protected
protected
Protected
protection
protector
protectx
protege
protein
protetor
proto
protocol
protokolle
proton
prototipos
prototype
Prototype
prototypes
protx
prov
prova
prove
proveedores
proverbs
proverka
proves
providence
provider
Provider
providers
Providers
providersearch
province
provinces
provincia
provincias
Provisioning
provisoire
provo
provost
ProWebWalker
proxies
proximamente
proximity
_proxy
proxy
Proxy
proxyc
proyectos
prp
pr_photos
prs
.prt
prt
prudential
prueba
prueba2
prueba_ajax
pruebas
pruvodce
prv
prv_download
prv_postreview
prvt
prxy
przechowalnia
przelew
przyklady
.ps
ps
PS
ps1
ps2
ps3
PS3
psa
PSA
ps_admin
psbot
psc
.psd
psd
PSD
psds
PSDs
pse
psearch
pseek
pseller
psg
pshop
psi
ps_image
psistats
psjs_datalogs
psk
pskov
psm
psn
pso
psoriasis
.psp
psp
pspbrwse
.psql
pss
pst
pstats
psu
ps_upload
psx
psy
psyc
psych
psychiatry
psychology
pt
PT
pt2
pta
pt-br
pt-BR
pt_BR
ptc
ptest
ptf
ptg
pt-gb
ptk
ptopic
ptp
ptpic
pt-pt
pt-PT
pt_PT
ptpt-myoffice
ptr
pts
ptshowguide
ptshowguideitem
pu
.pub
_pub
pub
Pub
PUB
pub1
pub2
pub3
pubblicita
pubimages
pubinfo
publ
publi
_public
public
Public
PUBLIC
publica
publicacion
publicaciones
publicar
publicaties
_publication
publication
publications
Publications
publicdeliver
publicfiles
public_ftp
public_html
public_hts
_publicidad
publicidad
publicidade
Publicidade
publicidades
public_images
publicitate
publicite
publicites
publicity
PublicKeys
public-notices
publico
publicpolicy
publicprofile
publicsafety
public_security
publicsrc
publicus
public_works
publicworks
publikacje
publikationen
publish
Publish
published
publisher
Publisher
publishers
publishing
Publishing
PublishingImages
publix
pubs
Pubs
pubstermx
pubweb
puebla
pueblo
puertoportals
puertorico
Puerto-Rico
puglia
pulaski
pulse
puma
pump
pumps
punbb
punch
punchout
punjab
punk
puppies
puppy
pur
purchase
Purchase
purchase2
purchased
purchases
purchasing
Purchasing
puretecgen_data
purge
purl
purple
purpose
purses
push
push-questions
push-user
put
putnam
putslinkshere
puzzle
puzzles
Puzzles
pv
PV
pv_de_recette
.pvk
pvt
pw
PW
pwa
pw_ajax
pw_api
pw_app
pwc
.pwd
pwd
pwg
pwr
pwreset
pws
px
px_custom
pxdb_www
.py
py
PY
.pyc
pyramid
python
Python-urllib
pz
.q
q
Q
q1
Q1
q2
q3
q7
qa
QA
qa-gb
qalert
qanda
QandA
qas
qashqai
qatar
Qatar
qb
QB
qb-gb
qbi
qc
QC
qcodo
qcontent
qcore
qf
qforms
qiche
qita
qiye
qld
qm
qmailadmin
qmimages
QMS
qna
qnasearch
qnotify
qotd
qp
qpolling
qq
QQ
qqq
qr
QR
qrcode
qrcode_image
qry
qs
QS
qs3
QSC
qscendpublic
qscheduler
QS-DE
qsearch
QS-GB
QS-RU
_qt
qt
qtmedia
qtvr
qu
quad
quake
qualification
qualifications
qualify
qualifying
quality
Quality
quality_form
quangcao
quantri
quarantine
quarterly
quask
QuB
que
quebec
Quebec
queens
queensland
queenstown
quellen
quem-somos
_queries
queries
Queries
.query
query
Query
query2
QueryN
ques
quest
Quest
Quester
question
Question
question2
questionaire
questionario
questionlist
questionnaire
questionnaires
questions
Questions
quests
QueTalFue
queue
Queue
queued
qui
quick
quickbooks
quickbuy
QuickDoc
quickedit
quicken
quickie
quicklinks
quicklist
quicklogin
quickmenu
QUICKNEWS
quick-order
quick_order
quickorder
QuickOrder
QuickOrderCmd
quickpoll
quick-quote
quickquote
quickreg
quickregister
quick_reply
QuickSand
quick-search
quick_search
quicksearch
quickshop
quickstart
Quickstart
quicktime
quick_view
quickview
quienes
quienes-somos
quienes_somos
quienessomos
qui-sommes-nous
qui_sommes_nous
quit
quiz
Quiz
quiztest
quizz
quizzes
quot
quota
quotation
Quotation
quotations
quote
Quote
quote1
quote2
quote_message
quote-request
quote_request
quotes
Quotes
quran
Quran
qv
qvod
qwe
qwerty
qwest
qx
qy
qz
qzone
.r
r
r_
.R
R
r1
r10
r2
R24
r3
r30
r4
.ra
ra
RA
raa
rabatt
rabbit
rabota
rac
race
races
Races
rachel
racine
racing
Racing
rack
rackspace
rad
RAD
rada
radar
radcontrols
RadControls
Radiation
radio
Radio
RADIO
radio2
radioandtv
radiology
radios
radioshack
radiotimes
radmin
radon
radyo
raf
rafal
raffle
rafting
rag
ragusa
rai
rail
railo-context
rails
railway
rain
rainbow
rainforest
raj
rajasthan
rakuten
raleigh
rally
Ralph
.ram
ram
ramada
ramadan
ramblas
rambler
rambler-pokupki
ramfiles
ramona
ran
ranch
rand
randall
rando
random
Random
randomad
randomage
randomer
.randomhouse
randomimage
randomImage
randomimages
randomizer
RandPage
randy
range
ranger
Ranger
rank
rankchecker
rankem
ranker
ranking
Ranking
rankingreport
rankings
rankit
ranks
ransom
rap
rap_admin
rape
rapid
rapidshare
raport
rappahannock
rappel
rapport
rapports
.rar
rar
rarticles
ras
raspisanie
rat
rate
Rate
rate2
ratearticles
ratecard
rate_cgi
ratecomment
rated
ratefile
rate-game
rategame
rate-it
rate_it
rateit
ratelink
rate_member
ratepic
rater
rates
Rates
rate-this
rate-this-item
ratethread
ratgeber
rathaus
rating
Rating
rating_1_over
rating_over
rating_process
ratings
Ratings
ratio
raus
rave
raven
raves
ravi
.raw
raw
Raw
RAW
rawdata
Raw_Log_Files
rawlogs
raw_xml
ray
rayban
raymond
razdel
raznoe
.rb
rb
RB
rbc
rb_documentation
rbi100
rbin
rb_logs
rbr
rbs
rb_tools
.rc
rc
RC
rc1
rcc
rcheckout
rci
rci_community
rcl
rcm
rcom
rcp
rcs
RCS
rct
rd
RD
rd2
rdb
rdc
rde
rdexpo
.rdf
rdf
rdiff
rdiffauth
rdir
rdm
rdn
rdnl
rdnpdf
rdnpdft
rdntxt
rdonlyres
rdp
rdr
rds
rdw
rdx
re
RE
re2
rea
reach
reacties
reaction
reactions
reactivate
reactivation
.read
read
Read
reader
reader-holidays
readers
ReadersCircle
readership
reader-travel
readfile
reading
Reading
Readingareport
readings
readmail
.readme
readme
Readme
README
README_FILES
readmessage
.readme_var_DE
README_var_DE
readmore
readnews
readpmsg
READ_THIS_FIRST
ready
reageer
reagir
real
Real
realaudio
real-estate
real_estate
realestate
Real_Estate
RealEstate
realisations
reality
realmedia
RealMedia
.realms
realsimple
realtime
realtones
realtor
Realtor
realtors
realty
reask
reasons
rebate
rebate-code
rebates
Rebates
rebecca
reblog
rebuild
Rebuild
.rec
rec
recall
recalls
recalls-and-tsbs
recap
recapitulatif
recaps
recaptcha
recaptchalib
recaptcha-php-1
receipt
Receipt
receipts
receitas
receive
Receive
received
receiver
recensioni
_recent_
recent
Recent
recent-activity
RecentActivity
RecentAdd_Admin
recentchanges
recentChanges
RecentChanges
recent_comments
recently_viewed
recent-news
recentpostspage
recent_searches
recent_topics
recentTopics
recept
reception
recepty
recetas
recette
recettes
recform
recharge
rechen-captcha
recherche
Recherche
rechercher
recherches
rechner
rechnung
rechnungen
recht
rechtliches
recibo
recip
recipe
Recipe
recipedb
recipes
Recipes
recipients
recipies
reciprocal
recips
reclama
reclame
reco
recognition
recom
recomandari-cos
recomend
recomendados
recomendar
recomendarju
recomendo
recomienda
recommander
recommend
Recommend
recommend2
recommend_ad
recommendation
recommendations
Recommendations
recommended
recommend_it
recommends
Recommends
recommend_shop
recommendus
Recommend_Us
recommend_yes
record
Record
recordar
recorder
recording
recordings
records
recover
recoverpass
recover-password
recover_password
recoverpassword
RecoverPassword
recovery
recpass
recpassword
recreation
Recreation
recRed
recruit
recruiter
Recruiter
recruiters
recruiting
Recruiting
recruitment
Recruitment
recrutement
recs
recsradio
recupera
recuperar
recursos
Recursos
recycle
recycle-bin
recycle_bin
recycling
.red
red
Red
red1
red2
redac
redacteur
redactie
redactor
redakcja
redaktion
Redaktion
redaktionssystem
redaktor
redaxo
redazione
redbar
redcross
redeem
redes
redesign
Redesign
redesign2
redFACT
redhat
redhill
redicart
redikt
_redir
redir
Redir
redir2
redireccion
redirecciones
redireciona
.redirect
_redirect
redirect
Redirect
redirect2
redirect_banner
redirect_click
redirectdeal
redirecter
RedirectFlight
RedirectHotel
redirection
Redirection
redirections
redirector
Redirector
REDIRECTOR
redirectpage
redirect_prod
_redirects
redirects
Redirects
redirect_scripts
redirect-to
redirect_url
redirecturl
redirekt
redir_mail
redirs
redmine
redsys
reduction
reductions
redx
ree
reed
reel
ref
Ref
RefDocs
refer
Refer
refer-a-friend
refer_a_friend
referafriend
referal
referat
reference
Reference
referencement
references
References
referencias
referenz
referenzen
Referenzen
referer
referer-record
referers
refer_friend
referral
Referral
ReferralForm
referrals
Referrals
referrer
Referrer
referrers
refinance
refine
refined
refinements
refinery
refineSearch
reflection
reflections
reform
refresh
Refresh
refrigerator
refs
refund
refund-policy
refundpolicy
refunds
refurbished
.reg
reg
Reg
reg1
reg2
reg3
reg-bin
regcat
regcenter
regcure
reg_dz
regedit
regeln
regels
regEmail
regensburg
regent
reg_form
regform
reggae
regie
regimage
regio
region
Region
regional
Regional
region_changer
regionen
regioni
regions
Regions
regionselect
regis
regist
_register
register
Register
register1
register2
Register2
registered
Registered
registeremp
register_form
registerform
register_G2
register_login
registernp
registers
register_stats
RegisterUser
registr
registr0
registra
registrace
registracia
registracija
registracion
registrado
registrar
registrarse
registrate
registrati
registratie
.registration
registration
Registration
registration2
registration3
registrations
registratsiya
registrazione
Registrazione
registreren
registrieren
registrierung
registro
registros
registry
registrybasket
registrycreate
registrydefault
registry_edit
registry_search
regist_ys
regisztracio
reglament
reglas
reglement
reglements
reglib
regolamento
regole
reg_pw
regras
regs
regtext
regulamin
regular
regulation
regulations
Regulations
regulatory
regurl
reguser
regusers
regyes
rehab
rehau
re_honey
rei
reifen
reiki
reimg
reindex_search
reis
reise
reiseinfos
reisen
Reisen
reiseziele
reizen
reject
rejected
rejection
rejestracja
rejoin
rek
rekl
reklaam
reklam
reklama
reklama2_server
reklame
reklamy
rel
related
Related
related-links
related-tags
related_threads
relateform
relateshopex
relatethread
relation
relations
relationship
relationship2
relationships
relatorios
relatos
relaunch
relaunchSearch
relax
relay
relcontent
release
Release
RELEASE
released
release_info
release-notes
releasenotes
releaseNotes
RELEASE_NOTES
releases
Releases
relief
religion
Religion
religious
relink
reload
reloaded
ReloadXML
relocate
relocate_server
relocation
RelocationWidget
relpage
rem
remano_xanario
remark
remax
remaxil
remedies
remember
remembrance
remind
reminder
reminders
Reminders
remindme
remindpass
remind_password
remodeling
remont
remos_downloads
remository
remote
Remote
remote_connector
remotecontrol
remotes
remotetracer
remoting
removal
.remove
remove
Remove
remove_cookies
_removed
removed
Removed
REMOVED
removeitem
removeme
remove_mug
remove-name
remove_name
remove_post
remove_tag
removetopic2
remy
ren
renaissance
rename
renault
rencai
rencontre
rencontres
render
render_banner
renderhandlers
rendering
renders
rene
renew
renew_account
renewaccount
renewal
renewals
renews
reno
renovation
rent
rentacar
rental
rental_car
rentals
Rentals
_rentals_rates
renting
RentvsBuyCalc
reo
reorder
reorder_pdf
rep
Rep
repa
repair
repair-center
repairs
repeat
repertoire
replace
replaced
replacement
replay
Replay
replies
reply
replypmsg
repo
repolist
RepoMonkey
repondre
reponse
reponses
report
Report
report2
report-abuse
report_abuse
reportabuse
reportAbuse
ReportAbuse
reportage
reportajes
reportar
reportbadoffer
report-comment
report_comment
reportcomment
reportengine
reporter
report-error
report_error
reportes
report_file
reportgame
reporting
Reporting
report_post
_reports
reports
Reports
REPORTS
reports-old
report-spam
reports-test
reporttm
ReportViewer
repos
repositories
repositorio
repository
Repository
repost
reprint
reprints
reprintsidebar
reprise-panier
repro
reproductor
reps
Reps
reptiles
republic
reputation
.req
req
reqa
_reqdis
request
Request
request2
request_access
request-a-quote
request_award
request-contact
requested
request-form
request_form
requestform
RequestForm
request-info
request_info
requestinfo
RequestInfo
request_password
request_port
request-quote
request_quote
requestquote
requests
requestsample
requetes
.require
require
required
requirements
.requirementsFeesTable.php
.require-once
requires
reqx
_res
res
Res
resa
resainfovol
resale
resalerights
rescue
Rescue
research
Research
researchdisplay
researchform
reseau
resell
reseller
Reseller
resellers
Resellers
resend
reserv
reserva
reservas
reservation
Reservation
reservations
Reservations
reserve
reserved
reserver
reserveren
reserves
reserve_search
reset
Reset
resetpass
resetpasswd
reset-password
reset_password
resetpassword
resetPassword
ResetPassword
resetsession
residence
residences
residency
resident
residential
residents
resim
resimler
resize
resized
resizer
resizes
reslife
resnet
reso
resolution
resolutions
resort
resorts
resource
Resource
resource_bundles
resource-center
resource_center
resourcecenter
ResourceCenter
resourcecentre
_resources
resources
_Resources
Resources
RESOURCES
resources1
resources10
resources11
resources12
resources13
resources14
resources15
resources16
resources17
resources2
Resources2
resources3
Resources3
resources4
resources5
resources6
resources7
resources8
resources9
resp
respaldo
respaldos
respond
responder
response
Response
responses
Responses
responsibility
resposta
respuesta
respuestas
ressource
ressourcen
ressources
Ressources
rest
REST
restart
restaurant
Restaurant
restaurante
restaurantes
restaurants
Restaurants
resto
restoration
restore
Restore
RESTORE-online
RestReflect
restrict
_restricted
restricted
Restricted
restrictions
.restrictor
.restrictor.log
restrictor_log
.restrictor.php
restrito
result
Result
resultado
resultados
resultat
resultats
.results
results
Results
results1
results2
results3
results-b
ResultsCity
ResultsEvent
ResultsFlights
ResultsGeneral
ResultsHotels
ResultsTicket
ResultsVenue
resume
Resume
resume2
ResumeBlast
resumelist
resumen
resumes
Resumes
resumesearch
ResumeUpload
.resx
ret
retail
Retail
retailer
retailers
Retailers
retention
retire
retired
retirees
retirement
retour
retreat
retrieve
retrievecart
Retriever
retro
rets
return
Return
returnform
ReturnForm
returning
returnmail
return_mpay24
return_paypal
return-policy
return_policy
returnpolicy
returnPolicy
Return-Policy
ReturnPolicy
return_product
returns
Returns
returns_track
return_url
return_worldpay
retweet
reunion
reunions
reus
ReusableContent
reuse
reuters
rev
revacc
revamp
revamp1
revenda
revendeur
revendeurs
revenue
reverse
revert
review
Review
review-add
review_add
reviewadd
ReviewAdd
reviewazon
reviewcart
reviewcom
reviewer
reviewers
review_form
reviewhelpful
review_iframe
review_images
reviewit
ReviewNew
review_notice
review-order
ReviewOrder
review_popup
reviewpost
review-product
reviewproduct
reviewrank
reviewrate
_reviews
reviews
Reviews
reviews2
ReviewsList
reviews_write
reviewwebpage
revise
revised
revision
revisions
revista
revistas
revitol
revive
revolution
Revolution
revolver
revue
revue-de-presse
revues
reward
rewards
Rewards
rewards-program
rewrite
Rewrite
rex
reynolds
rez
rezensent
rezension
rezensionen
rezepte
rezervace
rezervare
rezerwacja
rezerwuj
rezultaty-poiska
rf
rfc
rfi
rfibs
rfid
rforum
rfp
RFP
rfp_create
rfp_create_local
rfq
RFQ
rfs
rg
rgo
rh
rhapsody
rheinland-pfalz
rhein-main
rhgscheckout1
rhino
rhinsure
rho
rhode-island
rhodeisland
Rhode_Island
rhodes
rhone
rhs
.rhtml
rhuk_milkyway
rhythm
ri
RI
ria
ribbon
ric
rice
ricerca
Ricerca
ricerche
ricetta
ricette
rich
richard
richardson
richedit
richmedia
richmond
Richmond
richpub
rick
Rick
rico
rid
riddles
ride
riders
rides
ri-fr
right
rightbar
rightcol
right_column
rightmenu
rights
rihanna
riley
rim
rimages
rimg
rimini
ring
rings
Rings
ringtone
ringtones
rio
rio-de-janeiro
rioja
riot-utils
rip
ripley
ris
ris_datalogs
riservata
riservato
risk
risorse
rispondi
ristoranti
risultati
rit
Rita
ritz
rivenditori
river
riverside
riviste
rizhi
rj
rk
rkrt
rl
RL
rlc
rle
rlm
rls
.rm
rm
RM
rma
RMA
rma-add
rmagic
rma-list
rmarc
rma_step1
rma_step2
rma_step3
rml_preview
rms
rn
rnb
rnd
rnews
rnlogs
rnr
RNS
ro
RO
road
roadmap
roadrunner
roads
roadshow
roadtests
Road-Transport
roaming
rob
robbins
robert
Robert
roberts
robertson
robes
robin
robinson
robo
robokassa
robot
ROBOT
robots
Robots
robots-old
robotstats
robot-trap
robottrap
robox
robson
rochester
rock
Rock
rocket
rockingham
rockstar
rockwell
rodape
rodeo
ro-gb
roger
rogers
rogue
roi
ROI
rokbox
rokdownloads
roland
role
roles
roll
rollback
roller
rollins
rollover
rollovers
rolodex
rom
Rom
roma
Roma
roman
romana
romance
romania
Romania
romanian
rome
Rome
ron
ronda
roof
roofing
RoofingIssues
room
roomdetails
rooms
roomsandsuites
roost
_root
root
Root
ROOT
roots
ror
rorentity
rorindex
rortopics
ros
rosa
rosario
rose
Rose
rose-gallery
rosegallery
roses
.roshani-gunewardene.com
ross
roster
Roster
rosters
rostock
rostov
rot
rota
rotary
rotate
Rotate
rotation
rotator
Rotator
rotators
RotatorWidget
roto
rotor
rotstat
roulette
round
roundcube
roundcubemail
roundtable
roundup
route
Route
router
routes
routines
routing
Routing
rover
row
RowDef
rowing
roxio
roxy
royal
royal-wedding
rp
RP
rpa
rpass
rpc
RPC2
rpc_relay
rpd
rpg
.rpm
rpm
rprtb
rps
rpt
rptBusinessGet
rptListings
rptListingsGet
rptPeople
rptPeopleGet
rpts
rpx
rq
rr
RR
rr_images
rrr
rrs
rs
RS
rsa
rsb
rsc
rsd
rsearch
rsl
rsm
rsp
rsrc
.rss
_rss
rss
Rss
RSS
rss1
rss_2
rss2
RSS2
rss20
rss2html
rssarticle
rssbox
rss_cache
rsscache
rsscb
rss_class
rss-comments
rsscomments
rss-feed
rss_feed
rssfeed
RssFeed
RssFeedHandler
rss-feeds
rss_feeds
rssfeeds
rssgooglefeed
rsshome
rsslib
rssm
rss-news
rss_news
rssnews
rss-parser
RSS_post_feed
rss_pricedrop
rss_products
rss_reader
rssreader
rss_redirect
rss-search
rsssearch
rsstest
rssthread
RSS_topic_feed
rsszone
rst
rsv
rsvp
RSVP
rsx
rt
RT
rta
RTA
rtb
rtc
rte
RTE
rte-snippets
.rtf
rtf
RTF
rtg
rti
rtl
rtm
rtq
rtr
rts
rtv
rtw
.ru
ru
RU
rub
rubberdoc
rubric
rubriche
rubrics
rubrik
rubrik2
rubrique
rubriques
ruby
Ruby
rudy
rueckruf
ruesselsheim
ru-gb
rugby
rugby-league
rugby-union
rugs
.ru.html
rule
ruler
rules
Rules
rum
rumor
rumours
.run
run
.Run.AdCode
rundreisen
runner
running
runsearch
runtime
Runtime
runway
rup
rural
ru-ru
ru-RU
ru_RU
RU-RU
rus
RUS
rush
russell
russia
Russia
russian
Russian
rutas
rute
RUTGERS
ruth
.ru-tov.html
rv
RV
rvs
rw
RW
Rwanda
rw_common
rx
ryan
Ryan
ryazan
rz
.s
_s
s
.S
S
s0
s01
s01_b
s01_pic
s01_rat
s0_data
s1
s1148
s123
s-2
s2
s2000
s2daddr
s2dbskt
s2dcomplete
s2dlogin
s2dpayment
s2drates
s2dship
s2dsummary
s2duser
s2s
s3
s4
S4
s5
S5
S5230
s6
S6
.s7
s-7
s7
s8
S8
sa
SA
saab
saas
sab
sablonok
sabre
sabrina
sac
sacramento
sacs
SACS
s_action
sad
sada
sadmin
sadokyoshitsu
saf
safari
Safari
safe
Safe
safebrowsing
safebuy
safedataframe
safedataredir
safeharbor
safe_include
saferpay
safes
safety
Safety
sag
saga
sage
sagem
sagittarius
sah
sailing
saint-martin
saints
sair
sait
saiyo
sakura
sal
salad
salamanca
salaries
salary
Salary
salas
sale
Sale
SALE
salem
salert
sales
Sales
salesbarn
sales_basket
sales_comment
salesflyer
sales_force
salesforce
Salesforce
sales-history
sales-marketing
salespage
salesperson
salesrep
SalesReps
sales-services
salessupport
salestax
salestools
salida
salinas
salir
salmon
salomon
salon
salons
saloon
salsa
salt
salta
salud
salut
salute
salvapantallas
salvataggi
salve
salzburg
sam
Sam
samantha
samara
same
sametime
SametimeApplet
sami
Samoa
samp
.sample
_sample
sample
Sample
sample01
sample1
sample2
Sample2
sample3
sampleform
sample-forms
sample_images
SampleNewsletter
sample-page
sample_pages
sampler
samplereports
samplers
.samples
_samples
samples
Samples
SAMPLES
samplesite
sams
samsonite
samsung
Samsung
samswhois
samurai
san
San
san-antonio
sanantonio
sanctuary
sand
Sand
sandals
_sandbox
sandbox
Sandbox
SandBox
SANDBOX
sandeep
sanders
san-diego
sandiego
SanDiego
sandpit
sandra
sandtrap
sandwich
sanfernando
san-francisco
sanfrancisco
sangha
san-jose
sanjose
sanjuan
sanmateo
sanrafael
santa
Santa
santa-barbara
santa-cruz
santacruz
santamaria
santana
santander
santa-rosa
sante
santehnika
santiago
santorini
sanuk
sanvalentin
sao
sao-paulo
sap
SAP
sapacc
sapAfterlogin
sape
sapi
saporder
saporders
sapphire
sapporo
saprow
sar
sara
sarah
Sarah
saratoga
saratov
sardegna
sars
sas
sasdk
sasno
sassari
sasse
sat
satellite
Satellite
satellites
satisfaction
saturn
Saturn
sauces
saude
saudi-arabia
sauna
sauv
sauve
sauvegarde
sauvegardes
.sav
_sav
sav
savage
savannah
.save
_save
save
Save
SAVE
savecart
saved
Saved
savedcart
saved_listings
savedsearch
saved_searches
savedsearches
saved-software
SaveFitmentCmd
saveforlater
SaveForLater
savejob
savelanguage
savelanguage2
save_listing
savemulti
savenow
save_order
save_property
saves
save_search
savesearch
saveSearch
SaveSearchHandler
savetentedit
SaveToHomeFile
saving
savings
savona
saw
sawmill
sax
say
sayac
sayama
say-hello
sb
SB
sba
sbc
sbconf
sbd
sbe
sbg
sbi
sbin
sblogin
sbm
sbo
_sbox
sbox
sbr
sbs
sbt
sb-zptqarml
sc
SC
sc2
sca
scache
scaffolding
scal
scale
scales
scan
scanner
scanners
scanning
scans
scarecrow
scarica
s-cart
scart
.scc
scc
scd
scenario
scene
scenery
Scenery
scenes
Scenes
scenic
scgi-bin
sch
sched
scheda
schedaazienda
scheda_prodotto
schedmtg
schedule
Schedule
scheduled
Scheduled
scheduled_tasks
scheduledtasks
scheduledTasks
ScheduledTasks
scheduler
Scheduler
schedules
Schedules
scheduling
schema
Schema
schemas
Schemas
schematics
Schematics
scheme
schemes
schet
schmidt
schmuck
schnaeppchen
schneider
schnellsuche
scholar
scholars
scholarship
scholarships
school
School
school-news
school-reports
schools
Schools
schowek
schranka
schreiben
schule
schulung
Schulung
schwab
schweiz
sci
science
Science
sciences
scientific
scifi
sc_images
scimages
sc_infodir
scion
scipts
scj
scjwebmaster
scl
scm
SCM
scma
scms
scn
scom
scontrol
scoop
scopbin
scope
scopus
score
Score
scoreboard
scorecard
scores
scoring
scorpio
scotland
Scotland
scotlandcashback
scotmail
scott
Scott
scottish-news
scottsdale
scout
Scout
scouts
scp
SCP
scpages
_scr
scr
scrabble
scrap
scrapbook
Scrapbook
scrape
scraper
ScrapExec
scratch
scratch_pad
screen
screencast
screencasts
screener
screens
screensaver
screensavers
screenshot
screenshots
Screenshots
scribble
scribe
scrip
scrips
_script
script
Script
SCRIPT
script2
scriptaculous
scriptconf
ScriptContent
scripte
ScriptFunctions
scripthandlers
scripting
_scriptlibrary
script_library
scriptlibrary
_ScriptLibrary
ScriptLibrary
scriptresource
ScriptResource
.scripts
_scripts
scripts
_Scripts
Scripts
SCRIPTS
scripts1
scripts2
scripts-cart32
ScriptServlet
_scriptsGlobal
ScriptTags
script-www
scripty
scritps
scrivener
scroll
scrollbar
scroller
Scroller
scrollers
scrolling
scrolls
scrpt
scs
scstore
sct
sculpture
scuttle
scw
sd
SD
sda
sdata
.sdb
sdb
sdc
sdd
sde
sdf
sdk
SDK
sdmenu
sdo
sdp
sds
sdx
.se
se
Se
SE
.sea
sea
seach
seafood
seagate
seal
.seam
sean
sear
.search
.search.
_search
search
search_
_Search
Search
SEARCH
search-1
search1
search123
search-2
search2
Search2
search2000
search-3
search3
search4
search5
search97cgi
searchaction
search_admin
searchadv
search-advanced
search_advanced
searchadvanced
searchagent
search-all
search_all
searchall
search-alumni
search_article
searchbar
search_box
searchbox
searchboxes
_search_cache
searchcache
SearchCenter
searchcode
search_config
searchdata
search_db
searchdb
search_designs
searchdetail
searchedit
search-en
search-engine
search_engine
searchengine
searchEngine
SearchEngine
search-engines
search_engines
searchengines
searcher
searches
search_files
searchfiles
SearchFlights
search-form
search_form
searchform
searchForm
search-form-js
search_forum
searchFriend
searchg
search_google
searchgoogle
searchhandler
searchHandler
searchhelp
searchhints
searchhistory
search_home
search_hotel
searchHotels
.search.htm
search_index
searchindex
SearchIndex
searching
searchit
searchitem
searchjobs
searchKeyword
searchlink
searchlist
search-listing
searchlog
searchlogs
searchmap
search_media
search_member
searchmods
search_new
searchnew
searchnx
search_old
searchold
search-our-site
searchpage
SearchPage
search_pages
searchpath
search_people
searchPeople
.search.php
searchpreview
search_print
searchpro
search_prod
searchprods
search_product
search_products
searchproducts
searchprofile
search_quick
searchr
searchreport
search_res
searchres
search-result
search_result
searchresult
searchResult
SearchResult
search-results
search_results
searchresults
searchResults
Searchresults
Search-Results
Search_Results
SearchResults
search_rss
searchs
searchscript
SearchServices
search_simple
search-site
search_site
searchsite
search_suggest
searchsuggest
searchSuggest
search_template
search_templates
searchterms
search_test
searchtest
search_text
search-this-site
search_tips
searchtips
searchtools
searchtools-rss
searchtour
searchurl
search_user
search-users
SearchView
searchweb
searchx
search_xml
sears
season
seasonal
seasons
Seasons
seasonsgreetings
seat
seating
seatingchart
seattle
seattle-vehicle
seaworld
seb
sebastian
.sec
sec
seccion
secciones
seccode
sec_id
second
secondary
secondhand
second-love-nl3
seconds
secpay
secret
Secret
secretaria
secrets
Secrets
section
Section
section-blog
SectionControls
section-detail
sectionlist
SectionList
sections
Sections
sector
sectors
secur
_secure
secure
Secure
SECURE
secure1
secure2
secureadmin
securearea
secureauth
secure-bin
secure_buy
secure-checkout
securecheckout
securecode
secured
Secured
SecuredContent
securedir
secure_download
securefiles
SecureFiles
secure_form
secureform
secure_html
secureimage
securelink
secure_login
securemail
secureorder
securepay
secure-payment
secureprocess
Secure_Server
secure-shopping
secureshopping
secureSimpleApp
securimage
securimage_show
securite
securities
_security
security
Security
security2
securityimage
security_images
security-roles
sed
see
seed
seeds
seek
seeker
seekers
seen
sef
seg
se-gb
segment
segnala
segnala-abuso
segovia
seguimiento
seguranca
seguridad
seguro
seguros
seite
seite-empfehlen
seite_empfehlen
seiten
Seiten
seite_versenden
sejour
sejours
sekret
seks
sel
seladdr
seleccion
select
Select
selectaddress
SelectBox
select_category
select_city
selected
selectFeature
selection
selections
selector
SelectStoresCmd
selenium
selezione
self
selfcare
self_service
selfservice
self-study
sell
Sell
sella
seller
Seller
sellers
selling
selling-homes
selo
selshipmulti
selva
sem
SEM
sem2
.sema
semaine
semana
semanasanta
sem-categoria
semiconductor
seminar
Seminar
seminare
Seminare
seminars
Seminars
seminary
sen
senas
senate
send
Send
send2
send2friend
send-a-friend
sendafriend
sendamessage
send-app-form
sendarticle
send-a-story
sendbanner
sendbinary
sendcard
sendcomment
sendcontact
send_coupon
senddocument
sendeail
send-email
send_email
sendemail
sendEmail
SendEmail
sendEntity
sender
send-feedback
sendfile
send_form
sendform
send_form_email
send-friend
send_friend
sendfriend
sendFriend
sendinfo
sendit
send_link
sendlink
sendlogin
send-mail
send_mail
sendmail
sendMail
Sendmail
SendMail
sendmail2
send-message
send_message
sendmessage
sendMessage
SendMessage
sendmsg
sendnews
send_newsletter
send_order
sendorder
send_page
sendpage
send_pass
sendpass
send-password
send_password
sendpassword
sendPassword
SendPassword
send_passwordkey
sendpm
sendpmsg
send_post
sendprivate
send_pushmessage
send_pwd
sendpwd
sendreply
sendSearch
send_sms
sendsms
sendSms
sendstory
sendStory
sendstudio
sendstudionx
sendthread
SendTip
send-to
sendto
send-to-a-friend
sendtoafriend
sendToAFriend
SendToAFriend
.sendtoafriendform
send_to_email
sendto_form
send-to-friend
send_to_friend
sendtofriend
sendToFriend
SendToFriend
sendToMobile
send_to_phone
sendtopic
sendungen
sendwishlist
send-your-story
senha
senior
Senior
seniors
seno
senseo
sent
sentinel
sentinelle
sentry
seo
_SEO
SEO
seoadmin
seo-articles
seo-blog
seoblog
seobook
seo-company
seoelite
seo-forum
seo-packages
seopanel
seoplink
seo_reports
seo-services
seo_sitemap
seotest
seo-tips
seotoolkit
seo-tools
seotools
sep
sepet
sepia
sept
september
September
september2008
september-2010
sequences
sequr
sequr2
.ser
ser
serbia
serch
serch1
serena
serendipity
sergio
serial
serialized
serials
serie
series
Series
sermons
Sermons
serps
serra
serv
serve
.server
_server
server
Server
server1
server2
ServerControls
server-error
server_error
servererror
ServerError
server_errors
server-images
server-info
server_info
serverinfo
servers
Servers
serversecure
ServerSnips
server-status
serverstatus
servertime
serveur
_service
service
Service
service_center
servicecenter
servicecenters
service_dateien
ServiceHilfe
ServiceInterface
serviceLecteur
ServiceRFP
_services
services
_Services
Services
SERVICES
services_support
servicio
servicios
Servicios
servicos
servis
servizi
Servizi
servizio
servlet
servlets
serwis
ses
SES
sesame
sesion
sess
.session
session
Session
sessionexpire
session_expired
sessionhandler
sessionid
sessionmonger
sessions
Sessions
.session-start
sessiontimeout
session-update
sesv-myoffice
set
Set
setCfgECText
setcookie
setcurrency
setFeature
seth
SetInManager
set-kl
setlang
set_language
setlanguage
SetLanguage
setlib
setlocale
setlocation
set-mt
set-mts
setnewsprefs
setopic
setpermissions1
setprefs
setregion
sets
setsession
_setsiteCookie
settemplate
setting
.settings
settings
Settings
Settings_bak
.settings.php
settlement
settlements
set-tm
.setup
_setup
setup
Setup
SetUp
setup-config
setupLinks
setup_login
setuser
setvatsetting
seven
sevilla
seville
sewing
sex
Sex
sexe
sexo
sexshop
sex-toys
sexual
sexy
sexybookmarks
sexyimages
seychelles
seyret
seyretfiles
sezione
seznam
sf
SF
sfa
Sfa
sfaddons
sfdc
sfDoctrinePlugin
sfdstyle
sfi
sfiles
sfl
sflib
SFLib
sfondi
sforum
sfp
sfPropelPlugin
sfs
sfTemplate
sfupload
sfxoutsider
sg
SG
sga
sgb
sgc
sgi
sgl
sgml
sgr
sgs
.sh
sh
sha
shablon
shade
shades
shadow
shadowbox
shakeit
shaken
shaman
shandong
shanghai
shannon
shape
_share
share
Share
share42
shareasale
_shared
shared
Shared
shared_assets
shared-content
shared_content
SharedControls
SharedDocs
shared_files
sharedfiles
shared_gfx
shared_images
sharedimages
shared_js
SharedPages
shared-resources
SharedSSL
_sharedtemplates
sharedtemplates
shareelogin
shareereg
shareholders
shareit
sharepage
sharepoint
SharePoint
sharer
shares
share-this
sharethis
sharethispopupv2
ShareThoughts
share_video
shareware
sharing
sharks
sharon
sharp
shaw
shaws
shc
shcart
sheet
sheetmusic
sheets
Sheets
shejifangeditor
shelby
sheldon
shelf
shell
Shell
shells
shema
shen
shenghuo
shequ
sheridan
sheriff
Sheriff
sherlock
sherry
shia
shifen
shift
shiga
shikaigyo
shine
shineweek
shinjyukuku
ship
shipaddr
shipcalc
shipcalculator
shipcost
shipcostlast
shipin
shiplabel
shipment
shipmeth
shipmod
shipped
shipping
Shipping
shipping_help
shipping_info
shippinginfo
shippingInfo
ShippingInfo
ShippingOptions
shipping-policy
shipping_policy
shipping-rates
shipping_rates
shipping-returns
shippings
shipquote
ships
Ships
shipto
shipworks
shipworks2
shipworksblp
shirt
shirts
shit
shlib
shock
shockwave
shodoschool
shoes
Shoes
shooting
.shop
_shop
shop
Shop
SHOP
Shop01
Shop02
Shop03
Shop04
Shop05
Shop06
Shop07
Shop08
Shop09
shop1
Shop10
Shop11
Shop12
Shop13
Shop14
Shop15
Shop16
Shop17
Shop18
Shop19
shop2
Shop20
shop3
shopad
shopaddtocart
shop_admin
shopadmin
shopadmin1
shopaff
shop_banner
shop-bin
shopby
shop_by_price
shopbyvehicle
ShopByVehicle
shop_cart
shopcart
shopCart
ShopCart
shop-checkout
shopcheckout
shop_closed
shop_content
shopcontent
shopcreateorder
shopcurrency
shopcustadmin
shopcustcontact
shopcustomer
shopdata
shopemptycart
shoperror
shopex
shopexd
shopfront
shop_image
shopimages
shop_info
shopinfo
shoping
shoping-cart
shoplist
shopmaillist
shopmailpwd
shopnews
shop_old
shoporders
shoppage
shoppe
shopper
shopper_lookup
shoppers
shopping
Shopping
shopping2
shopping-bag
shoppingbag
Shopping_Bag
ShoppingBag
shopping-basket
shopping_basket
shoppingbasket
ShoppingBasket
shopping-cart
shopping_cart
shoppingcart
shoppingCart
Shoppingcart
Shopping-Cart
Shopping_Cart
ShoppingCart
ShoppingCarts
shoppinglist
shopping-lists
shopquery
shopquestion
shopreviewadd
shopreviewlist
shoprmalist
shops
shopsavecart
shopsaveperm
shops_buyaction
shop_search
shopsearch
shopsite
shopsite-images
shopsite_sc
shopstat
shopstatus
shopsync
shopsys
ShopSys
shoptellafriend
shop_test
shoptest
shopthanks
shopurl
shopware
shopzilla
short
short-courses
shortcut
Shortcut
shortcuts
ShortLinks
shortlist
shortlistadd
shortlistAdd
shortlistremove
shortlistRemove
shortlistShow
shorts
shortstat
shorturl
shorty
shot
shots
shouji
should
shout
shoutbox
shoutBox
shoutbox_max
shoutbox_view
shoutcast
shouts
.show
show
Show
show2
showaboutus
showad
showAd
ShowAd
showall
ShowAll
showApplication
showarticle
ShowArticle
showbadlinks
showbanner
showbasket
showbiz
showbiz-news
showblog
show_cart
showcart
showCart
ShowCart
showcase
showcases
show_cat
showcat
show_cat2
showcategory
ShowClass
show_code
showcomment
showcomments
showcomp
ShowCopyFrom
showdata
showday
showdetails
showdown
showemail
shower
showerr
showevent
show_fax
showfile
show_fine
showflat
ShowForum
showframe
showfull
showgallery
showgames
showgoods
showgroups
showheadstone
showhistory
show_image
showimage
showImage
ShowImage
show_images
showimages
show_img
showimg
showinfo
showing
showit
showitem
ShowKey
show_link
showlink
showlinks
showlog
show_mail
showmap
ShowMap
showmembers
showmessage
ShowMessage
show_news
shownews
show_oben
showorder
showordersn
show_page
showpage
show_phone
showphoto
showpic
show_post
showpost
ShowPost
showprod
showproduct
ShowProducts
showprofile
showProfile
showreel
showrepo
showreport
showresults
showroom
Showroom
shows
Shows
showsearch
showsell
showsource
show_stats
showtb
showteam
showthread
ShowThread
showthreaded
showthumb
showtimes
showtopic
showtree
showurl
showuser
ShowUser
show_video
showvideo
shp
shr
shrek
shrek3
Shrewsbury
shs
.shtm
.shtml
shtml
shuffle
shutdown
shutter-reloaded
shuttle
si
SI
sia
sic
sicher
sicherheit
Sicherheit
sicherung
sicilia
sicurezza
sid
SID
side
side_bar
sidebar
SideBar
sidebar_ads
sidebars
side-dishes
sidemenu
SideMenu
sider
sides
sidewiki
siding
siemens
Siemens
siena
sierra
sifr
sIFR
sifr3
sig
SIG
sight
sights
sightseeing
sigma
sign
Sign
signage
signal
signaler
signals
signatur
signature
Signature
signaturepics
signatures
signatureuploads
sign-in
sign_in
signin
signIn
Signin
Sign-In
SignIn
Signln
signon
sign-out
sign_out
signout
Signout
Sign-Out
SignOut
signs
Signs
sign-up
sign_up
signup
signUp
Signup
SignUp
signup1
signup2
signupform
signups
sigs
siirry
silent
silo
silva
silver
Silver
silverlight
silvia
sim
sima
simages
simbolos
simei
simg
similar
similars
simmons
simon
simple
Simple
simplecache
simple_captcha
simple-forum
simplepie
simplesaml
simple_search
simpletest
simpleviewer
.simplexml-load-file
simpson
sims
simulador
simuladores
simulation
simulator
sin
sina
sinc
s_index
sindicacion
sinema
singapore
Singapore
singer
single
singleApp
single_page
singlepage
single_pages
singles
single-sided
sio
sip
Siphon
sips
.sis
_sis
sis
sist
sistem
sistema
Sistema
sistemas
sistemazioni
sisu
.sit
sit
.site
_site
site
Site
SITE
site1
site10
site2
site2009
site2010
site3
site5
site6
site72
_siteadmin
site-admin
site_admin
siteadmin
siteAdmin
Site_Admin
SiteAdmin
site_antigo
siteantigo
siteassist_css
site_backup
sitebackup
sitebuilder
sitecheck
sitechecker
site-config
siteconfig
SiteConfig
sitecontent
SiteContent
sitecontrol
sitecore
Sitecore
sitecore_files
sitecrm
SiteCrypt
sitedata
sitedesign
sitedev
site_down
sitedown
SiteEdit
SiteElements
siteerror
siteError
SiteError
site-feedback
site_files
sitefiles
siteFiles
SiteFiles
sitefinity
Sitefinity
site_flash
SITEFORUM
siteframe
sitegen
SiteGen
SiteGlobals
site_graphics
sitegraphics
site-help
site_hist
site-images
site_images
siteimages
siteImages
SiteImages
site_img
siteimg
site_inc
siteindex
SiteIndex
site-info
site_info
siteinfo
sitelets
sitelink
site-log
SiteLog
site_login
sitelogin
Sitelogin
SiteloginMgr
sitelogs
sitemaker
sitemaketool
siteman
sitemanage
site-management
sitemanagement
Site-Management
Site_Management
site_manager
sitemanager
siteManager
Sitemanager
SiteManager
sitemanager2
.sitemap
_sitemap
site-map
site_map
sitemap
siteMap
Sitemap
Site_Map
SiteMap
sitemap1
sitemap2
sitemap3
sitemap_baidu
sitemapdotnet
SiteMapdotNet
sitemap-gen
sitemap_gen
sitemapgen
sitemap_gen-1
sitemapgenerator
SitemapGenerator
sitemaphtml
sitemap-index
sitemap_index
sitemapindex
sitemap-old
sitemap_old
sitemapper
sitemapproducts
sitemaps
Sitemaps
SiteMaps
sitemap-test
sitemap_test
sitemap_users
.sitemap.xml
sitemap_xml
sitemapxml
sitemapxml-old
site-media
site_media
sitemedia
site_menu
sitemenu
sitemgr
site_name
site-news
site_news
sitenews
siteobjects
SiteOffice
site_old
siteopt
sitepages
sitepics
site-policies
sitepreview
siterefer
site-remote
_sites
sites
Sites
site-search
site_search
sitesearch
SiteSearch
SiteServer
site-settings
site_settings
SiteSettings
SiteSnagger
SiteSpeed
site-stats
site_stats
sitestats
Site_Sync
sitetemplate
site-test
site_test
sitetest
sitetools
site_trailers
site-transfer
siteunder
SiteUrls
sitewide
site-wizard
siteworks
sitges
siti
sitio
sitios
sito
sitoweb
.sitx
siuk-myoffice
sivut
six
sixcms
size
size-chart
size_chart
sizechart
sizecharts
size-guide
sizes
sizing
sj
sjb
sjc
sk
SK
ska
skabeloner
skachat
skate
skel
skeleton
sketch
sketchbook
ski
skidki
ski-holidays
skiing
skill
skills
skimain
skimain_gb
skimain_gr
skin
Skin
skin_1
skin1
skin1_images
skin1_original
skin_2
skin_3
skin_acp
skin_backup
skin_cache
skin-care
skincare
skin_default
skinpreviews
skins
.Skins
Skins
skins_dev
skins_original
skin_swap
SkinWidgets
skip
skiprint
sklad
sklep
sko
skoda
skript
skripte
Skripte
skrypty
sksk-myoffice
sku
sky
skybroadband
skybroadband1
skyeurope
skynet
skype
skyscraper
sl
SL
sla
slabel
slash
slate
slave
slc
SLDSystem
sleep
Sleuth
slice
sliced
slices
slide
Slide
slide1
slide2
slider
Slider
sliders
slides
Slides
slide_show
slideshow
slideShow
Slideshow
Slide-Show
SlideShow
slideshow2
slideshowpro
slideshows
SlideShows
slideup
slike
Slike
Slim10
slimbox
slimstat
sling
slink
slip
slm
.sln
slogin_account
slogout
slot
sloth_admin
sloth_data
sloth_toplist
sloth_webmaster
slots
slovakia
slovenia
slow
slp
slpw
sls
slt
SlurpConfirm404
sluzby
sm
SM
sm1
sma
smail
small
Small
small-business
small_business
smallbusiness
small_image
smallimg
smallprint
smap
smaptmpl
smart
Smart
smarteditscripts
smartfaq
smartfeed
smartfeed_url
smarthtml
smartmoney
smartoptimizer
smartphone
smartphones
smartsection
smartsite
smartstart
smartway
_smarty
smarty
Smarty
Smarty-2
smarty_cache
smarty_config
smarty_libs
smarty_plugins
smarty_templates
smb
smc
SMC
smd
sme
SME
smedia
smf
SMF
smf2
smfile
smf_images_url
smfolder
smf_scripturl
smg
smgenerator
.smi
smi
.smil
smile
smiles
smiley
.smileys
smileys
Smileys
smilies
smimg
smith
Smith
smiths
smjestaj
sml
smm
smo
smoke
smoking
smolensk
smp
smplayers
smpro
smresults
sms
Sms
SMS
smschat
sms_gateway
sms_vip
smt
.smtp
smtp
.smtp.php
smxp
sn
SN
sna
snacks
snap
snaps
snapshot
snapshots
snd
sneakpeek
sneaky
snews
sng
sniffer
snip
sniper
snippet
Snippet
snippetmaster
snippets
Snippets
snipplets
snips
snooker
snoop
snoopy
snow
snowboard
snowy
snp
sns
so
SO
soa
SOA
soap
SOAP
soapbox
soaps
soar
soba
sobi2
sobi2_downloads
sobre
sobre-nosotros
soc
socal
soccer
Soccer
sochi
sociable
_social
social
Social
socialbookmark
social-media
socialmedia
SocialMedia
social-network
socialnetwork
social-networks
societe
societies
society
Society
sociology
socios
socks
soe
soeditor
soeg
soegning
soek
soft
Soft
softball
SoftCart
softdown
softimg
softs
software
Software
softwaremap
softwares
soglashenie
sogo
sohbet
soho
sohoadmin
soi
SoilsReport
sok
Sok
sokresultat
sol
solar
Solar
sold
soldes
sole
solicitors
solicitud
solid
solidwaste
solitaire
solo
solr
solstice
solution
Solution
solutions
Solutions
solve
solved
som
some
somerset
sommaire
sommer
son
sonar
sonda
sondage
sondages
sondaggi
sondaggio
sondaj
sonderangebote
song
songs
sonic
sonidos
sonmesajlar
sonneries
sonnik
sonota
sons
sonstige
sonstiges
sonuc
sony
Sony
sonyericsson
soon
soontobe404
sop
sophia
sophos
soporte
sor
sorry
Sorry
sort
sort3
sort4
sortby
sortie
sorties
sortiment
sorting
sos
sosabook
so_settings
soso
sou
soubory
soul
soumission
sound
Sound
soundclips
sound_files
soundfiles
soundings
soundmanager
soundoff
sounds
Sounds
soup
soups
_source
source
Source
sourcecode
source_files
sourcefiles
SourceFiles
sources
Sources
SourceTemplates
sourcing
sousMenus
sousMenus_ang
sout
soutez
south
South
south-africa
southafrica
South-Africa
south-america
southampton
south-carolina
southcarolina
South-Carolina
South_Carolina
south-dakota
southdakota
South-Dakota
South_Dakota
southeast
southern
south-korea
southport
southwest
souvenir
soverview
sovet
sovety
sozai
.sp
sp
SP
sp1
sp2
spa
space
Space
spacer
spaces
space-uid
space-username
spain
Spain
spalding
spam
Spam
spam1
.spamassassin
spamassassin
spamlog
spamtrap
spam_vaccine
span
spanel
spanien
spanish
Spanish
spanish-english
SpankBot
spanking
spanner
spare
sparen
spares
spark
sparkle
spas
spasibo
spaw
spaw2
spb
spc
spd
spe
speak
speaker
speakers
speakersbureau
speakers_corner
speaking
spec
spec2
_special
special
_Special
Special
SPECIAL
special2
special3
speciale
special-events
special_events
specialevents
SpecialEvents
special-features
specialfeatures
SpecialFeatures
speciali
specialist
specialized
specialneeds
special-offer
special_offer
specialoffer
SpecialOffer
special-offers
special_offers
specialoffers
Special-Offers
SpecialOffers
special_pages
SpecialPages
specialparms
special-reports
specialreports
specials
Specials
specialties
specialty
Specialty
species
specific
specification
specifications
specified
specs
spectra
spectrum
speech
speeches
speed
Speed
speedorder
speed-test
speedtest
spel
spell
spell_check
spellcheck
spellchecker
speller
spelling
spells
spencer
spenden
sperme
spezial
spf
sph
sphere
sphider
sphider-1
sphinx
sphome
spice
spices
spider
Spider
spiderhunt
spiderman
spiders
spider-trap
spidertrap
SpiderTrap
spiegel
spiele
Spiele
spielen
spielwiese
spill
spin
spine
spinner
spip
spiral
spirit
Spirit
spiritual
Spiritual
spirituality
Spirituality
spisok
spl
_splash
splash
Splash
splashpage
split
splittopics
spm
spn
spo
spoff
spon
_sponsor
sponsor
sponsored
sponsored-links
sponsoredlinks
sponsoren
sponsoring
sponsorpop
sponsors
.Sponsors
Sponsors
sponsorship
Sponsorship
sponsorships
SponsorSites
spool
spor
sport
Sport
sporting-events
sport-news
sports
Sports
sports-betting
sportsbook
sportscapping
sports-products
spot
spotlight
spotlights
spots
spp
spplus
spr
sprache
sprachen
spravka
sprea
spread
spread-betting
spreads
spreadsheet
Spreadsheet
spreadsheets
spring
Spring
springboard
springfield
sprint
sprint_wml
sprint_xhtml
spritegen
sprites
spros
spry
Spry
SpryAssests
spryassets
spryAssets
SpryAssets
sps
spt
spv2
spy
spyware
sq
.sql
_sql
sql
Sql
SQL
sqladmin
sqlbackup
sqlbuddy
sqldump
.sql.gz
SQLScripts
sqltest
SQLyogTunnel
sqmail
.sqmailattach
.sqmaildata
squ
square
squared
squares
squash
squeeze
squelettes
squelettes_c
squelettes-dist
.squery
squid
squidoo
squirrel
squirrelcart
squirrelmail
squirrelmail-1
sr
SR
srb
.src
_src
src
srch
srchadm
sre
sreach
sri
sri-lanka
srilanka
srp
srs
srss
srsverify
srt
.srv
srv
srvs
ss
SS
ssa
ssb
ssc
ssd
ssDynamicProduct
sse
.ssf
ssfm
ssg
.ssh
ssh
.ssi
_ssi
ssi
SSI
ssi_examples
ssilki
ssimages
ssi_pl
ssis
ssi_templates
ssl
SSL
ssl-certificate
ssl_check
ssltest
ssm
ssmItems
ssn
sso
SSO
ssop
ssOrderManager
ssp
sspadmin
ssp_director
ssr
sss
SSS
sst
sswadmin
sswimage
sswthemes
ssylki
_st
st
St
ST
st1
st2
sta
stable
stack
stad
stadium
stadt
stadtplan
stadtteile
_staff
staff
Staff
staff1
staff2
staffblog
staff_directory
staffdirectory
staff_display
staffing
staff-login
staff-only
staffonly
stafford
staffordshire
staffweb
stage
stage1
stage2
stage3
staged
stages
_staging
staging
Staging
STAGING
staging2
stale
stalker
stallions
stamp
stampa
Stampa
stampe
stamps
stan
stand
standalone
standard
Standard
standards
standart
standby
standing
standings
standorte
Standorte
stanford
Stanford
stanley
staples
star
starhub
star_rating
stars
starsol
starspeak
stars-rate
stars_rate
.start
start
Start
start_cache
start_cache1
startcheck
startcheck2
startclient
start-download
startengine_db
starter
StarterApps
StartHelp
starting
startpage
startpagina
startrek
startrow
starts
startseite
Startseite
startup
star-wars
starwars
starwood
stash
.stat
_stat
stat
Stat
stat1
stat2
statcounter
statcountex
stat_details
statdir
state
State
statefarm
StateList
statement
statements
state_profiles
states
States
states_reg
state_wire
stathistory
stati
.static
_static
static
Static
STATIC
static2
static_content
StaticContent
static_files
staticfiles
staticFiles
static_fragment
statichome
static_html
StaticHtml
static_images
staticmap
staticpage
staticPage
static_pages
staticpages
StaticPages
statics
station
stationary
stationery
Stationery
stations
statis
statisch
statistic
statistica
statistiche
statistici
_statistics
statistics
Statistics
statistik
Statistik
statistika
statistiken
statistiky
statistiques
statisztika
statit4
statji
stat_modules
.stats
_stats
stats
Stats
STATS
stats1
stats2
stats3
stats_back
stats_detail
statse
statsFree
statshistory
stats_images
stats_mod
stats-old
stats_old
stats_OLD
stats_script
.status
status
Status
STATUS
status2
statuses
statweb
statyi
statystyka
statystyki
statz
stavropol
stay
stay_informed
stay_out
stb
stc
stcode
std
stdCache
stdown
.ste
stealth
steel
steering
stefan
steffrect
stella
stellen
stellenangebote
Stellenangebote
stellenmarkt
stellensuche
stellent
step
step_1
step1
Step1
step-2
step_2
step2
step_3
step3
step_4
step4
step_5
step5
step6
steph
stephanie
Stephanie
stephen
stephens
steps
sterling
stern
stest
steve
Steve
stevens
stewardship
stewart
stewarttitle
stf
stg
stichwort
stick
sticker
stickers
stickies
sticky
stickymail
stile
stili
Still
stills
stilo
stimulus
stiri
stk
stl
stlouis
.stm
stm
stm31
stmap
stmenu
sto
stock
Stock
stock-alert
stockarea
stockholm
stockmusic
stock_notify
stock_photos
stockphotos
stockquote
stocks
stockton
stolen
stomp
stomper
stomperfull
stompertrial
stompervideo
stone
stoneedge
stones
stop
Stop-Google
stopic
_storage
storage
Storage
.store
store
Store
STORE
store1
store2
store3
store-admin
storeadmin
store-callback
store-closed
store_closed
StoreClosed
store-cms
store-contact
StoreCustomer
stored
storedata
storedetail
store_dev
store-directbuy
store_display
store-faq-info
store-faqs
store_files
storefinder
.storefront
storefront
Storefront
StoreFront
store-gift-faq
store-gift-send
store-guestbook
store_images
storeimages
store-links
store_locations
store-locator
store_locator
storelocator
StoreLocator
storemaker
StoreMgr
store-news
store-news-info
store-old
store_old
storeold
store-pdf-info
StorePickupCmd
storepics
store_pictures
storepolicies
store-polls
store-products
store-purchase
store-reviews
stores
Stores
store-search
store_site
store_sitemap
_store_taf
store_templates
storetest
storia
storico
stories
Stories
storm
stormwater
story
Story
story2
story-print
stow
stp
st_patricks_day
stp_conv
stp_current
stp_feedback
stp_first-time
stp_help
stp_load
stp_new
stp_remove
stp_setup
stp_testing
str
strack
straightstream
strasbourg
strat
strata
strategic
strategic_plan
strategicplan
strategies
strategy
strawberry
stream
Stream
stream_file
stream_image
streaming
Streaming
StreamingMedia
streamlight
streamrotator
streams
street
Street
streetmap
streets
streetview
stress
stretch
string
StringResources
stripe
stripes
stripper
strips
stroitelstvo
stroke
strom
strona
strony
stroy
stroyka
.strpos
structure
Structure
Structures
struktur
strumenti
struts
struttura
strutture
sts
stsearch
stst
stt
stu
stuart
stubs
stud
student
Student
student_affairs
studentaffairs
studenten
studenti
student-life
student_life
studentlife
studentlogin
students
Students
student_services
studentservices
studies
Studies
studio
Studio
studios
studium
study
Study
studyabroad
studying
stuff
Stuff
stumble
stuttgart
stw
stxt
sty
_style
style
Style
STYLE
style1
style2
style3
style4
style5
style_avatars
style_captcha
style_css
styleedit
style_emoticons
StyleGallery
style-guide
styleguide
StyleGuide
style_images
_styles
styles
_Styles
Styles
STYLES
styles1
styles2
stylesheet
Stylesheet
StyleSheet
stylesheet2
_stylesheets
style_sheets
stylesheets
styleSheets
Stylesheets
StyleSheets
StyleSheetWidget
styles_scripts
styles-site
styling
stylish
styly
su
_sub
sub
sub1
subadmin
subaru
Subaru
subastas
subcat
subcategories
sub-category
sub_category
subcategory
SubCategory
subcats
subcription
subcriptions
subdir
subdirectory
subdom
subdomain
subdomains
subform
subindex
subinfo
subir
subject
subjects
submenu
submenucontents
submenus
submission
Submission
submissions
Submissions
.submit
submit
Submit
submit2
submit-article
submit_article
submitarticle
submitarticles
submitcomment
submitcontact
submit_email
submitemail
submit-form
submit_form
submitform
submitlink
submit-news
submitnews
Submit_News
submitok
Submit-OK2
submitorder
submit-resume
submit-review
submit_review
submitreview
submitReview
SubmitReview
submit-site
submit_site
submitsite
submit_sponsor
submitted
submitter
submitticket
submiturl
submodal
subnav
suborders
subpage
subpages
subreply
subs
Subs
subscr
.subscribe
subscribe
Subscribe
subscribe2
subscribed
subscribe_ewsi
subscribeform
subscribeme
subscriber
Subscriber
subscribers
Subscribers
subscription
Subscription
subscriptions
Subscriptions
subscr_list
subscrption
subSilver
subsite
subsites
subst
subtitles
suburbs
subversion
subway
suc
succeed
success
Success
success2
successful
success-stories
success_stories
sucesso
suche
Suche
suchen
Suchen
such-ergebnis
suchergebnis
Suchergebnis
suchergebnisse
suchformular
suchmaschine
sucontact
sudan
Sudan
sudoku
sue
Sue
suedafrika
suffolk
sugar
sugarcrm
sugerencias
sugerir
suggest
Suggest
suggestcart
suggestion
suggestions
Suggestions
suggest-link
suggest_link
suggest-listing
suggests
suggest_search
suisse
suite
suiteu
suivi
sujet
sullivan
sum
sumavisos
sumidaku
summ
summaries
Summaries
summary
Summary
summer
Summer
SUMMER
summer2009
summer2010
summercamp
summersale
summerschool
summit
sumthin
sun
sunday
sundaytimes
sunflower
sunglasses
sunny
sunrise
sunset
sunshine
sunshine-coast
sunshop
.suo
suomi
sup
super
Super
superadmin
superbowl
supercron
superior
superman
supermarket
super_subinfo
superuser
supervise
supervision
supervisor
supesite
suplementos
suport
suporte
supp
supplements
Supplements
supplier
Supplier
suppliers
Suppliers
supplies
Supplies
supply
Supply
.support
_support
support
Support
SUPPORT
support2
support-center
supportcenter
support-db
supportdesk
supported
supporters
support-files
supportfiles
supportform
support-groups
supportmelive
supporto
support_old
supports
supportsuite
support-tickets
supporttickets
supportus
supprimer
supxml
sur
surety
surf
surface
surfbar
surfers-paradise
surfing
surgeons
surgery
surnames
surnames100
surplus
surprise
surveiller
survey
Survey
survey1
survey2
surveyadmin
surveyor
Surveyor
surveyresults
surveys
Surveys
survey_test
survey_thanks
surveythankyou
survival
susan
Susan
suscriber
suscripcion
suscripciones
suscription
sushi
suspend
suspended
suspendedpage
sussex
sustainability
sutra
suunto
suupgrade
suzuki
Suzuki
suzuran
sv
SV
svar
.svc
svc
SVDEV
sverige
.svg
svg
svgButton
sviluppo
svm
.svn
_svn
svn
svp
svrstats
sv-SE
sv_SE
sw
SW
sw2
swa
swag
swajax1
swansea
swap
swatch
swatches
Swaziland
SWC
swe
sweden
Sweden
swedish
Swedish
sweep
sweeps
sweepstakes
sweet
.swf
_swf
swf
Swf
.SWF
SWF
swf1
swf2
swfaddress
swf_files
swfobject
_swf_replacement
_swfs
swfs
.swf.swf
swfupload
.swi
__swift
swift
Swift
swimming
swimwear
sw_index
swine-flu
swing
swish
swiss
switch
switchcolor
switchcolor2
switcher
switchlanguage
switzerland
Switzerland
swmloptin
SWNAV_ADMIN
sword
.swp
swr
sws
swt
SWT
sx
sxd
sxema
.sxw
sy
SY
syas
sydney
Sydney
syllabi
syllabus
sylvan
sylvia
sym
symantec
symbian
symbol
symbole
symbols
symfony
symphony
sympoll
symposium
symptoms
syn
synapse
sync
Sync
synchro
synd
syndicate
Syndicate
syndicated
syndication
Syndication
synergy
synonyms
synopsis
syntax
syracuse
syria
Syria
.sys
_sys
sys
Sys
SYS
sysadm
sysadmin
SysAdmin
sys-common
sysdata
sysfiles
sysfolder
syshelp
sysimage
sysimages
sysImages
sysimg
sysinfo
sys_log
sysmanage
sysmod
sysop
syssite
.system
_system
system
_System
System
SYSTEM
systemadmin
system_dntb
systeme
system-error
SystemFunctions
system_images
systeminfo
systemp
system_pages
systems
Systems
system_web
systest
sytle
sz
szablony
szavazas
Szukacz
szukaj
.t
t
T
t0
t1
T1
t12
t19
t2
T2
t3
T3
t3-assets
t3feed
t3lib
t4
T4
t5
T5
t6
t7
t8
ta
taa
tab
tabber
tabcontent
tabelle
tabid
tablas
table
Table
table2
table3
tableaudebord
TableData
tableeditor
tablero
tables
Tables
tablet
TabletBookings
tabs
Tabs
TabStrip
tac
Tackle
tacoma
tad
tadmin
.taf
taf
tafhome
tag
Tag
tagadelic
tagboard
tag-cloud
tag_cloud
tagcloud
tagCloud
TagCloud
tagged
tagging
tag_history
tagi
taglib
tags
Tags
tags1
tagsearch
Tahoe
tai
taikai
taiken
taiwan
Taiwan
Tajikistan
take
takeda
takelogin
takeover
takvim
tal
tale
talent
Talent
tales
talk
Talk
talkback
talking
talks
tama
tamara
tambov
tamekran
tamil
Tamil
tamilnadu
tammy
tampa
tan
tandc
tanger
tango
tanitim
tank
tanks
tanya
tanzania
Tanzania
tao
taobao
taobaoke
taoke
tap
tape
tapes
tapestry
.tar
tar
.tar.bz2
tareas
target
targeting
targets
.tar.gz
tarif
tarifa
tarifas
tarife
tariff
tariffe
tariffs
tarifinfo
tarifrechner
tarifs
tarjeta
tarjetas
taro
tarot
tarpit
tarragona
tars
tarsalgo
tartarus
tarzan
tas
task
Task
taskfreak
taskmanager
_tasks
tasks
Tasks
tasmania
taste
tat
tatarstan
tate
tattoo
tattoos
taurus
taurus-horoscope
tavsiye
tax
Tax
Taxation
taxes
Taxes
taxi
taxonomy
Taxonomy_admin
taxonomy_menu
taxonomy_vtn
taylor
tb
tba
TBA
tbc
tbd
tbg
tbi
_tbkp
tbm
tbn
tbproxy
tbr
tbs
tbsc
tc
TC
tca
tcc
tcd
tcf
tcg
tch
tchat
.tcl
tcl
tcm
t-contact
TCP
tcpayment
tcpdf
tcs
tCustom
td
TD
tdc
tdf
TDfwd
tdl
tdn
td_redirect
tds
TDS
te
TE
tea
teach
teacher
Teacher
teachers
Teachers
teaching
teachme
team
Team
teams
teamspeak
teaser
teasers
teatro
tec
tech
Tech
tech_doc
techdocs
techexpert
techinfo
TechInspector
technet
technews
technic
technical
Technical
techniek
technik
technique
techniques
techno
technologies
technology
Technology
technology-news
technotes
techs
techsupport
TechSupport
tecnologia
ted
tedstat
teen
teens
Teens
teen-shy
tees
tee-times
tegi
teh
teikei
teile
teilnehmer
tek
tekipedia
tekst
tel
telalinks
tele
telechargement
telechargements
telecharger
telecom
telecomm
telecoms
telefon
telefonbuch
telefonia
telefono
telegraph
telekom
telephone
telephonie
telepizza
Teleport
TeleportPro
teleseminar
Telesoft
television
tell
_tell_a_friend
tell-a-friend
tell_a_friend
tellafriend
tellAFriend
TellaFriend
Tell-A-Friend
TellAFriend
teller
tell-friend
tell_friend
tellfriend
tellFriend
TellFriend
tell_friends
tellfriends
tellmail
tellmatic
tellus
telnet
telop
telugu
Telugu
.tem
tem
tema
temalar
temam
temaoversikt
temas
tematicos
temecula
temi
temoignages
.temp
_temp
_temp_
temp
Temp
__TEMP__
_TEMP
TEMP
temp1
temp2
temp3
_tempalbums
tempCSV
tempdev
tempdir
TempDirectory
temp_docs
tempdocs
tempdownloads
tempEP
temp_files
tempfiles
tempFiles
TempFiles
tempfolder
tempimage
temp_images
tempimages
tempImages
templ
templat
.template
_template
template
Template
TEMPLATE
template1
template2
template3
template4
template_c
template_cache
templatedata
TemplateDesigner
template_dwt
template_email
template_files
templatefiles
TemplateFind
template_images
templateimages
templateImages
TemplateImages
TemplateImport
.template.php
TemplatePick
.templates
__templates
_templates
_templates_
templates
.Templates
_Templates
Templates
TEMPLATES
templates_c
templates_cache
templates_conf
templatetest
temple
temples
templet
templete
templets
Templets
templte
templtes_c
tempo
temporaire
temporal
temporary
Temporary
temppages
temps
temp_upload
tempupload
ten
tenant
tenants
tendence
tender
tenders
tenerife
tenis
tennessee
Tennessee
tennis
Tennis
tenpay
tent
tentedit
tep
ter
teresa
term
termes
termin
terminal
termine
Termine
termini
terminology
terminos
terminos-de-uso
termo
term-of-use
term_of_use
termos
termos-de-uso
_terms
terms
Terms
terms1
terms2
terms_and_cond
termscondition
terms-conditions
terms_conditions
termsconditions
Terms-Conditions
TermsConditions
terms-of-service
terms_of_service
termsofservice
TermsOfService
terms-of-use
terms_of_use
termsofuse
termsOfUse
Termsofuse
Terms-of-Use
TermsofUse
Terms-Of-Use
TermsOfUse
terms-privacy
terms_privacy
Terms_privacy
terms-service
terms-use
terms_use
terra
terrorism
terry
teruel
tes
tesco
tesim
.test
___test
__test
_test
test
test_
_Test
Test
_TEST
TEST
test01
test02
test-1
test1
Test1
test10
test111
test123
test-2
test2
Test2
TEST2
test2010
test3
Test3
test4
test5
test6
test7
test8
test9
testa
testadmin
testads
test-area
test_area
testarea
TestArea
testata
testbb
testbed
testbereich
test-blog
testblog
testboard
testcaptcha
testcenter
testcms
testcode
test-content
testdata
testdb
testdir
test-drive
testdrive
teste
teste2
test_email
testemail
TestEmail
testen
testenv
tester
Tester
TestErrorPage
testers
testes
Testes
testf
testfile
test_files
testfiles
test-flash
testflash
test-folder
test_folder
testfolder
TestFolder
test-form
test_form
testform
test_forum
testforum
testgallery
testhome
TestHome
testhtml
testi
test-images
test_images
testimages
testimon
testimonial
Testimonial
testimonials
Testimonials
testimonies
testimonios
testimony
test-index
test_index
testindex
_testing
testing
Testing
TESTING
testing1
testing2
testing3
testingsite
testit
testlab
testlink
testlive
test_mail
testmail
testMail
TestMail
testmap
testme
test_menu
testmenu
test_new
testnew
testo
testold
test-page
test_page
testpage
TestPage
_testpages
test-pages
test_pages
testpages
testPages
TestPages
testpak
testpdf
testphp
test-post
testres
testrun
_tests
tests
Tests
TESTS
test_scripts
testscripts
testsearch
testseite
testserver
testshop
test-site
test_site
testsite
TestSite
testsite2
testsites
teststore
testsuite
testt
test-tags
testtest
testumgebung
testvb
testvideo
testweb
testwp
testwww
testx
testy
testzone
teszt
tetra
teva
.tex
tex
texas
Texas
texis
.text
_text
text
Text
TEXT
text1
text2
textad
textads
textadv
textarea
TextArtSelect
textbook
textbooks
texte
texteditor
TextEditor
textes
textfiles
textile
textimage
texto
textobject
TextObject
text-only
textonly
textos
textove_diskuse
textpattern
texts
.textsearch
textsearch
TextSearch
textsize
textures
textversion
tf
TF
tfl
tfmail
tfp
tft
tg
TG
tgp
TGP
tgpx
tgs
tgt
tgv
.tgz
th
TH
thai
thailand
Thailand
ThaisResponde
thalasso
thames
thank
Thank
thanks
Thanks
thanks1
thanks2
thanks_contact
thanksgiving
Thanksgiving
thankslist
thanks-payment
thanku
thank-you
thank_you
thankyou
thankYou
Thankyou
Thank-You
Thank_You
ThankYou
thankyou1
thank_you2
thankyou2
thankyou3
thankyou4
thankyou5
thankyouemail
thankyoulike
thank-you-order
thankyoupage
thanx
that
thatsanorder
thawte
thb
thc
thd
the
The
THE
the-ALL
theater
Theater
theatre
theatre-tickets
thebar
the-blog
thebook
thecheck1
TheFlexBelt
theft
theins
theknot
them
thema
thematiques
_theme
theme
Theme
theme1
theme5
theme_backup
themecache
theme_css
themecss
themed
theme-editor
themeimg
themen
_themes
themes
Themes
_THEMES
THEMES
themes_c
themesmedia
themes_SAVED
ThemeXP
thems
the-news
TheNomad
theology
theory
therapist
therapists
therapy
thermometer
thesaurus
these
thesis
thestore
thestreet
the-team
the-template
thickbox
thief
thin
thing
things
Things
things-to-do
things_to_do
thingstodo
think
thinking
ThinkPHP
thinkup
third
third-party
third_party
thirdparty
ThirdParty
this
This
THIS
thismonth
thisweek
.thm
thm
thomas
thomson
thor
thoughts
thp
thread
threadprefix
threadrate
threadrating
threadread
threadreply
threads
threadtag
threats
three
thriller
ths
.thtml
thumb
Thumb
thumb1
thumb2
thumb3
thumb_cache
thumbGen
thumb_images
thumbnail
Thumbnail
thumbnailer
ThumbnailImage
thumbnail_images
thumbnails
Thumbnails
ThumbNails
thumbnailshare
.thumbs
_thumbs
thumbs
Thumbs
thumbs1
thumbs2
thumbsup
thunder
thunderbird
thunderlizard
thw
thx
thyme
thyroid
ti
tianyu
tibet
tibi
tic
tick
ticker
tickerAdmin
ticker_dhtml
tickers
ticket
Ticket
ticket_create
ticketing
Ticket_List
ticket_new
Ticket_New
tickets
Tickets
tickets2
ticket_view
tickle
tictactoe
tid
tidbits
tide
tides
tieba
tiempo
tienda
tienda2
tiendas
tier0
_tier1_homepage
tiere
tierra
tiers
.tif
tif
.tiff
tiff
tiffany
tiger
Tiger
tigerdirect
tigers
TightTwatBot
tigra
tiida
tiki
tiki-admin
tiki-backlinks
tiki-calendar
tiki-editpage
tiki-index
tiki-install
tiki-likepages
tiki-listpages
tiki-login_scr
tikimovies
tiki-print
tiki-register
tiki-slideshow
tiki-slideshow2
tiki-view_cache
tikiwiki
tila-tequila
tile
tiles
tim
timages
timberland
time
Time
timecard
timeclock
timedifference
timeline
timeline2
time_out
timeout
timer
Timer
times
timesheet
timesheets
timeslip
timetable
timetables
timezone
timezones
timg
timisoara
tim-kiem
timthumb
tina
tinc
tin-tuc
tiny
tinyfck
tiny-mce
tiny_mce
tinymce
Tiny_MCE
TinyMCE
tion
tip
tip-a-friend
tipafriend
tip_balloon
tipo
tipp
tipping
tipps
tippspiel
tips
Tips
tipsa
tirage-photo
tires
tis
tiscali
tisk
tisk_clanku
titan
Titan
titanium
titan-poker
titans
titel
title
Title
title2
titles
titres
titulares
tix
tiyu
tiz
tizers
tizers_gif
tj
tk
tkAjaxContent
tkContentEdit
tkg
tkIncludeModule
tkPrintable
tkPrintableFrame
tkRelated
tkResults
tkSearchAdvanced
tkSSLSign
tkUserData
tl
TL
tla
tlc
tld
tlds
tle
tlf
tl_files
tm
TM
tm2
tm3
tma
tmb
tmc
tme
tmg
tml
tmm
tmn
tmo
t-mobile
tmobile
.tmp
__tmp
_tmp
tmp
Tmp
TMP
tmp2
tmp3
tmpfile
_tmpfileop
tmp_images
tmpimages
.tmpl
_tmpl
tmpl
tmpl_c
tmpls
tmpsession
tmp_upload
tms
tn
TN
tnc
tncmfdsklf
tncms
tnews
tng
tNG
tnghelp
tngrss
tngsendmail
tn_images
tnp
tnt
TNT
tnw
.to
to
To
TO
toa
toast
tobacco
tobishoku
toby
toc
TOC
tocart
toCrawl
todas
today
Today
todays
todd
todo
ToDo
TODO
todolist
todos
toevoegen
together
toggle
togo
toh
tohoku
toiawase
token
tokens
toko
tokushu
tokyo
toledo
tolkien
tollfree
tolyatti
tom
tomas
tomb
tomcat
tomino
tommy-hilfiger
tomorrow
toms
tomsk
tomtom
tonga
tongji
tony
too
tool
Tool
toolbar
Toolbar
toolbars
toolbox
toolkit
Toolkit
toolkits
ToolPage
ToolPak
.tools
_tools
tools
Tools
TOOLS
tools2
tools_cms1
toolsprivate
tooltip
tooltips
toolz
toons
.top
_top
top
Top
top1
top-10
top10
top100
Top100
top1000
top2
top20
top3
top5
top50
topad
top_area
topauthors
topauthorslist
top_banner
topbanner
topbar
top-clubs
topdf
topf
top_frame
topframe
top_friends
top-hits
topic
Topic
topicadmin
topiclist
topicos
topicposters
topics
Topics
topics_anywhere
topicsearch
topik
topimages
topix
topless
toplevel
toplink
top-links
toplinks
toplist
topliste
toplists
top_menu
topmenu
.top.menu.php
topnav
top_navigation
top-news
topnews
topo
toppage
top-rated
top_rated
toprated
TopResources
tops
topsearch
topsecret
topsite
topsites
top-stories
topstories
top-ten
topten
toptensend
top-tpl
top_up
topup
TopupLogin
topusers
top_votes
topXstats
tor
toraterli
torino
tornado
toronto
torpedo
torrance
torremolinos
.torrent
torrent
torrentbar
torrentimg
torrents
torrevieja
tos
TOS
toscana
toshiba
Toshiba
toshimaku
tosite
total
total_reviews
totals
totem
toto
tou
TOU
touch
tougao
toulouse
tour
Tour
tour1
tour2
tour3
tour4
tour5
tour6
touring
tourism
Tourism
tourisme
tourismus
tourist
tournament
tournaments
Tournaments
tourney
tour-operators
tours
Tours
tour_search
toursearch
tous
tout
toutsurairfrance
tov
tovar
tovary
tower
towers
town
towns
toy
toyo
toyota
Toyota
toys
Toys
toysrus
toysrusat
toysrusuk
toy-story
tp
TP
tp-downloads
tpe
tp-files
tpi
tp-images
tp_in
.tpl
_tpl
tpl
Tpl
TPL
tpl1
tpl_c
.tpl.html
tpllib
.tpl.php
tpls
tpmod
tpp
t-privacy
tps
tpv
TPV
tq
tr
TR
tra
trabajo
trabajos
trac
trace
Trace
tracelog
traceroute
tracey
tracing
track
Track
trackback
Trackback
trackbacks
trackclick
tracker
Tracker
tracker2
tracker_list
trackers
trackgoogle
TrackImage
tracking
Tracking
trackip
trackit
track-order
track_order
trackorder
TrackOrder
TrackOrderStatus
TrackPackage
trackpoint
tracks
Tracks
trackviewer
track_visit
track-your-order
trackYourOrder
tracy
trad
trade
Trade
tradedoubler
tradefiles
tradein
tradeinfo
tradeleads
trademark
trademarks
tradenotify
trader
traderratings
traders
trades
tradeshow
tradeshows
tradetracker
trade-traffic
trading
tradition
traditional
traditions
traducciones
traduction
traductions
traffic
Traffic
trafficcam
trafic
trafico
traidnt
trail
trailer
trailers
trails
train
Train
trainee
trainees
trainer
trainers
training
Training
trainings
trainingvideos
trains
Trains
traitement
traitements
traiteur
trak
tramites
tran
trans
Trans
transaccional
transact
transaction
transactions
Transactions
Transclusion
transconsole
transcript
transcription
transcripts
Transcripts
_transfer
transfer
Transfer
TRANSFER
transferencia
transfers
Transfers
transfert
transform
Transform
transforms
Transforms
transit
transition
transitions
transito
translate
Translate
translate_a
translate_c
translate_f
translate_static
translation
Translation
translations
Translations
translator
translators
translit
transmission
transmit
transparencia
transparent
transplant
transport
Transport
transportation
Transportation
transportes
transverse
trap
trapper
trasferimento
.trash
_trash
trash
_Trash
Trash
trash2
trasparenza
Trasparenza
trasporti
traueranzeigen
trauma
trav
travail
travaux
travel
Travel
travel2
travel-agencies
travelagents
travel-deals
travel_deals
traveler
travelers
travel-guide
travelguide
travel-guides
travelinfo
travel-insurance
travelinsurance
travellinks
travel-news
travelnow
travelocity
travel-offers
travel_plans
travels
Travels
travel-tips
travel-tourism
travelzoo
travis
trax
trazi
trb
trc
.trck
trcpromo
treadmills
treasure
treasurer
Treasurer
treasures
treasury
treatment
treatments
tree
Tree
tree2
TreeIcons
TreeLineImages
treemenu
trees
treeview
treffen
t_register
treinamento
trek
.trellix
trend
trendingReports
trends
trent
trevor
tr-gb
tri
trial
Trial
trialpay
trials
triangle
triathlon
tribal
tribe
tribes
tribune
tribute
tricks
trident
trier
trieste
trigger
triggers
Triggers
triller
trim
trimite-comanda
trinidad
trinity
trio
trip
triple
tripplanner
TripPlanner
tripreports
trips
trish
tristan
triumph
triv
trivia
trk
trn
trolley
trolls
tron
trony
trophy
tropical
trouble
troubleshoot
troubleshooting
trovaprezzi
troy
trp
trs
tr-TR
tru
truck
Truck
truck_resources
trucks
Trucks
true
True_Robot
trujillo
trunk
truprint
Trussuplift
TrussUplift
trust
Trust
trustee
trustees
Trustees
trusts
truveo
truveo-mrss
trv
trw
try
tryit
ts
TS
tsa
tsb
tsbsub
tsc
tsconfig
tse
tsep
ts_files
t-shirt
tshirt
t-shirts
tshirts
tsi
tsl
tslib
tsm
tsn
tso
tsp
tsr
TSRating
tss
TSScript
tst
tsunami
tsweb
TSWeb
tt
TT
TT2483
ttc
ttest
.ttf
ttf
.TTF
ttipos
ttm
tts
TTS
ttt
tttadmin
ttt-out
ttt_toplist
ttt-webmaster
tu
tuan
tuangou
tube
tube_player
tubepress
tubes
tucker
tucson
tuesday
tug
tui
tuition
tula
tulosta
tulsa
tumblr
tumen
tunes
tuning
tunisia
Tunisia
tunnel
tupian
tur
turbine
turbo
TurboZymes
turf
turing
turingos
turismo
turizm
turkey
Turkey
turkish
Turkish
turniere
TurnitinBot
TurnitinBOT
tuscany
tus-reservas
tut
tuto
tutor
tutoriais
tutorial
Tutorial
tutorial1
tutorial2
tutorial3
tutoriales
_tutorials
tutorials
Tutorials
tutoriaux
tutors
tutos
tuts
tuxwebmail
.tv
tv
TV
tv2
tv5
tv_box
tve
tver
tvguide
tv-listings
tvlistings
tv-news
tv-program
tv-programm
tvshows
tw
TW
twads
tw_ajax
twatch
twatch_include
twb
twc
TWC
tweaks
tweet
tweet-page
tweets
twentyten
twiceler
twig
twiki
TWiki
twilight
twilio
twist
twister-update
twit
twitter
Twitter
twitteroauth
two
tws
twt
tx
TX
.txt
txt
.TXT
txtarticle
txtdata
txtfiles
.txt.gz
.txt.php
ty
tyler
type
Type
typeahead
.types
types
Types
Typesofwells
TypesOfWells
typo
typo3
typo3conf
typo3_src
typo3src
typo3_src-3
typo3_src-4
typo3temp
typography
typolight
tyres
tyumen
tz
u
U
u0
u1
u2
u2u
.ua
ua
_uac
uac
uacp
uadmin
uae
UAE
ua-fe
ua-gb
ua-ru
uat
ub
ubb
UBB
ubbcgi
ubbmisc
ubbthreads
uber
uber-uns
ubl
uboard
ubs
ubytovani
uc
UC
ucar
UCB
ucc
uc_client
ucenter
ucf
uch
uchome
UCII_Cart
ucp
ucs
ucsa
uc_server
ud
udata
uddeimfiles
_udf
udf
UDF
udm
udm4
udm-resources
uds
ue
ueber
ueber-mich
uebersetzung
uebersicht
ueber-uns
ueber_uns
ueberuns
Ueber-uns
uebimiau
uf
ufa
ufavour
ufc
ufi_img
ufiles
ufm
ufo
ufriends
.ug
ug
UG
uganda
Uganda
ugc
.uguide
ugyfelszolgalat
uhren
uhtbin
_ui
ui
UI
uid
uimages
uimat
uimch
uimde
uit
uj
.uk
uk
UK
uk2
ukc
ukmap
ukr
ukraine
Ukraine
uk-travel-offers
uk-world-news
ul
ulogin
ULogin
ultimas
ultimate
Ultimate
UltimateFooterAd
ultime
ultimi
ultra
Ultra
ultraped
ulubionedodaj
ulyanovsk
um
UM
umbraco
umbraco_client
umbrella
umbria
umd
umfrage
umfragen
umil
umkreissuche
umleitung
umor
ums
un
unanswered
unapprove
unassigned
Unassigned
unattend
unauthorized
Unauthorized
unavailable
Unavailable
uncategorized
Uncategorized
unclesam
und
undefined
under
undercon
undergrad
undergraduate
underground
understanding
under_update
Underwater
undo
une
unesco
unfollow
uni
unibet
unicode
unidades
uniform
unilever
uninstall
union
unique
uniscene
unisex
unit
unite
united
united-kingdom
UnitedKingdom
united-states
unitedstates
units
unit_tests
unittests
UnitTests
unity
univ
univer
univers
universal
universalimages
universities
university
University
unix
Unix
UNIX
unknown
Unknown
unlike
unlimited
.unlink
unlink
unlock
unpublished
UnPublished
unread
unreadreplies
unregister
unregistered
unsere-agb
Unsere-AGB
unsere-agbs
unsichtbar
unsinn
unsorted
unsub
unsubs
.unsubscribe
unsubscribe
Unsubscribe
unsubscribe2
unsubscribed
unsuccessful
unsupported
unterhaltung
Unterhaltung
unterkuenfte
unterkunft
unternehmen
Unternehmen
until
untitled
Untitled
Untitled-1
Untitled-2
_unused
unused
Unused
UNUSED
unwatch
unzip
uol
uos_error_msg
up
Up
UP
up2
upc
upcat
upcch
upcnl
upcoming
upcoming-events
upd
updata
update
Update
UPDATE
update1
update2
update_account
updateaccount
updateAppClicks
updatebasket
UpdateBasket
update_cart
updatecart
updateCart
updatecheck
updateClicks
updated
Updated
update_db
updatedb
update_form
update-links
updatelisting
update_message
updatePassword
updatephotos
update_price
update_profile
updateprofile
UpdateProfile
updater
update_revision
_updates
updates
Updates
UPDATES
updatesite
updatestatus
updates-topic
update_table
update_user
updating
updown
updvw
upfile
UpFile
upfile_eweb
upfiles
UpFiles
upgrade
Upgrade
UPGRADE
upgradeapi
upgrade_flash
upgrade-listing
upgrades
upgrading
upimages
upimg
upl
uplaylist
upld
uplfile
uplimg
_upload
upload
Upload
UPLOAD
upload1
upload2
uploadcp
upload_data
upload_dir
_uploaded
uploaded
Uploaded
uploaded_files
uploadedfiles
uploadedFiles
UploadedFiles
uploaded_images
uploadedimages
uploadedImages
UploadedImages
uploaded_img_x
uploaded_logos
uploaded_temp
uploader
Uploader
UploaderTemp
uploades
upload-file
upload_file
uploadfile
uploadFile
Uploadfile
UploadFile
UpLoadFile
upload_files
uploadfiles
Uploadfiles
UploadFiles
UpLoadFiles
uploadify
upload-image
upload_image
uploadimage
UploadImage
upload_images
uploadimages
UploadImages
upload_img
uploadimg
upload_index
upload_other
upload-photo
upload_photo
uploadphoto
uploadPhoto
UploadPhoto
upload-photos
upload_pic
uploadpic
UploadPic
upload-pictures
uploadproduct
uploadprogress
uploadresume
_uploads
uploads
Uploads
UPLOADS
uploads2
uploads_admin
uploads_event
uploads_forum
uploads_group
upload_success
uploads_user
uploads_video
upload_temp
upload_test
uploadtest
upload_tmp
upload-video
upload_video
upload-videos
upmenuoptions
uppages
upper
uppic
uppod
uprofile
ups
UPS
upsell
upskirt
UPSLicense
ups_tracking
uptime
ur
ura
urban
urbanismo
urc
urchin
urchin5
urchin_test
urdu
uri
urinalysis
.url
url
Url
URL
url2
urlaub
UrlDispatcher
urler
urljump
urllist
URL_Picker
urlrewrite
URLrewrite
URLRewriter
urls
URLs
URL_Spider_Pro
URLy
urology
urp
urs
uruguay
urun
urvs
.us
_us
us
Us
US
usa
USA
usability
usage
Usage
usage2
usato
usb
usc
uscan
usc_statement
USD
use
Use
usearch
Usecenter
use-coupon
used
Used
usedcar
used-cars
usedcars
used-inventory
useful
useful-links
useful_links
usefullinks
us-en
usenet
.user
_user
user
user_
User
USER
user1
user2
user2userpoints
user-account
user_account
useraccount
UserAccount
user-accounts
UserAccountView
user_add
useradd
user_add_item
user_admin
useradmin
userAdmin
User_Admin
UserAdmin
userads
user_adspanel
user_agent
user-agreement
user_agreement
useragreement
useralbums
userapp
user_area
userarea
UserArea
userAssets
userbar
userbars
userblog
user_carts
User_carts
usercenter
UserCenter
usercheckout
user_comments
UserConfig
user_contact
usercontact
user_contacts
user_content
usercontent
usercontrol
userControl
UserControl
UserController
user-controls
user_controls
usercontrols
userControls
Usercontrols
_UserControls
UserControls
USERCONTROLS
usercp
usercp2
usercpannouncepm
usercpdraftbox
usercpignorelist
usercpinbox
usercpnotice
usercppreference
usercpprofile
usercpsentbox
usercpsubscribe
user_data
userdata
userData
UserData
user_detail
userdetail
user_details
userdetails
UserDocuments
user-edit
user_edit
useredit
user_email_gfx
userfaq
user_favorites
userfile
user_files
userfiles
userFiles
Userfiles
UserFiles
userforgot
usergallery
usergroups
user-guide
user_guide
userguide
userguides
userhome
userid
Userids
user_images
userimages
userImages
UserImages
userimg
userimgs
user_index
user_info
userinfo
UserInfo
userinterface
useritems
userjoin
userlibfile
userlist
UserList
user_loadform
user-login
user_login
userlogin
userLogin
UserLogin
user_logincheck
.userLoginPopup.php
userlogo
user_logout
userMaint
usermanage
usermanagement
UserManagement
user_manual
usermanual
usermap
user_media
user_messages
usermgr
usermods
UserMods
username
username_check
usernote
user_online
useronline
userpage
UserPage
userpages
UserPages
userpanel
user_password
userpay
user_photo
userphotos
userpicgallery
user_pics
userpics
userpix
userplane
userpoints
userposts
userprefs
user-profile
user_profile
userprofile
userProfile
User-Profile
UserProfile
user_rating
user_reg
userreg
UserReg
user_review
user-reviews
user_reviews
userrss
.users
_users
users
Users
userscripts
UserScripts
user_search
usersearch
user_session
user_sessions
user_setconfig
user_setprofile
usersettings
UserSettings
users_files
usersgroups
Users_Login
users_new
users-online
usersonline
usersonlinepage
userspace
Users_Register
userstats
User_talk
userupdate
user_upload
userupload
user_uploads
useruploads
userUploads
uservideos
uses
usf
ushipredirect
uShipRedirect
ushop
using
usio
uslugi
uso
usp
usps
usr
ust
usuario
usuarios
us-usa
ut
UT
utah
Utah
utc
ute
utente
utenti
Utenti
utf8
uti
_util
util
Util
utile
utiles
utili
utilidades
utilisateur
utilitarios
_utilities
utilities
Utilities
_utility
utility
Utility
UtilityPages
_utils
utils
Utils
utl
__utm
_utm
utm
utopia
utopic
utrecht
utskrift
utube
uu
uu_conlib
uu_file_upload
uu_finished
uu_get_status
uutiset
uv
uva
uvideos
uw
uy
UY
uye
Uye
uyeler
uyelik
uyelistesi
uyeol
uz
UZ
uzbekistan
uzenofal
uzi
uzivatel
uzytkownicy
uzytkownik
.v
v
V
v0
v1
V1
v10
_v2
v2
V2
v2008
v2b
v2flashslideshow
v3
V3
v3flashslideshow
v4
V4
V4_Backup
v4flashslideshow
v5
v6
v7
v8
v9
va
VA
vab
vac
vacaciones
vacances
vacancies
Vacancies
vacancy
vacanze
vacation
_Vacation
Vacation
vacation-rentals
vacations
vacature
vacatures
VAD
vadmin
vaf
vai
vaispy
vakansii
vakantie
val
val03
val08
valdepenas
valencia
Valencia
valentin
valentine
valentines
valentines-day
valentinesday
valerie
valid
validacao
validar
validate
Validate
validateEmail
validate_new
ValidateUserId
validation
Validation
validation_png
validation_user
validator
Validator
validators
valide_abo
valide_tel
val_img
valladolid
valor
valoracion
value
valueclick
values
Values
vam
VAM
van
Van
vance
vancouver
Vancouver
vanguard
vanilla
vanity
vans
vanuatu
vapour
var
varia
variable
variables
Variables
variant
variations
varie
Varie
variety
vario
varios
Varios
various
vars
vas
vascular
vast
vat
vault
vault_scripts
vax
.vb
vb
vB
VB
vb2
vb3
vb4
vb5
vbactivity
vbadjuntos
vb_ad_management
vba_dyna_modules
vb_albums
vbb
vBChat
vbclassified
vbcms-comments
vbfavorites
vbforum
vbgooglemapme
vbimghost
vbmembermap
vbmodcp
vbold
vbook
vbookie
vboptimise
vbpgedit
vbpicgallery
vbpinstall
vbplaza
vbpro
.vbproj
.vbproj.webinfo
.vbs
vbs
VBS
vbscript
vbseo
vbseocp
vbseocpform
vbseo_sitemap
vbshout
vbsoccer
vbtest
vbtube
vbull
vbulletin
vBulletin
vbv
vc
VC
vcal
vcalendar
vcard
vCard
vcards
vcclient
.vcf
vcf
vcgi-bin
VCI
vclkAds
vcode
vcodeimg
vcom
.vcs
vcs
vcs_view
vc-wiesbaden
vd
VD
vd2
vda
vdaemon
vdata
vday
vdc
vdimgck
vdl
vdo
vdsbackup
ve
VE
vecchio
vecio
vector
vectors
veda
vegas
vegetables
vegetarian
vehicle
vehiclemakeoffer
vehiclequote
vehicles
vehicletestdrive
vehicule
velho
velo
velocity
VELUX
ven
venda
vendas
vender
vendor
Vendor
vendors
Vendors
veneto
venezia
venezuela
Venezuela
venice
venta
ventana
ventas
vente
ventes-privees
ventura
venture
venue
venueevents
venueinfo
VenueOps
VenuePars
venues
venus
ver
ver1
ver11
ver2
vera
veranstalter
veranstaltung
veranstaltungen
Veranstaltungen
Veranstaltungen2
verboten
verdana
verein
vereine
vergelijk
vergelijken
vergessen
vergleich
vergleichen
verif
verification
Verification
verificationcode
verified
verifier
verify
Verify
VerifyCode
verify_email
verifyemail
verifyimg
verifyuser
veriler
verisign
Verisign
verity
Verity
verizon
verkauf
verkehr
verlag
vermieter
vermont
Vermont
vernon
verona
vers
versand
versandart
versandarten
versandkosten
Versandkosten
verschiedenes
versenden
versicherung
versicherungen
version
Version
VERSION
version1
version2
version5
versioncheck
versions
versus
vert
vertical
vertrag
vertrieb
vertu
verwaltung
Verwaltung
verwarnsystem
verzeichnis
vestern
vesti
vestibular
vet
vetrina
vets
vf
vfend
vfg
vforum
vg
VG
vg1
vgn
vgnTest
vh
vhcs2
vhosts
vhs
vi
VI
via
viaggi
viagra
viaje
viajes
viatoradmin
vibe
vic
vicenza
victor
victoria
Victoria
victorian
victory
vid
vid2
vide
.video
_video
video
Video
VIDEO
video1
video2
videobox
videochat
videoclips
videocontest
VideoDetails
video-embed
video_embed
videofiles
video-gallery
videogallery
video-games
videoimages
videolar
videolib
video-old
video-page
video-player
video_player
videoplayer
VideoPlayer
videopop
video_popup
videopopup
video-porno
videopreview
video-production
videoprograminfo
_videos
videos
Videos
VIDEOS
videos2
videosearch
video-sexe
videos-pics
videos-pictures
videos-porno
videos-x
video-test
video_test
videotest
videothumbnails
video-tutorials
videoupload
videowr
vids
vidtest
vieja
viejo
vielen-dank
vielendank
vienna
vietnam
Vietnam
vietvbb
.view
_view
view
View
view2
viewad
view_album
ViewAlbum
view_all
viewall
viewallcards
viewallphotos
ViewArchive
viewarticle
viewArticle
viewattachrev
viewauth
view-basket
view_basket
viewbasket
viewBasket
ViewBasket
ViewBasket-Add
ViewBasket-View
ViewBlog
viewbook
view-by-tag
view-cart
view_cart
viewcart
viewCart
ViewCart
viewcat
viewcategory
ViewCategory
view_comments
viewcomments
viewcontent
viewContent
view_cursos
viewcvs
ViewData-Start
view-details
view_details
viewed
view_email
viewer
Viewer
viewers
Viewers
viewEvent
view_favorites
viewfeedback
viewfile
ViewFile
viewforum
viewFriends
view_gallery
viewgiftcert
view-girls
view_history
view_image
viewimage
viewImage
ViewImage
viewimages
view_img
viewinvoice
view_item
viewitem
ViewItem
viewlink
view_list
viewlisting
viewlog
view_map
viewmap
ViewMap
viewmember
viewmembers
viewmodeswitch
viewmsg
ViewMyFlyers
viewnews
viewonline
vieword
view_order
vieworder
ViewOrder
vieworderprint
vieworders
view_page
viewpage
ViewPDF
view_photo
viewPhoto
viewphotos
viewpic
viewpmsg
viewpoint
viewpoints
viewPoll
view_post
viewpost
viewPrd
viewprint
viewprivacy
viewpro
viewproduct
viewProduct
view-profile
view_profile
viewprofile
ViewProfile
viewreply
viewreputation
viewrequests
ViewRequisition
viewrev
_views
views
Views
views-blogs
views_bookmark
view_search
viewshipments
viewShoutbox
viewstats
viewthread
viewticket
viewtopic
viewtropic
viewuser
ViewUser
viewuserlist
viewvc
view_video
viewwishlist
ViewWishlist
vignette
vignettes
vigo
vijesti
viktorina
villa
village
villagers
villages
villanueva
villas
ville
villes
vilnius
vimage
.viminfo
vin
vince
vini
vino
vintage
Vintage
vinyl
violation
violence
vip
VIP
viper
viper-download
viral
viral-marketing
virgin
virginia
Virginia
virginmedia
virginvault
virgo
virgo-horoscope
virt
virtual
Virtual
virtuals
virtual-shop
virtual-tour
virtual_tour
virtualtour
VirtualTour
virtual-tours
virtual_tours
virtualtours
virtuemart
virus
virusinfo
vis
visa
Visa
.visaPopup
.visaPopup.php
.visaPopupValid.php
visas
vision
Vision
visit
Visit
visita
visitar
visitas
visite
visitenkarte
visites
visiteurs
visitor
Visitor
visitoremail
visitormessage
visitors
Visitors
visitors_georss
visits
visitwebsite
visor
visor_cursos
visor_hoteles
vista
Vista
visual
Visual
visual-captcha
visualchars
visualisation
visualization
visuals
visubox
vita
vital
vitality
vitamins
_vit_bin
_vit_cnf
_vit_log
vitoria
_vit_pvt
vitrine
_vit_txt
viva
vivienda
viz
vizbook
vk
vkiss
vkontakte
vl
vladimir
vladivostok
vlb
vld
vlink
vlog
vls
.vm
vm
VM
vmail
vmap
vmc
vmchk
vmoods
vms
vmware
vn
VN
vnc
vnews
vnstat
vo
voa
voc
vocab
vocabulary
vocational
vod
vodafone
voeux
voice
voicecards
voicemail
voice-peers
voices
void
voip
VoIP
voir
voitures
vol
vol1
vol2
vol3
volga
volgograd
voli
volkswagen
Volkswagen
volley
volleyball
volltextsuche
volo
vologda
vols
volume
volumes
volunteer
Volunteer
volunteers
Volunteers
volvo
Volvo
von
voorwaarden
voos
vop
vopros
vorlage
vorlagen
Vorlagen
voronezh
vorschau
vorschlag
vorstand
.vorteil
vorteile
vortex
vota
votar
vote
Vote
vote2
voteasp
votebadge
voted
votedata
votedown
voteinclude
vote_no
votephp
voter
voter1
votereview
voters
votes
vote_tds
vote_tdsasp
vote_tdsphp
voteup
vote_up_down
vote_yes
voting
voto
votos
voucher
Voucher
vouchers
vox
voyage
voyager
voyages
voyageurfrequent
voyance
voyeur
vp
vpanel
vpc
Vpip
vpk
vplayer
vpn
VPN
vpo
vprint
vpro
vps
vpsinfo
vr
VR
vrc
Vr_maintainence
vrml
vs
vsa
vsadmin
vsc
vsearch
vshop
vsm
vsp
vspfiles
.vspscc
vss
VSS
.vssscc
vssver
vssver2
vst
vstats
vstest
vt
VT
_vti
_vti_
_vti_adm
_vti_admin
_vti_aut
_vti-bin
_vti_bin
vti-bin
vti_bin
_vti_bot
_vti-cnf
_vti_cnf
vti_cnf
_vti_conf
vtiger
vtigercrm
_vti_inf
vti_inf
_vti_info
_vti-log
_vti_log
vti_log
_vti_map
_vti_private
_vti-pvt
_vti_pvt
vti_pvt
_vti_rpc
_vti_script
vti_script
_vti_shm
_vti_text
_vti-txt
_vti_txt
vti_txt
vtour
vtours
vtr
vts
vu
vuelos
vv
vvc_display
vvv
vw
vwd
vwd_justso
vwd_scripts
v-web
vwm
vxml
vyhledavani
vypiska
vyre4
vz
vzpoll
.w
w
W
w1
w2
w2dacl
w2dcpchk
w2dfgw
w3
w3a
w3c
W3c
W3C
w3cLogValidator
w3s
w3svc
W3SVC215
W3SVC82
w3tc
wa
WA
WA_
WA_Cookies
wad
WA_DataAssist
WADbSearch
wadmin
WA_eCart
waf
waff
wages
WA_Globals
wagon
wahlen
wai
WA_iRite
wais
wait
Wait
wait2
waiting
wales
Wales
walgreens
walk
walker
walks
wall
Wall
wallet
wallpaper
Wallpaper
wallpapers
Wallpapers
walls
wall-street
walmart
walnut
walt
walter
walton
wam
wamu
wan
wanewsletter-2
want
wantads
wanted
Wanted
wantlist
wantlive
wants
wanttobuy
wap
Wap
WAP
wap1
wap2
wapi
Waps
wapsearch
.war
war
War
ward
ware
warehouse
warenkorb
Warenkorb
warez
warlog
warn
Warn
warning
Warning
warnings
Warnings
warp
warranties
warranty
Warranty
warren
warrior
warriors
warszawa
wartung
wartungsarbeiten
warunki
was
washington
Washington
washington-dc
wasp
wasps
waste
Waste
wasteland
wat
watch
Watch
watchdog
watched
watched_topics
watcher
watches
watchlist
WatchList
watch_video
water
Water
water_country
WaterDamage
waterfront
waterloo
watermark
Watermark
watermarks
watson
.wav
wav
.WAV
wave
waves
wavs
wawa
way
wayback
Wayback
wayne
wb
wbadmin
wbb
wbb2
wbb3
wbblite
wbboard
wbc
wbcextensions
.wbp
wbresults
wbsadmin
wbsearch
wbtextbox
wbutil
wc
WC
Wc2
wca
wcf
WCF
.wci
wci
wcm
wcms
wcn
wconnect
wcp
wcs
wcsstore
wct
wd
wddx
wDeutsch
wds
we
We
weapon
weapons
wear
weather
Weather
.web
web
.Web
Web
WEB
web07
web1
web2
Web2
WEB2
web-20
web20
web2dateftplog
web2mail
web2printer
web3
web4
web5
web6
weba
webaccess
webad
web-admin
web_admin
webadmin
webAdmin
Webadmin
WebAdmin
webads
webadverts
webal
webaliser
_webalizer
webalizer
Webalizer
webalizer2
webalyzer
webanalyse
web-analytics
webapp
webapp_data
WebApplication1
webapps
webapp_template
webart
webassist
webasyst
web_attributes
WebAuto
webawards
webb
WebBandit
webbbs
webboard
webbox
Webbuilder
webcache
webcal
webcalendar
WebCalendar
webcall
webcam
webcams
WebCapture
webcards
webcart
webcast
webcasts
webcat
WebCatalog
webcenter
webceo
webcharts
WebCharts
webchat
webclass
webcms
webcom
webconfig
web-console
web-content
webcontent
WebContent
webcontrol
WebControl
webcontrols
WebControls
WebCopier
webcreator
webcron
webct
webctrl_client
web-data
webdata
WebData
webdav
webdb
webde
webdemo
web-design
web_design
webdesign
Webdesign
web-dev
webdev
web-development
webdevelopment
webdir
web-directory
webdirectory
webdisk
webdoc
webdocs
web_edit
webedit
WebEdit
webEdition
webEdition4
web_editor
webeditor
WebEditor
webengine
WebEnhancer
weber
webevent
WebEvent
webex
webface
web-feed-ads
web_files
webfiles
web_first
webform
WebForm1
webformmailer
webforms
WebForms
WebForms_Admin
webframe
webftp
webgallery
webglimpse-1
webguide
webhelp
webhits
webhost
web-hosting
web_hosting
webhosting
Web-Hosting
webhosts
webim
webimage
web_images
webimages
webimg
webinar
Webinar
webinars
Webinars
webinator
webinc
webindex
web-inf
WEB-INF
WEB_INF
.webinfo
webinfo
webitems
webkatalog
webkataloge
webkey
webkit
weblet
weblication
weblink
WebLink
WebLink8
web-links
web_links
weblinks
Web_Links
weblog
WebLog
weblog_config
weblog_entry
weblog_friends
weblogic
weblogin
weblog_posting
weblog_rss
weblogs
Weblogs
webmail
Webmail
WebMail
webmail2
webman
webmanage
web_manager
webmanager
web-marketing
webmaster
Webmaster
WebMaster
webmasters
webmasterthanks
webmd
WebMerchant
webmilesat
webmilesde
webmin
webmodules
WebModules
webmoney
webnew
webnews
WebObjects
weboffice
web_old
web-optimizer
weborder
webositespeedup
webpage
webpages
WebPages
webpanel
webparts
Webparts
WebParts
webpics
webplayer
webplus
webpoll
webportal
webportfolio
webposition
WebProject
webpub
webradio
webreg
webreport
webreports
webres
webresource
WebResource
web-resources
web_resources
webresources
WebResources
webresults
webring
webrings
webroot
WebRoot
webs
websale7
webs-amigas
WebSauger
web_scripts
webscripts
web-search
websearch
WebSearch
webseite
webseiten
webseminars
webserver
webservice
webService
Webservice
WebService
_webservices
web-services
web_services
webservices
webServices
Webservices
WebServices
webshare
webshop
_webshop_redir
WebSiphon
web_site
website
Website
WebSite
WEBSITE
website2
website-design
websitedesign
websiteinfo
websites
Websites
webslice
webSnips
webspace
websql
Webstar
webstat
webstatistik
web-stats
webstats
Webstats
WebStats
webstat-ssl
webster
Webster
webstore
Web_store
WebStore
webstorecpanel
WebStripper
webstyle
web_style_info
webstyles
websuche
websurvey
websvc
websvn
web_taxonomy
webteam
WebTeam
WebTemplate
web-templates
web_test
webtest
webtools
webtop
webtraffic
webtrends
Webtrends
WebTrends
webtv
WebUI
.Web.UI.WebResource.axd
webupdate
webusage
WebUserControls
web_users
webusers
webvideo
webview
WebViewer
webx
webyep-system
webzine
WebZip
WebZIP
wedding
Wedding
wedding-dresses
wedding-fashion
wedding-features
weddings
Weddings
wedding-venues
we_demo
wedges
wed_ipix
wednesday
wedstrijden
week
weekend
weekfilm
weekly
Weekly
weeklystats
weer
wef
weibo
weight
weightlist
weight-loss
weightloss
weihnachten
wein
_we_info5
weinstall
weird-news
weird-world
weiter
weitere
weiterempfehlen
weiterleitung
welcome
Welcome
welcome2
welcome3
welcome_ads
welcomeback
welcome_files
WelcomeUsers
welding
welfare
wellington
WellInspection
wellness
wellpoint
wells
wellsfargo
welsh
wembley
wen
wenda
wendy
wenwen
wenzhang
werbebanner
werbemittel
werben
werbepartner
werbung
Werbung
werkgever
werkstatt
werkzeug
wes
wespacedata
west
West
westbill
westcoast
western
westernunion
westnet
westpalmbeach
west-virginia
westvirginia
West-Virginia
West_Virginia
__we_thumbs__
wettbewerb
wetter
wetterImages
wf
WF
wforum
wfp
wfs
WFS
wg
wgall
wget
Wget
wgindex
wgl
wGlobal
wgreindex
wgs
wgt
wh
what
What
whatever
what-is
whatis
what_is_ach
what_is_egold
what-is-rss
what_is_wire
whats
whats_happening
whatshot
whats-new
whats_new
whatsnew
WhatsNew
whats-on
whats_on
whatson
whatsup
what-to-do
what-we-do
what_we_do
whatwedo
WhatWikiIs
wheel
wheels
when
When
where
where-to-buy
wheretobuy
WhereToBuy
whFeat
whgdata
which
whirlpool
whisky
Whisky
white
White
whitelabel
whitelist
whitepaper
white-papers
white_papers
whitepapers
whm
whmcs
who
whoami
whois
whois2
whoisonline
whoiswho
wholesale
Wholesale
whos_online
whosonline
whoswho
who-we-are
who_we_are
whoweare
WhoWeAre
why
Why
whybuyfromus
Whyorderonline
why_register
whyregister
whyshop
why-us
whyus
wi
WI
WIA
wiadomosci
wichita
wide
widerruf
widerrufsrecht
Widerrufsrecht
wide_search
widget
Widget
widget-cache
widgets
Widgets
Widgets_User
widhlist
wien
wiesbaden
wifi
wigs
wii
wiki
Wiki
wiki2
wikinvest
wikiothispopupv2
wikipedia
wikis
wikistats
wikitest
wild
wildfire
wildlife
wildwood
will
william
williamhill
williams
Williams
willkommen
wilson
wimg
wimpy
win
win2000
Win32
win95
winapp
w_inc
wind
window
Window
windowfiles
window-repair
windows
Windows
windows7
windowsmedia
windowsticker
windsor
wine
Wine
wines
wing
wings
WinIISAPI
wink
winkel
winkelmand
winkelmandje
winkelwagen
winkelwagentje
winme
winner
winners
winnerseal
winnt
winona
wins
wInstaller
winter
Winter
Winterize
wintersport
winxp
winzip
wip
WIP
wip4
wir
Wird-geloescht
wire
wired
wireframe
wireless
Wireless
wireless_cobrand
wires
wiring
wirtschaft
Wir-ueber-uns
wis
wisconsin
Wisconsin
wisdom
wise
wish
WishCart
wishes
wishes-tags
wish-list
wish_list
wishlist
wishList
Wishlist
WishList
wishlist2friend
wishlist_email
wishlist_help
wishlistinfo
wishlist-member
wishlist_public
wishlists
Wishlist-Show
wishsort
wissen
Wissen
wit
witch
with
withdraw
with_friends
with-photo
witze
wiw
wix
wiz
wizard
Wizard
wizard-results
wizards
Wizards
wizzair
wj
wk
WKFORMS
WKIMAGES
wkorb
wl
WL
wLayout
wlc
wls
wlwmanifest
.wm
wm
WM
.wma
wma
wmail
wma-pop-up
wmc
wmd
.wmf
wmg
.wml
wml
.WML
wmp
wms
wmt
.wmv
wmv
.WMV
wn
wo
.woa
woher
wohnen
wolf
wolthuis
woman
women
Women
womens
womenshealth
woo_custom
wood
Wood
woodbury
woodcraft
woodpecker
woods
Woodworking
woordenboek
woo_uploads
worcester
word
Word
wordGenBio
wordlist
wordnet
wordpress
Wordpress
WordPress
wordpress-2
wordpress2
wordpress-themes
words
wordtracker
.work
_work
work
Work
WORK
work2
workarea
Workarea
WorkArea
work-at-home
workathome
workbench
workbook
workdir
workeffort
worker
workers
work_files
workfiles
workflow
Workflow
WorkflowTasks
workforce
workgroup
_working
working
Working
WORKING
workingadvantage
working_files
workingfiles
workinprogress
worklife
workout
workouts
workplace
workroom
works
worksheet
worksheets
workshop
Workshop
workshops
worksite
workspace
Workspace
workunit
WorkWithAgent
world
World
world2
worldcup
world-cup-2010
world_flags
world_map
worldmap
world-news
worldpay
WorldPay
worldpayreturn
Worldpayreturn
WorldpayReturn
world-uk-news
world-uk-sport
worldwide
worm
wormatia-worms
worms
worship
worth
would
wow
.wp
_wp
wp
WP
wp1
wp2
wp3
wp-activate
wpad
wp-admin
wp_admin
wp-app
wpartner
wp-atom
wpau-backup
wpau-log-data
WPB
wpblog
wp-blog-header
wpc
wp-cache
wp-cache-config
wp-cache-phase1
wpcallback
WPCallback
wp-comments
wp-commentsrss2
wp-conent
wp-config
wp-content
wpcontent
wp-content-cache
wp-contents
wp-cron
wp-cumulus
wp-custom
.wpd
wp-db-backup
wpdev
wp-email
wp-fbuser
wp-feed
wp-files
wp-filez
wp-forum
wpg
wpg2
wp-galleryo
wpi
wp-icludes
wp-images
wpimages
wp-include
wp-includes
wpis
wp-links-opml
wp-load
wp-login
wplogin
wpm
wp-mail
wp-mobile
wpmu
wpmu-cleanup
wpmu-settings
wpp
wp-pass
wp-photos
wp-plugins
wp-postratings
wp-postviews
wp-print
WPPurchase
wp-rdf
wp_redirect
wp-register
wp-reportpost
_wpresources
wpresources
wpress
wp-rss
wp-rss2
.wps
wps
wpscripts
wp-settings
wp-shopping-cart
wp-signup
wp-stattraq
wp-test
wptest
wp-themes
wpThumbnails
wp-trackback
wp-useronline
wpvi
wp-wp-includes
wp-xmlrpc
wr
WR
wrap
wrapper
Wrapper
wrappers
wrb
wrc
wrestling
wright
writable
write
Write
write-a-review
writeareview
WriteBlog
write_comment
write-for-us
write_lovestory
writer
write-review
write_review
writereview
writeReview
WriteReview
writers
writeto
writeus
writing
Writing
writings
wrk
wrong
.ws
_ws
ws
WS
ws2
wsadmin
WS_Admin
wsaffil
wsb
wsc
wsd
.wsdl
wsdl
WSDL
wsdocs
wsearch
WSExec
ws_ftp
WS_FTP
wsi
wsimages
wsj
wsl
wsm
wsmab
wsmicons
wsmkb
wsmleads
wsmmail
wsmnewsletter
wsmstats
wsmtasks
wsnlinks
wso
wsop
wsp
wsr
wss
WSS
wstat
wstat7
wstats
wt
WT
wtc
wtec
wtf
wtg-backup
wtg-feeds
wthvideo
wts
wu
wunschzettel
wurfl
wusage
wusage5
wusage7
_WUScripts
wv
WV
wv3
.wvx
ww
ww2
wwe
wwf
wwp
.wws
wws
.www
_www
www
WWW
www1
www2
www3
wwwadmin
wwwboard
WWW-Collector-E
wwwcount2
wwwdev
wwwlib
wwwlog
www_logs
wwwlogs
wwwredirect
WWW_REPORTS
wwwroot
wwws
wwwstat
www_stats
wwwstats
wwwthreads
wwww
wx
wxwuhistory
wy
WY
wydarzenia
wyloguj
wyniki
wyoming
Wyoming
wys
WYS
wys2
wysiwyg
WYSIWYG
wysiwygpro
wysiwygPro
WysiwygPro
wyslij
wyszukiwarka
wz
wz_dragdrop
wz_tooltip
.x
x
X
x1
x2
x3
x4
x5
x6
X7Chat
xadmin
.X-AFFILIATE
.X-AFFILIATE_var_DE
xajax
xajax_js
xaml
xampp
xanario_crons
xanario_ebay
xanario_sms_in
xanario_wartung
Xandra
.X-AOM
.X-AOM_var_DE
xara
xaradodb
xarpages
xativa
xav
xb
xbcr
xblog
xbox
xbox-360
xbrl
xc
xcache
xcache-admin
xcall
x-cart
xcart
XCartSaleX
xcbjb
xcgal
xchange
xchg
xConnector
xdirectory
xDoc
xd_receiver
xe
XEABDBFDDACCX
Xenus
xerox
xf
xfactor
.X-FANCYCAT
.X-FANCYCAT_var_DE
.X-FCOMP
.X-FCOMP_var_DE
xfer
xfguestbook
xfx7
xgallery
.X-GIFTREG
.X-GIFTREG_var_DE
xgo
xhprof
xhr
.xhtm
.xhtml
xhtml
.XHTML
xiao
xiazai
ximages
xin
xindex
xingzuo
xinha
xinwen
xinxi
xiti
xj
xjs
xl
xlaabsolutenm
xlinks
.xls
xls
.XLS
.xlsx
xm
.X-MAGNIFIER
.X-MAGNIFIER_var_DE
xmail
xmap
x-mas
xmas
Xmas
xmas2002
xmas2008
xmas2009
xmas25
xmedia
.xml
_xml
xml
Xml
.XML
XML
.xml.asp
xmlcache
xml_catalog
xml_data
xmldata
xmlData
XMLData
xmldatapull
xml-editor
xml_export
xmlexport
xml_feed
xmlfeed
xmlfeeds
xml_files
xmlfiles
XmlFiles
XMLFiles
xml-generator
xmlgenerator
.xml.gz
xmlhttp
XMLImporter
xmllog
xmllogs
XMLNavMove
XMLNavTest
XmlPackages
xmlparser
.xml.php
xml-rpc
xml_rpc
xmlrpc
XML-RPC
xmlrpc-2
xmlrss
xmls
xmlsearch
xml-sitemap
xmlsitemap
xmlsrv
XMLSurveyMove
XMLSurveySample
xn
XnDetail
XnDetailArch
xnet
xnews
XnListPI
XnListPP
XnMsg
XnPending
XnSearch
.X-OFFERS
.X-OFFERS_var_DE
xoops
xoops_trust_path
xoport
xp
XP
xpackage
xpage
xpanel
XPath
xpathTest2
xpathTestUpdate
xpay
xpayments
.X-PCONF
.X-PCONF_var_DE
xperience
.xpi
xpm
.xpml
xp_publish
_xpress
xq
xrds
xref
.X-RMA
.X-RMA_var_DE
xs
xs_action
.xsd
xsd
xsearch
xsendmail
xsite
.xsl
_xsl
xsl
Xsl
XSL
xslFiles
.xslt
xslt
Xslt
XSLT
XsltFiles
XsltTemplates
xs_mod
.xspf
xspf
xstandard
xstatistik
.X-SURVEY
xt
xt_
xtAdmin
xtbcallback
xtc
xtc4
xtcommerce
xtCore
XTCsid
xtest
xtFramework
xthemes
xt_logout
xtLogs
xtra
xtracker
xtranet
xtras
xtree2b
xtreme
xtreme3
xuanhao
xupload
xwb
xweb
xwiki
XWiki
xx
xxl
XXpafaq
xxx
xxxx
xy
xyiznwsk
XYIZNWSK
xylo
xyz
xyzzy
xz
.y
y
Y
y2k
ya
yabb
YaBB
yabb2
yabbfiles
yabbhelp
YaBBHelp
yabbimages
YaBBImages
yabbse
yaf
yahoo
Yahoo
yahoo-dom-event
yahooentity
yahooindex
yahoo_site_admin
yalst
yamaha
yaml
yandex
yaolan
yardsale
yaris
yarn
yaroslavl
yarss
yasearch
yasitemap
yasitemap_users
yatego
yatra
yaz
yazar
yazdir
yc
yd
yd-gb
ydxuanhao
ye
YE
year
Year
year2000
yearbook
year_round
years
yedek
yeepay
yell
yellow
yellow-pages
yellowpages
yellowstone
yemen
Yemen
yeni
yes
yesterday
yf
ygptemp
yh
yhs
yhteystiedot
yi
yink
yiyuan
yk
yl
ylang
yllapito
ym
ymca
ymix
yml
ynet
yo
Yo
yoast-ga
yoga
yokohama
yokohamashi
yomi
yonet
yonetici
yonetim
Yonetim
yonlen
yonlendir
york
York
yorkshire
yorum
yorum_ekle
yorumlar
yorumyap
you
You
young
youporn
your
Your
your-account
your_account
youraccount
Your_Account
YourAccount
yourchoice
your-details
yourls
your-money
your-privacy
yourstore
your-votes
youth
Youth
youtube
youxi
yoyaku
yp
yr
ys
ysearch
yshop
yshoppsearch
yshout
ysite
ysm
ys_stats
yt
YT
ytrewq
yu
yuding
yu-gb
yui
YUI
yuko
yukon
Yukon
yule
yum
yy
yybbs
yyy
yz
yzimg
z
z_
.Z
Z
z1
z2
z4
za
ZA
zach
zack
z_admin
zadmin
zaehler
za-gb
zahlart
zahlarten
zahlung
zahlungsart
zahlungsarten
zakaz
zakaznik
zakaznik_info
zakladki
zakon
zakony
zaloguj
zaloha
zam
zambia
Zambia
zamer
zamestnani
zamora
zamowienia
zamowienie
zanox
zap
zapatec
zapchasti
zapomenute-heslo
zapros
zar
zaragoza
Zaragoza
zayavka
zazhi
zb
zbblock
zblog
zbozi
zc
zc989_install
zc_admin
z_csapda
zd
.zdat
zdev
zdjecia
zdjecie
z-donotpublish
ze
zebra
zed
ZedGraphImages
zeitschriften
zeitung
zen
zen-cart
zencart
ZenCart
zend
Zend
ZendPlatform
zenia
zenith
zenphoto
zephyr
zero
Zero
zeroclipboard
zertifikate
zeta
zeus
Zeus
zf
zForumFFFFFF
zg
zh
ZH
zhaloba
zhaopin
zh-cn
zh_cn
zh-CN
zh_CN
ZH-CN
zhengxing
zh-hans
zh-hant
zhibo
zhidao
zhifubao
zhishi
zhizhu
zh-tw
zh-TW
zh_TW
zhuanjia
zhuanti
zhuce
zi
ziel
.Zif
zik
zilla
zimages
Zimbabwe
zindex
zine
zines
zing
.zip
_zip
zip
.Zip
Zip
.ZIP
ZIP
zipcode
zipcodes
zipdownload
zipfiles
zipimport
zipped
zips
Zips
zipsearch
zixun
zj
zl
zlk
zm
zmail
zn
znakomstva
zobacz
zobrazeni
zodiac
zoe
zoek
zoeken
Zoeken
zoekresultaten
z_old
zold
Zombaio_Data
z-omniupdate
zona
zone
Zone
zonealarm
zones
zonghe
zoning
zoo
zoom
Zoom
zoom1
zoom10
zoom2
zoom3
zoom4
zoom6
zoom7
zoom8
zoom9
zoomf
zoomf-search
zoomify
zoomifyViewer
ZoomImage
zoominfo
zoom_minus
zoomon
zoom_pagedata
zoom_pageinfo
zoom_pagetext
zoom_plus
zooms
zoomsearch
zoom_spelling
zoom_wordmap
Zoos
Zope
zopedocs
zoznam
zp
zpage
zpcal
zp-core
zp-data
zph
zpravy
zr
zs
zsa2
zsearch
zt
z-test
z_test
ztest
zTest
z-testing
ztob
zu
zubehoer
zufall
zugang
zugriffe
zulu
zurich
zv
zvents
zw
zWorkingFiles
zx
zxc
zxydat
zz
zz-error
zztest
zzz
ZZZ
zzztest
zzzz
